{"type": "FeatureCollection", "features": [{"type": "Feature", "properties": {"unit": "1.72 - 1.68 Ga granitoids", "category": "Paleoproterozoic", "color": "#f4a6c0", "appearance_age": 1720}, "geometry": {"type": "MultiPolygon", "coordinates": [[[[-111.02499621009302, 30.088759781612175], [-111.05710763776277, 30.049668548402924], [-111.22418043889151, 30.147088822993116], [-111.23242960504739, 30.216921868127837], [-110.96214903577427, 30.396946077012057], [-110.9184347271658, 30.341154920743026], [-110.92553808137681, 30.23778939335125], [-110.86396235651722, 30.206912214111266], [-111.02499621009302, 30.088759781612175]]], [[[-111.2378476564896, 30.42548264670576], [-111.36167948126763, 30.38219274963841], [-111.39844987539442, 30.44740739290789], [-111.24947822707308, 30.52538442828682], [-111.12601788929949, 30.501876995302865], [-111.09966287676338, 30.453681869141555], [-111.14005154728505, 30.40693880115926], [-111.2378476564896, 30.42548264670576]]], [[[-113.80161116615598, 31.990191542916122], [-113.64734906419332, 32.018564224783056], [-113.50005773849036, 31.951710833191893], [-113.26649018474153, 32.03144973402573], [-113.2175425455237, 31.89676269190571], [-113.40592207418135, 31.73808253353205], [-113.36764993373387, 31.6672050942432], [-113.19516304478039, 31.659358357289143], [-113.05869624187787, 31.58727488686842], [-113.28569823000052, 31.578222795608408], [-113.16882710171778, 31.385114998640667], [-113.33422550702346, 31.436771859473883], [-113.38596990422084, 31.601640385506823], [-113.53385916749812, 31.668660311394472], [-113.55086339946985, 31.828078976935124], [-113.66367630918965, 31.799886323246053], [-113.71044224036386, 31.70049679036134], [-113.99972379258132, 31.98872510689946], [-113.80161116615598, 31.990191542916122]]], [[[-114.06367504901922, 32.56203204504823], [-113.82716081786842, 32.46565400391311], [-113.8092903869997, 32.3766474144736], [-113.91296467923328, 32.354633871442466], [-114.20477480645631, 32.47717668353089], [-114.42181742376061, 32.4375589780895], [-114.67294410207225, 32.637096701742756], [-114.64800858419521, 32.76731788063681], [-114.394107711458, 32.73678436948315], [-114.30427361829608, 32.58116519412772], [-114.06367504901922, 32.56203204504823]]], [[[-111.77172311367521, 30.372369074807253], [-111.90342557823647, 30.192912780254105], [-112.0380412828526, 30.25961766075233], [-112.22514465082146, 30.231230714208586], [-112.36558732977244, 30.358124658727682], [-112.48714587904018, 30.384144452517074], [-112.58512533146319, 30.531005289543792], [-111.6776776984371, 30.72673085906037], [-111.72761971179233, 30.844626303142185], [-111.96421068518633, 30.883883248191026], [-112.07124938974914, 31.015882187631675], [-112.08996025460655, 31.11436521252156], [-111.69263379235677, 30.918335839145712], [-111.59898575184376, 30.74829681136046], [-111.42260650062401, 30.668669201303963], [-111.42236215697527, 30.59662300825103], [-111.61904225759521, 30.569966290013745], [-111.77950435121086, 30.452714132122615], [-111.80728307114208, 30.42496207065961], [-111.77172311367521, 30.372369074807253]]], [[[-112.45488054838856, 31.160057808142508], [-112.57192212722146, 31.12788625255286], [-112.71225789356171, 31.00312956272501], [-113.00573111772086, 31.14718100305463], [-112.97541750260314, 31.187626381261843], [-112.87190986240795, 31.14283600965364], [-112.59204124610368, 31.26630997054127], [-112.46317756513913, 31.222380921504467], [-112.42605128332312, 31.191237960608813], [-112.45488054838856, 31.160057808142508]]], [[[-113.32543280207393, 34.0581998750193], [-113.12440329230633, 34.047178992465405], [-112.98333491275336, 34.09231061812471], [-112.96412660989864, 34.06013166356957], [-113.01821479606042, 34.00388922615523], [-113.30133283915615, 33.97492594295723], [-113.47743536030974, 33.87640643870982], [-113.55491047343115, 33.88516215939199], [-113.51424333900644, 33.998572626047036], [-113.32543280207393, 34.0581998750193]]], [[[-117.75448176186477, 34.4085325279174], [-117.73807805273091, 34.371640515472286], [-117.82318508647388, 34.32401062196071], [-117.95988829698054, 34.415807679625615], [-117.913665516301, 34.48070385665435], [-117.75448176186477, 34.4085325279174]]], [[[-113.46657325354039, 35.27925008214362], [-113.31079824402845, 35.292723111288126], [-113.26952041190462, 35.26460164432081], [-113.344577343584, 35.16617035968322], [-113.42058724792956, 35.14397863026352], [-113.53244147101906, 35.260946592954035], [-113.46657325354039, 35.27925008214362]]], [[[-112.54303437901393, 35.24789912793134], [-112.572315240039, 35.20111988700689], [-112.8708915009932, 35.21699641046791], [-112.84094635289496, 35.25844850401852], [-112.61022123990284, 35.29404950890626], [-112.54303437901393, 35.24789912793134]]], [[[-116.56731577236539, 34.84162410999127], [-116.68182844271242, 34.8005417910813], [-116.74344802792055, 34.83945595846746], [-116.62928757048849, 34.88695168428025], [-116.56731577236539, 34.84162410999127]]], [[[-117.95751819070371, 34.966197614405246], [-118.18161359057004, 34.80461321457562], [-118.36322389422627, 34.81067612116194], [-118.46269352692315, 34.88780549653009], [-118.4336702550273, 34.935564249674115], [-118.16218990773082, 34.93597947434223], [-118.02751523390013, 35.02285679153541], [-117.95751819070371, 34.966197614405246]]], [[[-112.2476192983132, 34.05006982875492], [-112.43521583541639, 33.90952633084954], [-112.45533807653324, 33.9406227172422], [-112.28361957184582, 34.26672014521102], [-112.2438618393914, 34.22501212925288], [-112.2476192983132, 34.05006982875492]]], [[[-112.55377614079741, 33.838384858496596], [-112.46588344322517, 33.765078696716955], [-112.49709602107659, 33.69506468958108], [-112.74384626723388, 33.511522184282185], [-112.92363724190109, 33.446373162722324], [-113.14207613795635, 33.16151625366307], [-113.20973478829704, 33.13735160595577], [-113.43055625292891, 33.18172667617965], [-113.71569810149627, 33.16156625077432], [-114.07644786598925, 33.33153941120219], [-114.21822713534193, 33.35090766934991], [-114.35392652571703, 33.305821332609], [-114.43239596442805, 33.179080534681866], [-114.57332441454533, 33.15738108823557], [-114.88571799113518, 33.27190143630551], [-115.07848056519919, 33.3984474092799], [-115.34782047733694, 33.41889515002937], [-115.81992843169427, 33.70439419261184], [-116.37409259013188, 33.855098445950105], [-116.76458714722592, 34.07739192494265], [-117.16338453050167, 34.14976504364874], [-117.65622035397881, 34.36599692997479], [-117.70159678397751, 34.467423626225404], [-117.34380156058347, 34.59336307786922], [-117.146742411832, 34.51421496357402], [-116.78095668427011, 34.23645381056098], [-116.38417500370505, 34.1441080555529], [-116.2816075080636, 34.01158309919111], [-116.09635512903691, 33.92111438544408], [-116.05974656674556, 33.81007723845059], [-116.01019056856497, 33.78969684776256], [-115.93395417709736, 33.81889270372557], [-115.94117898900616, 33.92672256816062], [-115.8256212795771, 33.94518450851074], [-115.70826269751193, 33.823192315552596], [-115.53390847728097, 33.837902223210044], [-115.78281759589503, 33.95634820459829], [-115.6668643582068, 34.05110637702366], [-115.39854298773808, 33.90950539885082], [-115.45816898578342, 33.830426121619666], [-115.31085455643, 33.76735196528979], [-115.15645547363059, 33.5811113448847], [-114.97142917422012, 33.5261198283306], [-114.57485960219368, 33.596378682434626], [-114.4317958083133, 33.433196685161626], [-114.32359154105015, 33.396830125830334], [-114.04019818974729, 33.47000495879802], [-113.95253416923589, 33.57216278350587], [-114.1015376782644, 33.643323775333826], [-114.25764355756293, 33.877439736890366], [-114.54397337940715, 33.87283520017347], [-114.6483335131148, 34.09003695089049], [-114.9511577265136, 34.18047755868996], [-115.06646751156023, 34.31196573784587], [-115.03171947503166, 34.42073693544937], [-114.91398312930181, 34.40465917561853], [-114.76905382485823, 34.28079615511607], [-114.62221068161058, 34.32557840690086], [-114.22784079790283, 34.25654017735609], [-113.94108850379777, 34.27812222581934], [-113.91870497073413, 34.22176442701562], [-114.1052964846114, 34.09553903696071], [-113.91373034557867, 34.02639678998059], [-113.87620550827279, 33.74189482661893], [-113.78429906912719, 33.67422764608713], [-113.65440418406281, 33.69423357478708], [-113.5631937628972, 33.5118537010966], [-113.35344854909225, 33.55971724150455], [-113.32363741410512, 33.4350362358674], [-113.25745106322745, 33.38549707136281], [-113.08937924414903, 33.456591711151475], [-113.04892307429364, 33.56489919409177], [-112.99949735682114, 33.5820167388261], [-113.0230658480072, 33.67284814450017], [-112.73508490963495, 33.66843781488074], [-112.61933285552271, 33.74986061763418], [-112.65693333180016, 33.81625995727521], [-112.55377614079741, 33.838384858496596]]], [[[-115.01771073693757, 33.9622634888682], [-114.89986004474935, 33.94565788172509], [-114.81012461354179, 33.865213616074726], [-114.8856277418082, 33.846375387908815], [-115.0850685946087, 33.90732586319741], [-115.14557756415442, 33.98262337729744], [-115.29125324665662, 34.02228395936363], [-115.38287017564758, 34.14013515096443], [-115.53073117738496, 34.200297481506844], [-115.46749546122696, 34.285876093034815], [-115.351286099937, 34.17372283324757], [-115.19139128773625, 34.16456767461687], [-115.14394592978518, 34.01141726238515], [-115.01771073693757, 33.9622634888682]]], [[[-113.5621288090451, 34.3016811305579], [-113.37731618850715, 34.175600954318774], [-113.69205202642877, 34.076414068713966], [-113.73435014072682, 34.140548495465225], [-113.69948193509873, 34.28756998314377], [-113.5621288090451, 34.3016811305579]]], [[[-115.12381118943615, 34.3466025743674], [-115.21774449351554, 34.26415123360114], [-115.26975880136192, 34.29087966479069], [-115.16980190191532, 34.4027374419275], [-115.12381118943615, 34.3466025743674]]], [[[-113.73381046818716, 34.36654951472049], [-113.80877466573978, 34.344010748426], [-113.8138358438639, 34.427054386491356], [-113.76251904054064, 34.421950736844714], [-113.73381046818716, 34.36654951472049]]], [[[-115.38370725178422, 34.36999195928604], [-115.44285148688223, 34.362569821412194], [-115.39919343502056, 34.48120333557008], [-115.32419566437711, 34.41953733948477], [-115.38370725178422, 34.36999195928604]]], [[[-114.02727050267845, 34.409402200373954], [-113.89915258363037, 34.36472151242525], [-114.09196731923575, 34.3395463011785], [-114.22810336697927, 34.41722995384322], [-114.35995137052451, 34.57961436636766], [-114.36547068666405, 34.675388213687974], [-114.02727050267845, 34.409402200373954]]], [[[-117.66300180200429, 34.54155313409527], [-117.7073623572704, 34.53364357786511], [-117.74628242792426, 34.59899604431013], [-117.96579144257056, 34.694149999693835], [-117.89405775016597, 34.75210224902388], [-117.59051942025458, 34.76602235265395], [-117.57308510909223, 34.72155957430718], [-117.66300180200429, 34.54155313409527]]], [[[-116.69143839538941, 34.506494284717526], [-116.5755346735638, 34.62832670801751], [-116.42308253005092, 34.235307648379454], [-116.69615596484789, 34.2829027828404], [-116.96000848893169, 34.469565271888236], [-117.01544057862615, 34.5602786520667], [-117.0119017902078, 34.7302692595311], [-116.8313219911002, 34.673669307747524], [-116.69143839538941, 34.506494284717526]]], [[[-112.0996232302502, 35.77144668685505], [-112.01031214299837, 35.65732954311241], [-112.06269612878282, 35.606313979449176], [-112.38290400743324, 35.738624083601216], [-112.33739183521287, 35.81168417336117], [-112.0996232302502, 35.77144668685505]]], [[[-113.32102567504714, 35.50303227723396], [-113.18933190901669, 35.45363441587607], [-113.19359138731997, 35.41904823802544], [-113.38481042508708, 35.386708100129646], [-113.39761153052751, 35.433006549422984], [-113.32102567504714, 35.50303227723396]]], [[[-101.47645437726594, 37.68526288792497], [-101.52282887474334, 37.625785573610294], [-101.56961849144905, 37.84348157459236], [-101.43269215518987, 37.822622645699525], [-101.47645437726594, 37.68526288792497]]], [[[-101.16728640877112, 39.24681630124279], [-101.01268650029118, 39.345515770114226], [-100.91998001232727, 39.26707961186011], [-101.11813102245694, 38.992631777244334], [-101.22773854114209, 38.94139768467829], [-101.24563699913068, 39.010390156679684], [-101.16762382316912, 39.1114602865656], [-101.16728640877112, 39.24681630124279]]], [[[-101.45344106333253, 39.61554175151903], [-101.33951827665413, 39.55575691064275], [-100.66684052749126, 39.503414047846476], [-100.53957318410761, 39.44692646744701], [-100.52873586392653, 39.381806868713134], [-100.81255910192104, 39.4583732794067], [-101.01849141104498, 39.38957910094241], [-101.34863213800142, 39.424317829654214], [-101.86659661122748, 39.31289619934732], [-101.9851011453115, 39.30492003815673], [-102.06386886162986, 39.35066725789729], [-101.94330656628095, 39.473043727112646], [-101.45344106333253, 39.61554175151903]]], [[[-109.62333995416697, 38.42057789260223], [-109.53640695044001, 38.453039132447614], [-109.39089098765993, 38.387401407807396], [-109.48108888350016, 38.348260798870406], [-109.62333995416697, 38.42057789260223]]], [[[-109.78958487500293, 38.392810761144005], [-109.88919143383448, 38.37865784622924], [-109.9752970671004, 38.42429500034704], [-109.86073064954856, 38.4430609919785], [-109.78958487500293, 38.392810761144005]]], [[[-114.15281614137754, 40.612652134113794], [-114.07376653935697, 40.60843654203791], [-114.02125724740365, 40.68859167741767], [-113.92551931796716, 40.71341214617897], [-113.42775087944725, 40.33162337771434], [-113.06109065752163, 40.2443985639407], [-113.21253191769709, 40.08619661955868], [-113.06814314852589, 39.93912068594079], [-112.80552184163714, 39.91839269341087], [-112.54863646864452, 39.79327488488545], [-112.41925622222556, 39.79528707049226], [-112.40845379486976, 39.94408254903687], [-112.17581320449135, 39.92160683214597], [-111.91601730530016, 39.818533535429246], [-111.90751155730214, 39.732443442598], [-112.23784386859639, 39.697574374059215], [-112.4438921684283, 39.55705291786774], [-112.41818741437183, 39.47998773455869], [-112.45752766928807, 39.40192436857617], [-112.40094342658179, 39.36258097270931], [-112.39841324149536, 39.275930090871064], [-112.30279307764548, 39.242769652466606], [-112.22967021505198, 39.30719855623066], [-112.13571627048215, 39.10490087926841], [-111.96348130915128, 39.0916334755646], [-111.43169988474433, 39.33791085327115], [-111.11366495130154, 39.15560396313436], [-110.52055890939286, 39.31681924686838], [-110.45341203675453, 39.30085722373242], [-110.45153590019507, 39.25686825162004], [-110.6498199460263, 39.15039397287364], [-111.16391561876003, 39.07595253799467], [-111.2873134222319, 38.95359194460376], [-111.42086771610198, 38.71245957592187], [-111.58325325193063, 38.701168808824114], [-111.88043288822122, 38.90616991465749], [-112.10781308794537, 38.89716490854586], [-112.21797938024277, 38.98963929453849], [-112.59410966599472, 39.01269838311369], [-112.94824692364858, 39.27940795840649], [-113.2007100267475, 39.190563048118236], [-113.19707010252579, 39.10528047647707], [-113.07860513946332, 38.9884940151126], [-113.07867861518592, 38.92664570370765], [-113.13442916393733, 38.8896703997282], [-113.32225393454834, 38.864333552214426], [-113.44016363104693, 38.948481108395185], [-113.54417043402736, 38.9594825378068], [-113.82485084778213, 38.80970277002134], [-113.74035635666641, 38.69752538886904], [-113.93450638644224, 38.63739942339042], [-114.1234302094489, 38.81729810037541], [-114.34890486187061, 38.74277580168417], [-114.44919563295755, 39.00162392902381], [-114.58394929335562, 39.00894515473981], [-114.75412191200144, 38.93204827405365], [-115.13047083294421, 39.05753697676061], [-115.13227686807551, 39.16609500086938], [-114.97364396244956, 39.31057601669893], [-114.97651431597447, 39.39580143673679], [-114.85291993648883, 39.42913955714954], [-114.8984812621735, 39.35591145049377], [-114.73986012631323, 39.3435518985511], [-114.78343607224568, 39.47978466719345], [-114.74557141848139, 39.49448874488365], [-114.66261885029782, 39.49053722749685], [-114.6266849374724, 39.344697867928566], [-114.53770876258795, 39.27413565644827], [-114.18669336610414, 39.31225419104001], [-113.77236229998539, 39.146404102113465], [-113.29992565275471, 39.26477440607023], [-113.30375930856263, 39.32554649953314], [-113.42751524783291, 39.39432538153263], [-114.09118731996567, 39.52235190292944], [-114.42568062365578, 39.5346180544393], [-114.48001188188029, 39.582453861220614], [-113.97887428328936, 39.66839311181496], [-113.97128067333738, 39.70849943087182], [-114.11541610972863, 39.80699953803462], [-114.10471452404438, 39.862194142291855], [-113.77752404578332, 39.8704844413441], [-113.59617089363604, 39.77473942227702], [-113.54335004201046, 39.788382009849805], [-114.10147080226407, 40.1394788155394], [-114.22795966676641, 40.506866999656594], [-114.43439263182883, 40.62036653665423], [-114.28732597410368, 40.69535267394349], [-114.15281614137754, 40.612652134113794]]], [[[-106.28614807718384, 38.51701611018414], [-106.15052104363131, 38.38990393632757], [-106.23290512062708, 38.390165540078485], [-106.37005576876393, 38.500052106854845], [-106.41805420043907, 38.68569773145776], [-106.30243713488606, 38.602498364290625], [-106.28614807718384, 38.51701611018414]]], [[[-107.07842902809071, 38.59496506658048], [-107.05090885376649, 38.55497885862095], [-107.28442889356333, 38.532893644642], [-107.32315730176376, 38.60451000927594], [-107.18149837967242, 38.642648548474774], [-107.07842902809071, 38.59496506658048]]], [[[-106.64347870481771, 38.611330833401034], [-106.6706409709482, 38.56502916285473], [-106.81384540490112, 38.68635393893103], [-106.75960507632053, 38.69568858914437], [-106.64347870481771, 38.611330833401034]]], [[[-102.99175509374, 38.65267066286062], [-102.98958452925038, 38.600462489503], [-103.1931374842663, 38.606082910903055], [-103.22287618328028, 38.839064019216195], [-103.12076709702083, 38.83633824321835], [-102.99175509374, 38.65267066286062]]], [[[-102.3548999376248, 38.98090314532003], [-102.16306612934217, 39.07980031826146], [-101.66318980930816, 39.21629844902878], [-101.578072007336, 39.21644825707514], [-101.58938735177128, 39.12835080036538], [-101.4758159872118, 39.09673552755677], [-101.50016052739458, 39.055038548562294], [-101.8361508556541, 39.014019709930686], [-102.33727294233695, 38.84779766095004], [-102.44361056991546, 38.746301095834426], [-102.51025940259085, 38.4986560016118], [-102.90295168231063, 38.37681007244047], [-102.86654099077059, 38.486334113021], [-102.74233625920138, 38.543107367335125], [-102.69808803645606, 38.627935454462424], [-102.77494962260563, 38.70579547506989], [-102.92793602676986, 38.73413122628626], [-103.08873688910019, 38.90998393707061], [-102.90205015038936, 38.81236425962484], [-102.69950128010561, 38.80584379450043], [-102.3548999376248, 38.98090314532003]]], [[[-99.49176123842338, 40.48936216940059], [-99.50905793674167, 40.432244912076186], [-99.62490937577219, 40.45120593616702], [-99.76065634768896, 40.2316538389926], [-99.93623199973901, 40.17629997803948], [-99.83916535337269, 40.366316122526925], [-99.92438589588934, 40.44051234162748], [-99.58463319274215, 40.65566773339758], [-99.49176123842338, 40.48936216940059]]], [[[-104.33498804735494, 41.91327361226757], [-104.3424914239206, 41.84927843925662], [-104.56449495164924, 41.84242287131233], [-104.45796366294385, 41.943950411301685], [-104.33498804735494, 41.91327361226757]]], [[[-100.4115081265005, 43.11026880298444], [-100.73462763163528, 43.081597701929326], [-100.84023763579296, 43.1019940256274], [-100.9119950160092, 43.18156568406828], [-100.90259999802855, 43.23022501521602], [-100.4115081265005, 43.11026880298444]]], [[[-93.26516930318584, 45.980165518773454], [-93.60731059543136, 45.48456823020158], [-94.10821711172194, 45.166589637250404], [-94.14513274459657, 45.10091427775524], [-94.26294370159526, 45.25274489343617], [-94.40878900255422, 45.25466615868246], [-94.37602151713533, 45.53404321796892], [-94.14545464705539, 45.68247960829678], [-94.11520852905936, 45.7769561453659], [-93.9534297039799, 45.88585704929695], [-93.84319751819493, 46.09870199072305], [-93.45027267913235, 46.199491761995034], [-93.05115509723393, 46.236291692298416], [-93.26516930318584, 45.980165518773454]]], [[[-102.50720099957184, 42.54634024293644], [-102.46500275910378, 42.4809027277658], [-102.51216804781957, 42.437652784007575], [-102.64833402177935, 42.52162027543912], [-102.6051292240858, 42.575176340650415], [-102.50720099957184, 42.54634024293644]]], [[[-100.6837959966909, 42.87435118440549], [-100.40318780861398, 42.73751160247752], [-100.10416265331833, 42.67547805215568], [-99.89485114002856, 42.54460497853023], [-100.25177474601261, 42.66307469767579], [-100.63059677048548, 42.68839845228623], [-100.95565837873895, 42.95518362817062], [-100.85469240285356, 42.96450339185628], [-100.6837959966909, 42.87435118440549]]], [[[-98.73291059175712, 43.008957553683466], [-98.81120230941735, 42.85901332553368], [-98.89847552488531, 42.85696908717125], [-99.51002794405433, 42.992494559954515], [-99.7373492535973, 43.26890991329255], [-99.92281074968135, 43.396075788684826], [-99.90771492768181, 43.61069902312633], [-98.73291059175712, 43.008957553683466]]], [[[-99.5948203990096, 40.97250225518974], [-99.69395585995922, 41.030528429597524], [-99.58761569593777, 41.099460581048376], [-99.42842503234388, 41.025264443831325], [-99.46490472042048, 40.978655885465294], [-99.5948203990096, 40.97250225518974]]], [[[-102.28318264595784, 41.56369891694072], [-102.3536371095033, 41.65587374216298], [-102.32994637604891, 41.71561522647783], [-102.08924809182894, 41.79224260854603], [-102.02738504522173, 41.731323095709435], [-102.07148180026581, 41.58487853992056], [-101.96231608798654, 41.46328632717657], [-102.28426229222588, 41.363741833361985], [-102.2364680436357, 41.4920650480209], [-102.28318264595784, 41.56369891694072]]], [[[-103.63285209915227, 42.27395097291982], [-103.67353027021582, 42.19478026122102], [-103.91239986253672, 42.0930707784745], [-103.93422364922867, 41.869324154323735], [-103.99959762237893, 41.778570188896516], [-104.14574433949903, 41.77161092777456], [-104.17224124293718, 41.92462272286732], [-104.08886547095548, 42.102836967171555], [-104.08874036306706, 42.272772641832816], [-103.95024593611626, 42.35724114482042], [-103.77254979446697, 42.25881567050195], [-103.68972458554813, 42.39071121203349], [-103.63256770006073, 42.35183291325], [-103.63285209915227, 42.27395097291982]]], [[[-100.90259999802855, 43.23022501521602], [-101.21270021727551, 43.1770036644185], [-101.363663724282, 43.062963565723614], [-101.63878309819337, 43.089534696935196], [-101.90299486319964, 43.05191069146776], [-102.20658420476413, 43.229213758589225], [-102.36354753618079, 43.25625612071189], [-102.42284159922703, 43.18962658725995], [-102.38601889216034, 43.12668847583988], [-102.16163948808968, 42.9299465716712], [-102.33346731629216, 42.94836845186909], [-102.43566455645536, 42.87749373088945], [-102.53035489986333, 42.90729606083227], [-102.68355696889341, 42.86356470127531], [-102.71368234884443, 42.718658019033306], [-102.89428551790228, 42.73938362191222], [-102.85899612584272, 42.51559037955455], [-102.89835198683949, 42.48441964223], [-103.12549397416774, 42.58743094046371], [-103.25917376440876, 42.58370261716444], [-103.30253778848241, 42.54557279533354], [-103.24318435396378, 42.40642708665523], [-103.28173579249673, 42.27789806943256], [-103.0149540091668, 42.22318833276424], [-103.1334962123037, 42.085769135158515], [-103.21409575304604, 42.09101788278681], [-103.32117477031527, 42.24223893817098], [-103.4871325443929, 42.26255179382054], [-103.35075412446628, 42.396582747862745], [-103.52862067418104, 42.44172680635759], [-103.44428716251163, 42.60697461411976], [-103.54363741660583, 42.7894903104606], [-103.42041138499248, 42.87576022521233], [-103.38058704358367, 43.022807554247315], [-103.49846585926167, 43.166796897834566], [-103.49877440238598, 43.252290233250804], [-103.36507687324995, 43.32336702386653], [-103.11606131295042, 43.303604960149194], [-102.76329951044417, 43.42165566115055], [-102.69128424665905, 43.612822840897714], [-102.04357403529659, 43.63295001886602], [-101.74092704590518, 43.46359685220972], [-101.64654549433209, 43.46331861259509], [-101.41660461221748, 43.572025237664676], [-101.0467976417641, 43.26495663566491], [-100.90259999802855, 43.23022501521602]]], [[[-105.92507645242235, 39.99863470812321], [-105.94156422457952, 39.93442025347432], [-106.203161815073, 39.80412798427495], [-106.21426372704572, 39.65078544441581], [-106.46279107953248, 39.67902796258231], [-106.60770705685042, 39.770391496717366], [-106.3942234530909, 39.93400749917985], [-106.20637933414524, 39.953308176212985], [-106.03717034207997, 40.05166835622827], [-105.92507645242235, 39.99863470812321]]], [[[-106.70437186372675, 40.29332139017008], [-106.51282004668074, 40.26135846785162], [-106.51659270592249, 40.13744025816645], [-106.75011263811852, 40.04325935282672], [-106.93439699716018, 39.899191703045474], [-107.25767136770327, 39.89820406152686], [-107.13023096364871, 40.08737253755513], [-106.85206585092867, 40.16780869054519], [-106.9165161212948, 40.20690533390684], [-106.90117392431974, 40.25420899363893], [-106.70437186372675, 40.29332139017008]]], [[[-106.06128222260168, 39.515673195123426], [-106.30708797549434, 39.46746964833671], [-106.65555248091368, 39.29535485772596], [-107.50402052580401, 39.393598782078094], [-107.75350708279304, 39.34941202651759], [-108.14898938949885, 39.15586327296677], [-109.46421679087429, 39.31159728854191], [-109.5538991467824, 39.26182919389111], [-109.54040732772089, 39.20916301860148], [-109.25225287762093, 38.91477567197521], [-109.42304089361444, 38.881436996960346], [-109.44696488502701, 38.95119336024363], [-109.62186973026715, 39.07039819278549], [-110.05597788938323, 39.28226278406904], [-110.42012365782188, 39.39465117278572], [-110.9350785447481, 39.72109786888797], [-110.92854093209608, 39.8597618226529], [-110.641488943044, 39.98786231321587], [-110.54729609240839, 40.144521180244354], [-110.63567486509193, 40.19552336018877], [-110.95312237699508, 40.20994635528661], [-110.94718439545687, 40.291876972723394], [-110.87777575414005, 40.36014640010829], [-110.96039006442247, 40.49032936725603], [-110.8478994533479, 40.553113776432475], [-110.6656177882711, 40.562140871352646], [-110.49522349313851, 40.457326920297255], [-110.10085867878948, 40.48795880314764], [-109.83464974071781, 40.43453609107353], [-109.44994585958818, 40.21579805075284], [-109.18032572969207, 39.98665024443407], [-109.05620920545415, 39.94595220370979], [-108.82822325141032, 39.96857468120575], [-108.6606229958815, 39.86716230729714], [-108.38589962379486, 39.853251096403774], [-108.16902627844705, 39.72040604464586], [-107.59996100586208, 39.75114640834896], [-107.38336993296205, 39.84026144360581], [-107.35871361282062, 39.787992332071056], [-107.44428007366403, 39.69929387341508], [-107.36622511491127, 39.621087417442176], [-106.98176164539494, 39.6792251010206], [-106.64080682034262, 39.537744140495874], [-106.13731884766676, 39.61287527338384], [-106.06671076985691, 39.6019062583206], [-106.06128222260168, 39.515673195123426]]], [[[-101.40058862153086, 41.193634920872945], [-101.43242071930231, 40.86899471055003], [-101.65714230539129, 40.928123121311685], [-101.72574712476053, 40.874016523783105], [-101.70961981555058, 40.82567547035755], [-101.2072637016907, 40.434311215497694], [-101.02253697282778, 40.44174251082259], [-100.602805427595, 40.30683889156648], [-100.81272892000962, 40.21176722683041], [-100.89236359180093, 40.10270222739062], [-100.89647189099905, 39.967069679693296], [-100.7983174023261, 39.86156394930316], [-100.92466982648531, 39.8798361405421], [-101.01758692715815, 40.01353007342396], [-101.25139538744277, 40.02141085914937], [-101.42898984410667, 40.15043207127217], [-101.59599249798978, 40.17649854330611], [-101.75001800787126, 40.094047862137415], [-101.88237253927251, 40.091971980011294], [-102.21631090863026, 40.27248844412239], [-102.20322020678925, 40.323581430900234], [-102.08552759023365, 40.384516091781386], [-101.8864964084611, 40.2410518173061], [-101.62411590626634, 40.243902576008054], [-101.45856667515433, 40.4992066624136], [-101.48198094283762, 40.5542726166422], [-101.66347872209923, 40.58569692678905], [-101.87912249668503, 40.55979264568006], [-102.08340978184964, 40.41167041182774], [-102.21908176790308, 40.39124180924708], [-102.3126420890894, 40.29180918238007], [-102.43711510768229, 40.27705311238023], [-102.62941896160781, 40.14896806620895], [-102.75260775247907, 40.20146969524673], [-102.75744480893702, 40.1093896389323], [-102.89287420102771, 40.075116249255004], [-102.96263577539146, 39.96543514828166], [-103.18666726556496, 39.95761082033104], [-103.25810870067679, 39.76700934043121], [-103.33421241062409, 39.90747735872474], [-103.45216791330898, 39.99973193032497], [-103.70201389393914, 39.97230694152036], [-103.85209561743521, 40.01713731082119], [-104.09730741104318, 39.93459519128824], [-104.05628446040544, 39.85910569032239], [-104.08914194658446, 39.71533977845641], [-104.05668096889895, 39.534460728379145], [-104.18236977907587, 39.48871677173842], [-104.05492324862003, 39.42099289926415], [-103.75620074596252, 39.44511274890734], [-103.70333930419773, 39.38394156282414], [-103.72357326400008, 39.26412529612137], [-103.58548855418881, 39.2074698070892], [-103.24042708397616, 39.25794409905598], [-103.09967037373944, 39.37814897867637], [-102.81620297915188, 39.4857804280549], [-102.68817151875994, 39.683082202804606], [-102.60155268914023, 39.737612041514765], [-102.39826366666097, 39.76451696799255], [-102.31623415126177, 39.82061802167683], [-102.05678315768397, 39.772950983550984], [-101.66726384680206, 39.811114434372335], [-101.65217488407839, 39.73999735133123], [-101.73102515072094, 39.684409557875554], [-102.12110999110584, 39.6892001479911], [-102.55662866070843, 39.574371967668796], [-102.48122246673135, 39.46619880994083], [-102.44940657783738, 39.17967248628827], [-102.4958287667762, 39.09421425894257], [-102.71093747515971, 38.98710464364492], [-102.92602688429731, 38.953749142782705], [-102.84971169420527, 39.05887889147657], [-102.8801561518427, 39.126642999670956], [-102.7152850484841, 39.257306530542856], [-102.72605519957129, 39.31712065099283], [-102.78696864510283, 39.32975494132246], [-103.28758816273958, 39.10459277426592], [-103.3221770550705, 39.071703940843285], [-103.2865126969391, 38.95165382142751], [-103.31493409751415, 38.890132375999194], [-103.5081574392674, 38.950154720670426], [-103.66227169184874, 38.848999759188416], [-103.85653485415429, 38.80075304961118], [-104.03990795173131, 38.91583259998168], [-104.25714936462005, 38.82102835061204], [-104.36103517685683, 38.86227883964688], [-104.37816620950082, 38.914499598094565], [-104.2027826053666, 39.24591944239641], [-104.22447186842126, 39.3073258015838], [-104.34456534414082, 39.307562200475], [-104.48224861482667, 39.23858950495866], [-104.59588183437305, 39.29478366503607], [-104.82271410535168, 39.18920574092632], [-104.88494441583785, 39.22236144058418], [-104.92672519349398, 39.36205785303277], [-105.18031862602763, 39.4333998726016], [-105.4450191150678, 39.25497042480124], [-105.39290140658838, 39.175025548561045], [-105.39805147909858, 39.05976916713908], [-105.29147642648857, 39.0475699304355], [-105.28984125920563, 38.89220950193586], [-105.17832302154619, 38.774130480933316], [-105.32538479059772, 38.83897526327596], [-105.49327691694235, 38.828428889288396], [-105.54499602176497, 39.001565250838276], [-105.69894566872836, 39.19130311127778], [-105.5771339191968, 39.09815949214969], [-105.52719734480462, 39.109598704393875], [-105.59992789315731, 39.38451109814074], [-105.71615183679839, 39.32565420388494], [-105.73381711025948, 39.254399313096926], [-105.78130111917426, 39.42986346825248], [-105.95337545890456, 39.62193927616827], [-105.84961414048793, 39.66594286775405], [-105.68414408383707, 39.61240270093274], [-105.34311869280795, 39.649009729454676], [-105.46013385786901, 39.57338471098216], [-105.31603034753255, 39.563109233193906], [-105.20315596621843, 39.48614527539797], [-104.97654512882782, 39.429373228812366], [-104.82702312236697, 39.543953432319206], [-104.47409275549596, 39.61853777456927], [-104.34548914714226, 39.69645260711887], [-104.28334716477507, 39.798229953605336], [-104.29242065430914, 40.02199969110001], [-104.23212457209732, 40.10605797945026], [-104.13796257080973, 40.14849664216874], [-103.87438327057778, 40.100970743039355], [-103.8314555102353, 40.154024795191326], [-103.85652330636309, 40.21992409652897], [-104.01716327816416, 40.214451911033194], [-104.05212800391757, 40.27744282595223], [-103.85772046287826, 40.52178875211417], [-103.76897920303537, 40.384181130789656], [-103.65274703796383, 40.35531363214824], [-103.64413175053586, 40.19224752678654], [-103.50027833335817, 40.144728365043186], [-103.27176261933566, 40.25986817202629], [-102.97031344790106, 40.24541177323897], [-102.59977498972596, 40.54016814501543], [-102.41239944524048, 40.60072333170558], [-102.72558107181999, 40.64797983128443], [-102.74980196334666, 40.69598261999942], [-102.7113224588031, 40.73530344071875], [-101.87854691381251, 40.7507409831834], [-101.88863970135047, 40.792378646861934], [-102.3851682438999, 40.917617184202946], [-102.39326211868905, 41.017993416543085], [-102.51367781897294, 41.12500745881765], [-102.44919574087955, 41.27890179410019], [-102.35031172481185, 41.235777591107826], [-102.17133262488662, 41.29916664092557], [-101.93912431842722, 41.24795879100484], [-101.88595672337013, 41.116664623922155], [-101.81590043817889, 41.068081704380276], [-101.59522314325658, 41.14026421809548], [-101.48576726793975, 41.32248753538981], [-101.40993292588983, 41.28051160840179], [-101.40058862153086, 41.193634920872945]]], [[[-108.72073279500596, 40.12619760283208], [-108.92827000978012, 40.087885907658375], [-108.99464469723611, 40.1103436558196], [-108.7613809772526, 40.267878619782834], [-108.62437743247594, 40.284832098844], [-108.53160099195674, 40.24437684783643], [-108.51525340108743, 40.16924683806438], [-108.57679652404794, 40.11333819501857], [-108.72073279500596, 40.12619760283208]]], [[[-104.47260967314895, 40.10952620222705], [-104.56493028330229, 40.08905634596195], [-104.60825221323941, 40.18366864877999], [-104.56280230772313, 40.340923371992155], [-104.45030182925825, 40.394773681988866], [-104.35201064339195, 40.35243523430843], [-104.26435882804954, 40.19720808040506], [-104.47260967314895, 40.10952620222705]]], [[[-107.1911148503085, 40.281986632419766], [-106.77456132620428, 40.489360853093245], [-106.8033147885233, 40.37341763595446], [-106.89801234729651, 40.311089655370914], [-107.15022396327808, 40.26649756273375], [-107.575173084369, 40.06670450387009], [-107.70043145854929, 40.077288497648524], [-107.54178736236948, 40.208871526544016], [-107.1911148503085, 40.281986632419766]]], [[[-108.75031415981442, 40.749143298421124], [-108.21412302279683, 40.83624161164217], [-107.95781500457426, 40.809560480584366], [-107.51975967409817, 40.85887771410586], [-107.36999012012976, 40.71320131801541], [-107.68338682894579, 40.72951956525843], [-107.83502886933677, 40.6797618544393], [-107.82729392153871, 40.64342196275411], [-107.62351858808292, 40.61500083245663], [-107.57895729567983, 40.55737786203524], [-107.897318483909, 40.59254084951877], [-108.65323575245401, 40.5222165951859], [-108.73725971721485, 40.54480194741119], [-108.85801134586747, 40.71322164213998], [-109.04200235164113, 40.768595080104184], [-108.88093255531895, 40.83254012640601], [-108.75031415981442, 40.749143298421124]]], [[[-102.8847985379076, 40.81665626960665], [-102.89988691479935, 40.65325277659544], [-103.22168558332385, 40.43784671763795], [-103.51872134174077, 40.67620450216076], [-103.00465403312401, 40.98213508242033], [-102.8847985379076, 40.81665626960665]]], [[[-106.96894018796809, 41.058229012644205], [-107.14718827552369, 41.006497765486465], [-107.16297735035444, 40.99907658360058], [-107.08645822259535, 41.07216940278461], [-106.96894018796809, 41.058229012644205]]], [[[-105.23387393278342, 40.65970288526524], [-105.18541709945987, 40.62480830972506], [-104.89838324729413, 40.653106895851515], [-104.78675473846421, 40.577999151054634], [-104.77574936292957, 40.423349537257074], [-104.87652712177696, 40.37305141541186], [-105.12444687323222, 40.40613561411944], [-105.34308254564762, 40.252364206833555], [-105.33765206735752, 40.406577693514556], [-105.64166351665322, 40.52582269802031], [-105.72352579205649, 40.20714931849746], [-105.56749561226682, 40.18107157704465], [-105.55055815518539, 40.07948240864256], [-105.69565776790343, 39.99999135314299], [-105.85364123842052, 40.28826544589363], [-105.76207109285446, 40.49445577797882], [-105.67065493865722, 40.54205868754474], [-105.69799624115863, 40.594838888130965], [-106.22801667367602, 40.551571249343446], [-106.46868183186278, 40.3789043050764], [-106.60477046745413, 40.379081714045206], [-106.63704936237872, 40.44440222126635], [-106.59857684307121, 40.54408839245675], [-106.41699507494867, 40.649205739570874], [-106.21953019260225, 40.84975643797952], [-105.84968624396545, 40.87811888014956], [-105.68130102114043, 40.980341263921225], [-105.45193967291364, 40.91713395547991], [-105.33921533838965, 41.02328600415704], [-105.32731382029324, 41.12650017903996], [-105.2133100454891, 41.174169466212945], [-105.13680134934424, 41.064363188714125], [-105.09801017251142, 41.07670800423354], [-104.97349342747671, 41.377692390512756], [-104.60870581760688, 41.43538983209856], [-104.29838354845216, 41.401411691735476], [-103.87623296392464, 41.61466519627507], [-103.58567351168564, 41.69136740648431], [-103.42779513926055, 42.00770505481613], [-103.36322173212268, 42.04324630823322], [-103.18921552164096, 41.93493963180046], [-103.05545729263912, 41.913800231198614], [-102.75734055223121, 42.14437827453575], [-102.66207555321522, 42.14131969761087], [-102.63501597725505, 42.06229253024021], [-102.55425569814392, 42.06234949645764], [-102.54529907002642, 42.01652658613184], [-102.76964140627943, 41.93521654565966], [-102.87420263331035, 41.835291213536344], [-103.04812837100467, 41.80956290399855], [-103.06762415392056, 41.72231071249247], [-103.28234108674302, 41.670351442466114], [-103.35366188733637, 41.45234515727026], [-103.63913566876968, 41.25603639555234], [-103.33413565124597, 41.30068618264788], [-103.2738243442528, 41.12717619435331], [-103.59398557230338, 40.8591880954955], [-103.85451074150222, 40.84899515250108], [-104.07516900051834, 40.70651991636516], [-104.4829710076194, 40.66439994657489], [-104.74772222648292, 40.75495061196538], [-104.85775377503327, 40.945922770973674], [-105.10822412519873, 40.86876386330203], [-105.18366711757754, 40.90584717369876], [-105.48807517788829, 40.86138100829066], [-105.5770635770359, 40.89867773002766], [-105.67184805257598, 40.84684463888072], [-105.65186422077444, 40.75118925833151], [-105.34072287168975, 40.759309902959004], [-105.18178928314241, 40.825015516102496], [-105.25881597598493, 40.74581526944418], [-105.23387393278342, 40.65970288526524]]], [[[-100.87827688622907, 42.65999154959055], [-100.7690065523296, 42.55797683962857], [-100.72912048283888, 42.30017942374822], [-100.64350571561143, 42.21886598047406], [-100.47122257701916, 42.20501627254224], [-100.3888204373813, 42.113006839837446], [-100.01122355165207, 42.14933374352659], [-99.85629092063951, 42.08629939611004], [-99.85379170094846, 41.94781504864667], [-99.93262661839805, 41.81779688344145], [-99.84581899357477, 41.75686293552655], [-99.87120733495571, 41.672961765932435], [-99.81270915984837, 41.57845590562298], [-99.97757462640541, 41.620573343186855], [-100.04186461225524, 41.578600823213534], [-99.87165649373577, 41.446338571308836], [-99.88304913803391, 41.314149419903856], [-99.93597208598719, 41.27222169863069], [-100.25293807076861, 41.24048451210216], [-100.3690648674918, 41.12685185067599], [-100.69551767165477, 41.02881140586188], [-100.76775802930149, 41.04514108289739], [-100.65814630091992, 41.17173005491305], [-100.38356510433026, 41.23382802756195], [-100.32873772023898, 41.387184804694336], [-100.35981562127877, 41.46473309015492], [-100.41849211728704, 41.47922333357514], [-100.59560615247881, 41.31896319831911], [-100.80684689891508, 41.29459350904819], [-100.86289761739872, 41.11371885871863], [-101.00867657580417, 41.21116277720463], [-101.18683192842256, 41.228350252181514], [-101.26553339886689, 41.273677192544575], [-101.27743433383256, 41.313415267140236], [-101.19781516057358, 41.37302632516948], [-101.29622188950545, 41.558711667664404], [-101.08715633814076, 41.58605845950698], [-101.06317771254619, 41.657624985961185], [-101.12113088395768, 41.77247881904772], [-101.46776176217794, 41.854598938982036], [-101.79183384502713, 41.701028962548065], [-101.93517849828726, 41.71968552841455], [-101.98918794835187, 41.83625903440065], [-102.15807202985368, 41.93601502058797], [-102.1623688747121, 41.9799934526204], [-102.11661261796968, 42.04169005275898], [-101.94936786556482, 42.09500693041815], [-101.96673370539541, 42.29192370599197], [-102.03506879266754, 42.395628758386955], [-102.1513282388042, 42.401896853882214], [-102.22642688921607, 42.524238075647105], [-102.33599678399543, 42.57240436240634], [-102.37053274407312, 42.65980349073752], [-102.29477382220269, 42.68652081017546], [-102.1275250243992, 42.6184240954139], [-101.96154659966167, 42.669638224738605], [-101.59572245476238, 42.48231109366412], [-101.47388332120211, 42.483943026182885], [-101.59946793474418, 42.62911410239922], [-101.58825777546059, 42.74675181870322], [-101.77055171848333, 42.85106759402821], [-101.77355541881853, 42.95591110194448], [-101.5228458468355, 42.865120215646705], [-101.3429470768752, 42.722619076336045], [-101.39403828122447, 42.589839941488705], [-101.24325879730122, 42.57479190858534], [-101.15109224547015, 42.50232598419854], [-101.0523299350477, 42.530549299875574], [-101.10997527950258, 42.74189735546154], [-101.027551953866, 42.74896030501708], [-100.87827688622907, 42.65999154959055]], [[-100.89609442553848, 42.11646103916905], [-101.20702082406049, 42.16606411663104], [-101.34675336803915, 42.10576193817418], [-101.26848284393692, 41.99545287356069], [-100.85230190140886, 41.791573902425085], [-100.73725967500906, 41.78397678610185], [-100.66607085278163, 41.94807433241993], [-100.72895331364457, 42.040012697427784], [-100.89609442553848, 42.11646103916905]]], [[[-101.82607625301418, 36.97831741075213], [-102.14895560160267, 36.99005079789085], [-102.21040922186414, 37.05831731549041], [-102.02634565101262, 37.177845205395435], [-101.82607625301418, 36.97831741075213]]], [[[-102.34998317552326, 37.329665510488326], [-102.40423529420227, 37.30240284214534], [-102.38627431335738, 37.50614616765122], [-102.32510836454702, 37.44079437446837], [-102.34998317552326, 37.329665510488326]]], [[[-102.01819745754665, 37.62323873582681], [-102.18872093429184, 37.573072424406014], [-102.32196029672161, 37.58004261591848], [-102.25264346334559, 37.61112711258418], [-102.01819745754665, 37.62323873582681]]], [[[-102.8117336914409, 37.24821464292022], [-102.79117869806856, 37.21209253466951], [-102.9099416231068, 37.24821904348779], [-102.89433322240552, 37.3068884364968], [-102.6810183983151, 37.50581514822751], [-102.68024703802415, 37.65095548948584], [-102.3857131697199, 37.98322349642535], [-102.42350813555502, 37.8527909595416], [-102.59769023172689, 37.72893374040249], [-102.64059360274062, 37.46033369327685], [-102.8117336914409, 37.24821464292022]]], [[[-102.23927556303096, 38.109817495624505], [-102.19966235969241, 38.04395109302728], [-102.33706332380103, 38.060331104411155], [-102.28199732884453, 38.12802760932183], [-102.23927556303096, 38.109817495624505]]], [[[-101.75479328021724, 38.12852640112458], [-101.73971054668344, 38.04493287399107], [-101.82851798071438, 38.120499862521896], [-102.00457855344139, 38.113146177858596], [-102.0365132209589, 38.22538275212864], [-102.01946535906896, 38.50918675898218], [-102.1215495428975, 38.62222846413321], [-102.08590163482587, 38.711849524533555], [-101.93142083790045, 38.81072743280282], [-101.84666512003488, 38.70345810093606], [-101.91660632504443, 38.55333841835322], [-101.81964417455119, 38.36553265562864], [-101.9054128581033, 38.27828719859177], [-101.75479328021724, 38.12852640112458]]], [[[-114.14980522876456, 36.06625515099379], [-114.26725048140396, 36.04560385476098], [-114.32385384383376, 36.10355767333449], [-114.38435390249622, 36.09063478335099], [-114.61916695934107, 35.70444212394497], [-114.4498708327234, 35.56538072524926], [-114.46136909806765, 35.44401821312069], [-114.38035716659948, 35.452527652178766], [-114.34212158704183, 35.40891303410834], [-114.38799223807878, 35.25941929459731], [-114.55974511790524, 35.30098434846021], [-114.62314323828411, 35.215988105816734], [-114.44092486861004, 35.155642729700816], [-114.42973856159266, 35.09360003741129], [-114.31683984309679, 35.03421350324606], [-114.27041853226521, 34.904707936636704], [-114.37780203283998, 34.71814415528324], [-114.60307765744972, 34.60674161234188], [-114.79163657423949, 34.77355057991625], [-114.88592411243263, 34.79621823740964], [-114.93634574872216, 34.9785517230657], [-114.89341903519603, 35.10790947446008], [-114.72357770148251, 35.18700635387454], [-114.75079649701101, 35.315897163086], [-114.99215903770086, 35.525237615988786], [-114.80734267244802, 35.608488509479585], [-114.90803465149061, 35.7182567261121], [-114.922163497687, 35.842899350890214], [-114.7906838603725, 35.802229212452325], [-114.65060098833258, 35.90871213435592], [-114.73907264682835, 36.04191637105052], [-114.94198776615862, 36.134786877202366], [-114.94808942753014, 36.22886820976406], [-114.7910019245793, 36.2745444640863], [-114.50096612905152, 36.25154468181685], [-114.1657463872766, 36.43306018070577], [-114.04526548447714, 36.57213103499035], [-114.04083032727547, 36.64026462055043], [-113.81643553584065, 36.86930561824996], [-113.81806508264256, 36.772593330141795], [-113.50332020366999, 36.8420689070173], [-113.59139758553185, 36.933658296533466], [-113.86798375442312, 36.96093841420484], [-114.00177288693551, 37.02003496708873], [-113.94187454693218, 37.22135880736951], [-113.61581549605631, 37.10091770350948], [-113.29858278551416, 37.19273871947336], [-113.09604231379824, 37.55621033087631], [-113.0048127563876, 37.60245017114207], [-112.84695615273526, 37.283202141234106], [-113.08835602486268, 36.66646528096455], [-113.34933051286404, 36.562253978600346], [-113.3787808170043, 36.41099026330878], [-113.62486881239359, 36.442879743249684], [-113.65226939413179, 36.39048011343959], [-113.26723895881128, 36.239490448539755], [-113.14646858681849, 36.26240309410079], [-113.04855965411959, 36.36500253006834], [-112.82154055570959, 36.30679469539957], [-112.5655424636859, 36.358939078598], [-112.54848917279502, 36.29888402155764], [-112.67491181058442, 36.24456398619857], [-112.70170757217838, 36.17798412338852], [-112.6000683558873, 36.145591400135025], [-112.53772277640282, 36.018904301729705], [-112.30866555899252, 36.036655155294795], [-112.35918158923393, 35.90751879913445], [-112.54462451400273, 35.89097296236054], [-112.65835986268189, 35.784606555139796], [-112.84489285371116, 35.808185873438354], [-113.03298136178556, 35.68930666716076], [-113.25442365566914, 35.633310381996736], [-113.30464905416424, 35.693169059995405], [-113.15885691698688, 35.85143769412455], [-113.3647513064003, 35.83140453383651], [-113.35067450940419, 35.928974913818294], [-113.43594750412552, 35.94405102571812], [-113.73468603740547, 35.57031746946802], [-113.82728177937452, 35.559421372583984], [-113.9288001947459, 35.62273211273757], [-114.01026720321109, 35.60038032768937], [-114.03511232906177, 35.45012613225791], [-114.04403190112562, 35.54183549109227], [-114.14471828055952, 35.54739330253924], [-114.14217943303554, 35.63000318852786], [-113.93495570930222, 36.01961858676638], [-114.02114103853972, 36.07033110685365], [-114.14980522876456, 36.06625515099379]], [[-114.14980522876456, 36.06625515099379], [-114.1217964087594, 36.085244202134035], [-114.07753120215388, 36.283669218545405], [-114.27978096400201, 36.16407340487001], [-114.14980522876456, 36.06625515099379]], [[-113.71003191718596, 36.11131383422798], [-113.81430110780161, 36.06785445352699], [-113.84208221139087, 35.909796267538454], [-113.78288825153062, 35.85141853082109], [-113.6920459586305, 35.92023982605465], [-113.71003191718596, 36.11131383422798]], [[-113.71003191718596, 36.11131383422798], [-113.6387146722268, 36.02443784521769], [-113.58458244862709, 36.054851401572655], [-113.63432005801863, 36.16842449417004], [-113.78570898829301, 36.201884572644495], [-113.71003191718596, 36.11131383422798]], [[-113.88239757971117, 36.29947449397664], [-114.01460841600931, 36.26565089928463], [-114.01526082437042, 36.16332892531245], [-113.90365150045594, 36.18566739050039], [-113.88239757971117, 36.29947449397664]]], [[[-111.21298349851429, 35.398522399991094], [-111.46024129955485, 35.33111862659892], [-111.65314819765685, 35.151177834525704], [-111.39954702498669, 35.20509270443028], [-111.29374702085148, 35.30351258124572], [-111.00001424586354, 35.39548947310602], [-110.82769150209461, 35.52774832954029], [-110.57865538009388, 35.475703398896016], [-110.54780707486319, 35.41104431129804], [-110.65942301103024, 35.34778865320758], [-110.99411326634234, 35.352532091415135], [-111.09260008204465, 35.28449071706312], [-111.17095343398029, 35.13409323204752], [-110.97675914554931, 35.074893640682376], [-110.92976976781566, 34.979566744846025], [-111.26922218978909, 34.92009544564048], [-111.24911840523995, 34.88551604484309], [-111.05783020873031, 34.88084878742528], [-111.05480887137348, 34.833430313359806], [-111.4041770716882, 34.82600524241399], [-111.30812363053431, 34.93045862673174], [-111.38157108711297, 35.0777751284609], [-111.59192383942532, 34.8669020689576], [-111.81129014778446, 34.83147848118734], [-111.84727168265294, 34.70459928169919], [-112.01931065347303, 34.82765512229887], [-111.87052724392484, 34.98119967236814], [-111.71984121183799, 35.022686436810105], [-111.7721877600355, 35.450751556835456], [-111.48008548771246, 35.77118813011486], [-111.6513207865324, 35.9569153361291], [-111.64805721627313, 36.05558074701037], [-111.47337427909227, 36.19746726362359], [-111.46438840487532, 36.35641442422155], [-111.04189014033769, 36.481277489651426], [-110.86044883951119, 36.63010588693103], [-110.77912565165533, 36.76376512249903], [-110.88853844881082, 36.794057794491856], [-111.22378741624269, 36.74862982225721], [-111.43626435751149, 36.63985753063063], [-111.46132607177077, 36.59832565228203], [-111.40347023193651, 36.514418444923784], [-111.51770999786756, 36.359562759396596], [-111.76303326760551, 36.31264180518398], [-111.79171853579795, 36.35766962602443], [-111.64969220050564, 36.50038621013657], [-111.51389956937113, 36.5112316317039], [-111.54043491368557, 36.65615371586157], [-111.42900693801296, 36.77928294847945], [-111.29810973358143, 36.83736236542411], [-111.24985583079004, 37.02995294486984], [-111.20373087274102, 37.05834372179972], [-110.86930182378951, 37.064616261681905], [-110.85829348753127, 37.01011150484685], [-111.00384779206965, 36.896864274078894], [-110.97291739171287, 36.85686212296687], [-110.7814936588385, 36.891000574855966], [-110.6611932769712, 36.973924586352176], [-110.62458777338344, 37.116086191365916], [-110.6695628533957, 37.221812467574274], [-111.10857768550714, 37.22386201914789], [-111.12669205176715, 37.27134869257308], [-111.06012348392603, 37.376093465119574], [-111.14564426656867, 37.55598162615643], [-111.03198805423145, 37.66523527404143], [-111.04834367270355, 37.73183932735266], [-110.80077581186235, 37.72350904654445], [-110.71953847677885, 37.56942313219048], [-110.94836975434238, 37.476229404261616], [-110.95222904049173, 37.39509527437486], [-110.87490643382549, 37.35309789589078], [-110.69519896968632, 37.389877973874526], [-110.62020545588076, 37.61764445516467], [-110.49613384877638, 37.782920158509576], [-110.62702333807015, 37.950345561181294], [-110.60061759321704, 38.020942153028884], [-110.42764791952811, 37.98354549484322], [-110.13926060932397, 38.08988044726104], [-109.94238800948808, 38.087927920260555], [-109.8965268286531, 38.021088567720355], [-109.94151498789866, 37.95282567850332], [-110.06054544190248, 37.983025854327764], [-110.32462812398576, 37.93211300861269], [-110.31399577524755, 37.72088760605717], [-110.44473442295714, 37.56656601500605], [-110.4366320892728, 37.49784538701549], [-110.28657818819335, 37.43286284313567], [-110.19939530667361, 37.478385182468735], [-110.09512796912563, 37.445758417813344], [-109.95004735229219, 37.58071144073427], [-109.713742664119, 37.58810547633098], [-109.86546060712537, 37.82664114810882], [-109.83174951151435, 37.848438604288866], [-109.67039741886202, 37.6635667321332], [-109.69694689899141, 37.485646823075314], [-109.52272665243989, 37.39266896425934], [-109.26975374584947, 37.45971304280231], [-109.1544639079267, 37.55345640691582], [-109.15942017641929, 37.67060821616506], [-109.30381394829993, 37.76915623228067], [-109.387637322027, 37.7523389941493], [-109.43856512499296, 37.6155517350054], [-109.51703180879903, 37.71912168049716], [-109.18204527735489, 38.030316911255035], [-109.23395238447405, 38.074246432504424], [-109.47790015878672, 38.04454334129472], [-109.55925235910881, 38.15289145676636], [-109.73789998918747, 38.19619996076257], [-109.72828083647386, 38.24375854403992], [-109.58656472629168, 38.25047780760181], [-109.33600254452779, 38.13436280470723], [-108.72557633310683, 38.04893501666699], [-108.58253563366658, 37.90654783054396], [-108.59285721255316, 37.74922789117131], [-108.49256866263877, 37.43591241487069], [-108.56159271090472, 37.33483622978304], [-108.47492667095881, 37.19289989153263], [-108.05487494283474, 37.28822833841792], [-107.98639267050632, 37.247064112245724], [-107.95383929895085, 37.153662654092976], [-107.98132010474488, 37.072648893677425], [-107.85697171912051, 36.98769869220925], [-107.8604619567597, 36.916730977859544], [-107.75099654034828, 36.87539885264051], [-107.86368063534506, 36.8243584553543], [-108.18953088854516, 36.879000130329835], [-108.20711267302264, 36.79076128103879], [-107.94271098722734, 36.634769520020114], [-107.52876441086251, 36.71791319489432], [-107.23867830815298, 36.54323183188921], [-107.62240918766844, 36.317605515265406], [-108.74126569319156, 36.21023449809576], [-108.88661715519157, 36.062321995007764], [-109.27344895310502, 36.011604260564305], [-109.53089699321228, 35.8113266185448], [-109.55370193365232, 35.744681050406896], [-109.47040074129757, 35.71296485200985], [-109.23859125509102, 35.811862149664655], [-109.21687458641507, 35.91808053521422], [-109.13376116171919, 35.95889491482111], [-109.0961315120674, 35.900900656556374], [-109.12626278980173, 35.76758428872639], [-109.37300958173687, 35.54734858186245], [-109.79933728945493, 35.566038568641154], [-109.87806729901207, 35.49607791777756], [-109.99365209011717, 35.24319657252269], [-110.05356605800058, 35.219675539440395], [-110.15948691435504, 35.34424620190393], [-110.02450273739053, 35.38736498390421], [-110.00435363028677, 35.49746657428331], [-109.89857286251892, 35.59619782100931], [-110.05521599562252, 35.65713731178536], [-110.32461739309524, 35.56140235921566], [-110.41216270566014, 35.63705504671111], [-110.68595746791675, 35.69869106389557], [-110.70440346299881, 35.75120794296485], [-110.63582615407587, 35.79568517532433], [-110.40247025055604, 35.846738931342465], [-110.35272112348233, 35.999137281486995], [-110.46873553282296, 36.08809300271044], [-110.74763533414725, 36.16223332238185], [-110.774906521313, 36.21789978174841], [-110.45934551218302, 36.18806370860514], [-110.20076720183063, 36.28070664928506], [-110.19208277235926, 36.20211921632795], [-110.10735252931595, 36.14989223973909], [-110.1494832453428, 36.03785126797043], [-110.07654459098737, 35.92638520183298], [-110.14933734249796, 35.88581281680262], [-110.18073543723315, 35.764140330151584], [-110.06885743504725, 35.80274676196167], [-109.99385091399029, 35.889732102264304], [-109.91752600401601, 35.748014731965405], [-109.81440067122281, 35.72746275137755], [-109.80569727044484, 35.827368359851604], [-109.979082102773, 36.016599507930486], [-109.87097697484366, 36.12747523951682], [-109.8186632815962, 36.29450909449135], [-109.70700443386875, 36.26403091369767], [-109.66276426322807, 36.131392652077274], [-109.60964435149023, 36.13703007105046], [-109.56598612032452, 36.23316622297068], [-109.59446154550724, 36.38433127860668], [-109.24152959361088, 36.457413279666206], [-109.54113981606714, 36.4958140083353], [-109.50588819523054, 36.6614072576638], [-109.57675264692598, 36.78137872315063], [-109.33334129814509, 36.72811656118908], [-109.28464439643878, 36.73328288422457], [-109.27321825379839, 36.80168076264458], [-109.60166734000158, 36.874621083375715], [-109.6952848645948, 36.93707346556612], [-109.69320602481777, 36.998109861226354], [-109.57827348038904, 37.09354476057326], [-109.59311901805209, 37.145266160083814], [-109.66547763431018, 37.15521062976166], [-109.8849129856848, 36.95039371537646], [-109.72084100490456, 36.776195004673454], [-109.84978583358415, 36.78135913156975], [-109.86731272694205, 36.738882826947915], [-109.64440361102817, 36.65281289206989], [-109.63755666141202, 36.53297417454044], [-110.10856011041948, 36.624526805738235], [-109.99077605791813, 36.740382270862014], [-110.01570011989372, 36.7924969695842], [-110.50258721071206, 36.602185671802474], [-110.96960980711037, 36.34320132946741], [-110.94796522578795, 36.234024363441456], [-111.09361424554548, 36.17411976279683], [-110.91939115258411, 36.104703562084126], [-110.90674389075916, 36.063754511363335], [-111.02705576977567, 35.98523631770904], [-110.96125346214039, 35.909928549544404], [-110.98176508551956, 35.87153709490479], [-111.06511776952698, 35.8511611415499], [-111.24255784797819, 35.94673814688084], [-111.30334705650768, 35.925518739828014], [-111.32072039679267, 35.79477447106263], [-111.01148507278117, 35.7017655054777], [-110.93910868444947, 35.56388575921358], [-111.21298349851429, 35.398522399991094]], [[-109.08097535365208, 37.29577863526678], [-109.11647393973662, 37.15574130508122], [-109.03038811356369, 37.130587671647696], [-108.88052483965998, 37.260546707340545], [-108.74956844555963, 37.27760448176174], [-108.69692252809557, 37.33067407845636], [-108.90853398498018, 37.42756893894315], [-108.96551156185924, 37.52442212593806], [-109.031238425676, 37.54250254115228], [-109.15423441780408, 37.45778632783856], [-109.15894363162265, 37.37069170612442], [-109.08097535365208, 37.29577863526678]], [[-108.84604113727663, 36.32969309265931], [-108.74396409852766, 36.274255607394046], [-108.76064785529812, 36.43539397823912], [-108.54820333504132, 36.50787545104448], [-108.7926463992471, 36.59781737760663], [-109.24535691964567, 36.388853319566635], [-109.47176124697145, 36.36611184885364], [-109.49966268635447, 36.2149277541988], [-109.35424032515928, 36.198634168099034], [-109.20893820247043, 36.309324697116566], [-109.20930040265264, 36.236621571544696], [-109.35917031398259, 36.140114231065304], [-109.32247651971423, 36.10788031201796], [-109.00857605093672, 36.18177276284816], [-108.84604113727663, 36.32969309265931]]], [[[-118.71994463571171, 35.789116488554455], [-118.87956980151664, 35.79121300746124], [-119.51720120524317, 36.49013445721766], [-119.63629931778607, 36.791769026133196], [-119.61020953596633, 36.90336766835788], [-119.37854771114606, 36.84823843042503], [-119.23238116190966, 36.643665493396654], [-119.04374946857259, 36.49824037829621], [-118.96834030845952, 36.21177564963871], [-118.71201428725256, 35.95723418877005], [-118.71994463571171, 35.789116488554455]]], [[[-108.44977661387269, 35.81533803596652], [-108.59729384572368, 35.72876874439911], [-108.66584086128393, 35.75773983641938], [-108.40556548833571, 35.93874703198357], [-108.2708254331793, 35.90453958476047], [-108.29817931101283, 35.85294607273842], [-108.44977661387269, 35.81533803596652]]], [[[-106.55056415459063, 36.19218633812805], [-106.45546579962841, 36.05538439262397], [-106.32421165433962, 36.058768802074184], [-106.28130937164485, 36.12050594049833], [-105.92055282500478, 35.97870662917219], [-105.63724128460169, 35.80254037578689], [-105.31646884692687, 35.73641577827655], [-105.13576936570377, 35.76352271289897], [-104.77158046572276, 36.025805520735425], [-104.79036355023605, 35.80676783095772], [-105.84267836687177, 35.44788182924408], [-105.92433830178504, 35.48565292178907], [-105.91060521515669, 35.69593822840577], [-106.0371792929174, 35.71729131909053], [-106.10816508404397, 35.913431657619306], [-106.47012039029353, 35.9630503662856], [-106.74155351345178, 36.21634592979267], [-106.70742373617931, 36.28947739814799], [-106.55056415459063, 36.19218633812805]]], [[[-116.80227334223052, 35.91312640389321], [-116.59220381215675, 35.64065852704249], [-116.62214318742036, 35.58605854565183], [-116.7193689704833, 35.56455534677091], [-116.60202443788515, 35.48493218373636], [-116.68503324743817, 35.46001670068173], [-116.9040988359083, 35.508488991224844], [-117.0244616528477, 35.42214468299597], [-116.97079160700626, 35.38399406912785], [-116.65829396298994, 35.4222349759062], [-116.46646578455051, 35.31687268794935], [-116.45970692782764, 35.21385174430663], [-116.56880655419151, 35.17447167197226], [-116.51898963461875, 34.998765886387496], [-116.55133237734726, 34.955948512158216], [-116.70701106894265, 34.963538372014824], [-117.03062563779824, 35.11071667986391], [-117.33599001263293, 35.144757337335236], [-117.48516782210389, 35.10952632363267], [-117.72695998841843, 35.13877653784663], [-117.7817309031401, 35.187263630818634], [-117.57966755444737, 35.22976662040329], [-117.2930491842974, 35.44073737057263], [-117.24166231553012, 35.66811276114176], [-117.13802108429562, 35.751196412312], [-117.22229926623115, 35.852548214830705], [-117.09767908034648, 35.82904361899503], [-116.95244502532852, 35.915106638577235], [-116.80227334223052, 35.91312640389321]]], [[[-117.68661807681197, 36.17856631853162], [-117.59903000439796, 36.015257852943954], [-117.34851924573113, 35.841925747107595], [-117.31257647267695, 35.5259332551246], [-117.47875601343728, 35.43745664735213], [-118.06322195310692, 35.29104105899717], [-118.17925690317185, 35.30854868134902], [-118.17748966258358, 35.43614610640931], [-118.42989128698557, 35.71234345338932], [-118.42360593932115, 35.89335789359525], [-118.35295469490714, 35.931515777281575], [-118.209665523974, 35.898981281706796], [-118.14902649134203, 35.75043656384853], [-118.01722332178385, 35.707229116813025], [-117.94403679369375, 35.57273839731854], [-117.8493408850299, 35.56522314982211], [-117.77546347510905, 35.64881200949193], [-117.78841102261693, 35.80985080968689], [-117.55379682469479, 35.81728686343219], [-117.59428553331315, 35.895785226467055], [-117.78523570044345, 35.95254780645402], [-117.90706192917898, 36.253839672607725], [-117.85773769564588, 36.28231613488655], [-117.77903943381608, 36.17913756107444], [-117.68661807681197, 36.17856631853162]]], [[[-115.05364471074945, 35.70667442294559], [-115.20543297798696, 35.65375766746514], [-115.49720428457415, 35.8229199567636], [-115.67832323767873, 35.8286019962067], [-115.89365814734612, 36.02166081779708], [-115.85868644209162, 36.298181093626326], [-115.71034841730408, 36.331656845050475], [-115.13558499453885, 36.139470120944615], [-115.26390176396421, 35.96695020589794], [-115.03646632884468, 35.85539332148257], [-114.99579602014806, 35.7757904922976], [-115.05364471074945, 35.70667442294559]]], [[[-110.81932544490444, 35.896664605961405], [-110.85911525899282, 35.888922925476294], [-110.88467797488724, 36.07303254600774], [-110.74419348244754, 36.09243482288221], [-110.72204990454125, 35.99750151646088], [-110.81932544490444, 35.896664605961405]]], [[[-117.46228523387136, 36.40498371771671], [-117.43761080713762, 36.16475800696924], [-117.64242597872436, 36.315681173502064], [-117.67294754889153, 36.58784283641464], [-117.60885585212817, 36.66706825645383], [-117.41055129697574, 36.54292828871022], [-117.46228523387136, 36.40498371771671]]], [[[-104.69353689739046, 36.73737986751282], [-104.72393659469641, 36.46097497805194], [-104.98644171828194, 36.81780539396445], [-104.84287686600528, 36.81631145392152], [-104.69353689739046, 36.73737986751282]]], [[[-106.74457142076567, 36.073906366799946], [-106.8613911616733, 35.98056791037145], [-106.91028594575934, 36.02749131018735], [-106.85354098546732, 36.17942047543502], [-106.74457142076567, 36.073906366799946]]], [[[-106.83697873907128, 36.419976665643524], [-106.98900657564688, 36.357750617439315], [-107.03713478599387, 36.42090926649227], [-106.98748139185854, 36.48460065348471], [-106.83697873907128, 36.419976665643524]]], [[[-117.13745968065403, 36.78186322504703], [-117.09775920518297, 36.79587584605489], [-117.04760895697184, 36.7088781403491], [-116.79057031567314, 36.51805270226914], [-116.84385623840292, 36.50320878447295], [-117.30159815296956, 36.74416439932484], [-117.25130444643283, 36.79940350221022], [-117.13745968065403, 36.78186322504703]]], [[[-114.65822888599926, 36.98666314160141], [-114.57578888858092, 37.031555182488034], [-114.50252225975568, 37.008977303908196], [-114.40053909478611, 36.92639738106009], [-114.38902249080728, 36.857410257341584], [-114.45676428668182, 36.82554347465242], [-114.84196973094356, 36.872235906867], [-114.84765776117969, 36.95292620135091], [-114.65822888599926, 36.98666314160141]]], [[[-114.96034650625683, 36.64735654916032], [-114.77707228308566, 36.62937604288108], [-114.77913526202875, 36.56978968960551], [-114.85580362716439, 36.51589936696058], [-114.83822634277236, 36.399513440759804], [-115.1096557005346, 36.51222486840615], [-115.12062926677046, 36.65284287721891], [-115.04863816415065, 36.69528189634905], [-114.96034650625683, 36.64735654916032]]], [[[-112.49795878789749, 36.47724723997271], [-112.75497259712701, 36.48728653105438], [-112.69442044055448, 36.755482175820596], [-112.88030856310837, 36.80566375450951], [-112.62910692083983, 37.084573858508236], [-112.5526036100056, 37.06478624571506], [-112.46623471443145, 36.94061622419719], [-112.4973130647702, 36.69342635953251], [-112.46029359729764, 36.49940366629249], [-112.49795878789749, 36.47724723997271]]], [[[-107.54061493589971, 36.785265955902716], [-107.65226740411534, 36.79347742862102], [-107.6659360763908, 36.8482122434614], [-107.61113829390233, 36.83065292926245], [-107.54061493589971, 36.785265955902716]]], [[[-119.61185765231994, 38.1980947026966], [-119.42497422036244, 37.9078409420045], [-119.14913911210478, 37.655223081166454], [-119.04707419246888, 37.59001112890903], [-118.88445978835837, 37.569864970261655], [-118.71581367139683, 37.43777962606012], [-118.68104729884966, 37.36359353862523], [-118.72999982139251, 37.22577122159287], [-118.65139967428735, 37.08889721001494], [-118.41718952177179, 36.999552659671494], [-118.2856915718161, 36.895813052749084], [-118.21906637432483, 36.78910703005731], [-118.14059926096311, 36.40229900929549], [-117.96663803080686, 36.08528129317372], [-117.98279717729292, 35.905744382302295], [-118.30695719314434, 36.146642363741705], [-118.56614749219148, 36.42680592822487], [-118.97346565769587, 37.04586284128793], [-119.3842158757664, 37.28103134214858], [-119.4280844060446, 37.39824598062682], [-119.68411659813802, 37.546180917204616], [-119.77553468969553, 37.70735331709167], [-120.03566558311948, 37.82866976739764], [-120.23675611357308, 38.09211630645077], [-120.13103862862756, 38.18594394524321], [-119.82977670418184, 37.969817761615715], [-119.66299152304322, 37.914124042446986], [-119.87143222886776, 38.22958182210894], [-119.79676425845685, 38.307870961350226], [-119.61185765231994, 38.1980947026966]]], [[[-104.89180803238378, 37.04864445553328], [-104.93192945381479, 37.02648012170059], [-104.97668445381575, 37.209715171949284], [-104.86123171296212, 37.120372061244204], [-104.89180803238378, 37.04864445553328]]], [[[-117.91751356879917, 37.333006915863294], [-117.88312012173455, 37.18429038972496], [-117.9448734091911, 37.12674065818412], [-117.98786121928904, 37.302006796115975], [-118.03488498531944, 37.26985561608792], [-118.05710948650676, 37.36374616350251], [-117.97577478560726, 37.41409366402396], [-117.91751356879917, 37.333006915863294]]], [[[-117.67573609525213, 37.366555073272735], [-117.6547269227867, 37.35467896552735], [-117.40636900742228, 37.16969386823787], [-117.679896225822, 37.22300830547217], [-117.75790562536541, 37.30996971802244], [-117.67573609525213, 37.366555073272735]]], [[[-108.26963414493446, 37.40143732712191], [-108.34884633159069, 37.31905950423567], [-108.43949432830368, 37.40647204374407], [-108.34159941938039, 37.39171513331909], [-108.26963414493446, 37.40143732712191]]], [[[-106.19825778552398, 37.53150547944575], [-105.93557953932988, 37.50897906023268], [-105.79759742189502, 37.458136646130164], [-106.01358608984829, 37.44297662265725], [-106.15014579661346, 37.29886192867154], [-106.22302163204168, 37.306579269418144], [-106.42032004845511, 37.480644859184075], [-106.3157233699491, 37.55197895487916], [-106.19825778552398, 37.53150547944575]]], [[[-104.53030726030995, 37.39234901196743], [-104.78798040924661, 37.22714249446201], [-105.03499133251147, 37.301717256123986], [-105.06540680316964, 37.35009116815868], [-104.85720094333459, 37.406250532312086], [-104.85476351313532, 37.467849162281965], [-104.91194983195913, 37.50647801724433], [-105.11454701866296, 37.46468237823274], [-105.12694544453313, 37.608810710949804], [-105.02668086920845, 37.65793609986712], [-104.81131019930292, 37.56700418270546], [-104.57808707659936, 37.56989308785706], [-104.45710591927649, 37.48483474027075], [-104.53030726030995, 37.39234901196743]]], [[[-116.96606962608222, 38.028709628563746], [-116.82199240050336, 38.02946120235393], [-116.58302605432337, 37.90732362255032], [-116.43865565295152, 38.09599514137454], [-116.23305275666836, 38.01935737312364], [-115.90109715456458, 38.03355409574392], [-115.96283439277087, 38.15164929047293], [-115.71036744399287, 38.199858715873816], [-115.69493193944123, 38.42600317274333], [-115.5762455137241, 38.60147939921009], [-115.64652725341878, 38.689178279029505], [-115.90111075958475, 38.70848896976199], [-115.92299434836588, 38.78799123262338], [-115.85646288897333, 38.82676871427804], [-115.55741558237712, 38.849979647233674], [-115.27015951989557, 38.49449706474517], [-115.4700361301293, 38.34626128395762], [-115.41222135179619, 38.22545758182719], [-115.64557728975011, 38.10879071671724], [-115.54798140537297, 37.96138399004669], [-115.58820550603623, 37.875074071477236], [-115.85506003423909, 37.82815427120966], [-115.96839147351585, 37.7026247480747], [-115.89713395462405, 37.5975261756281], [-115.67225418663924, 37.59316909870133], [-115.61040441813152, 37.54148161940032], [-115.88214291655277, 37.492911596532], [-116.00155167010719, 37.38524190566418], [-116.03744664086061, 37.17577990545043], [-116.42278129351077, 37.14289193655246], [-116.3903839541276, 36.973681574974684], [-116.10351016539818, 36.84221996876202], [-116.0889870184346, 36.7629150105344], [-116.13262630032152, 36.74261378070412], [-116.40002076845306, 36.78735275261256], [-116.56815255760337, 36.73087770237849], [-116.68349186586057, 36.76711298559595], [-116.73974857177329, 36.70819562732249], [-117.053069843324, 36.90402916830059], [-117.10387744811413, 36.89954613006458], [-117.1020360306522, 36.814531767436165], [-117.35502134756024, 37.02745149599015], [-117.01226550831899, 36.996383372200285], [-116.87260792377772, 37.03927488433715], [-116.8604665435916, 37.14163296388575], [-117.06585128930567, 37.23934073873105], [-117.06454498409828, 37.375679318113434], [-116.78564960770991, 37.2867125701406], [-116.67471467917288, 37.31912227876103], [-116.65811802132171, 37.39167146186182], [-116.8272244736052, 37.50627579899133], [-117.13090522181636, 37.56596911867926], [-117.23667856788066, 37.827349694901535], [-117.49374551237736, 37.862060761109205], [-117.64851922960364, 37.974346628124614], [-117.21246726595119, 38.23942691488641], [-116.96606962608222, 38.028709628563746]]], [[[-118.21242488291918, 37.592181817381736], [-118.1781455023784, 37.56555490544754], [-118.22564585874285, 37.4774892546378], [-118.33001138882392, 37.5573649754313], [-118.28191882642113, 37.612995667821686], [-118.21242488291918, 37.592181817381736]]], [[[-117.27990316653641, 37.42862126381767], [-117.30687813117486, 37.4236920346822], [-117.5775885222488, 37.54067437466043], [-117.4464512139376, 37.583981534383874], [-117.22247259877132, 37.50361145125714], [-117.21931397588271, 37.45212982666371], [-117.27990316653641, 37.42862126381767]]], [[[-111.91849758083251, 37.596844893395954], [-112.04113449546506, 37.285675874964625], [-112.24102627724994, 37.134530291588774], [-112.25147632286763, 37.2180167961191], [-111.95526017466945, 37.924037194016535], [-111.90972659827418, 37.91231160088956], [-111.88459553946389, 37.82506163492079], [-111.91849758083251, 37.596844893395954]]], [[[-112.89304313311689, 38.560318797791695], [-112.52664099907147, 38.48538788624679], [-111.99117325036836, 38.58893399910467], [-111.74812064004912, 38.46591841222832], [-111.90937140047609, 38.27145743389949], [-112.15227090065794, 38.17312052043878], [-112.19805105615264, 38.20139902304024], [-112.12354414577888, 38.337392429165064], [-112.30571108189788, 38.39035261849135], [-112.42227909129869, 38.36271950543853], [-112.43512365087294, 38.30891933713431], [-112.32327087102928, 38.11473069334531], [-112.4342249029263, 38.07667092920116], [-112.73852916628125, 38.17801650305932], [-112.65134253062544, 38.05951189148463], [-112.70568857728477, 37.969069674532676], [-112.87141907437554, 37.89889169487654], [-112.902709237423, 37.982834468466024], [-113.01040213306248, 37.9928798580784], [-113.08415041559294, 38.06719246922004], [-113.414551783611, 38.01530817889136], [-113.43794218792067, 37.87994954805056], [-113.29193480570929, 37.820040315401975], [-113.51547948183301, 37.79180098618662], [-113.55118907601431, 37.65269438121399], [-113.88353706797649, 37.51563272603545], [-113.95413121190887, 37.37230366766638], [-114.3042203564021, 37.24015155307435], [-114.90865974103507, 37.132608554278626], [-114.92117530791748, 37.194848193584534], [-114.75406070743801, 37.31032666676424], [-115.04824593700154, 37.3699453813274], [-115.0654336797545, 37.51051678281992], [-114.62600265763707, 37.66811874385296], [-114.27237696257835, 37.72867002655379], [-114.18240872500652, 37.80020894035752], [-114.15986778054199, 37.909937622525], [-114.3204934422574, 37.97263001199142], [-114.87854902768912, 37.83097058652804], [-115.08791698572078, 37.8264614168161], [-115.13993957518034, 38.05017473399754], [-115.06104036610101, 38.1560539138084], [-115.04578698741722, 38.27744646804096], [-114.32232785022889, 38.334228500060696], [-113.9432630225661, 38.24222769148214], [-113.77700201032864, 38.323223348294505], [-113.47069645632246, 38.34873758885644], [-113.18500087334195, 38.520176845981375], [-112.89304313311689, 38.560318797791695]]], [[[-110.13586270621268, 38.97346962839088], [-110.08778980966409, 38.80225613116704], [-109.83446251463764, 38.75046266843554], [-110.04457004355173, 38.54105729161332], [-110.26003303893924, 38.46453484447877], [-110.8808795457646, 38.54602601921818], [-110.98573248542466, 38.467213922059884], [-110.9598694021235, 38.40732970762775], [-110.81088011131912, 38.41477513258453], [-110.74468745774612, 38.46731896374966], [-110.72256310297085, 38.4098605800163], [-111.00465387631849, 38.29153903382078], [-111.07062085615857, 38.16552345204294], [-111.1398656299706, 38.1834923622], [-111.20523835100634, 38.31003172581407], [-111.3018644760702, 38.289160641735194], [-111.23060292989418, 37.96483930122468], [-111.31147130490479, 37.76516178152075], [-111.50014547629098, 37.677810382353584], [-111.32505409602778, 37.50482274050109], [-111.47858418447312, 37.48652646807897], [-111.6711135735624, 37.285513906081064], [-111.57263838569719, 37.178013085862624], [-111.74122524177615, 36.92957295309295], [-111.9336982199181, 37.16930039448312], [-111.78857680280612, 37.363030068424266], [-111.71205842566376, 37.6108603589517], [-111.47061986625837, 37.895011218677645], [-111.5137956473006, 38.12243507090916], [-111.40129917434274, 38.503226240890854], [-110.96605195292545, 38.82645464722026], [-110.25078553947368, 38.996443405689234], [-110.13586270621268, 38.97346962839088]]]]}}, {"type": "Feature", "properties": {"unit": "1.80 - 1.76 Ga juvenile arcs", "category": "Paleoproterozoic", "color": "#f4a6c0", "appearance_age": 1800}, "geometry": {"type": "MultiPolygon", "coordinates": [[[[-118.37340937789507, 35.00855704208296], [-118.25849121033743, 34.918493616953356], [-118.4336702550273, 34.935564249674115], [-118.46269352692315, 34.88780549653009], [-118.43074220432248, 34.8496391623519], [-118.26641536732956, 34.791464832154496], [-118.13974461348297, 34.823790272596014], [-117.69214367809076, 34.48507143220255], [-117.65622035397881, 34.36599692997479], [-117.42108205949572, 34.260135403007965], [-117.46793183665535, 34.16175337016178], [-117.87011807875913, 34.19590556594682], [-117.90397579596127, 34.26589773387903], [-118.12828415307723, 34.31411172598551], [-118.34876702419713, 34.45421381637929], [-118.49378191330908, 34.386653705192835], [-118.61527388689404, 34.51893289097704], [-119.08470512160542, 34.66143100283398], [-119.17546666986273, 34.78005178007304], [-118.73340528365843, 35.21408714371416], [-118.59754210911484, 35.180256400118836], [-118.37340937789507, 35.00855704208296]], [[-117.75448176186477, 34.4085325279174], [-117.913665516301, 34.48070385665435], [-117.95988829698054, 34.415807679625615], [-117.82318508647388, 34.32401062196071], [-117.73807805273091, 34.371640515472286], [-117.75448176186477, 34.4085325279174]]], [[[-110.93530634799555, 34.77019879876792], [-111.24576260597534, 34.64478923574449], [-111.33124862893075, 34.814732804712094], [-111.05480887137348, 34.833430313359806], [-111.05783020873031, 34.88084878742528], [-111.24911840523995, 34.88551604484309], [-111.26922218978909, 34.92009544564048], [-111.05598580825081, 34.976877957088774], [-110.93530634799555, 34.77019879876792]]], [[[-111.32261997658048, 34.91226115791151], [-111.35630443949879, 34.885235655561324], [-111.40326025382554, 35.07430777606821], [-111.31919746382358, 34.985513308957685], [-111.32261997658048, 34.91226115791151]]], [[[-111.23358162189784, 35.318766711812586], [-111.39954702498669, 35.20509270443028], [-111.50649692466531, 35.185351174184596], [-111.53376095538346, 35.286646437255904], [-111.46024129955485, 35.33111862659892], [-111.25169539526823, 35.38183548465093], [-111.23358162189784, 35.318766711812586]]], [[[-111.6513207865324, 35.9569153361291], [-111.48008548771246, 35.77118813011486], [-111.67016364634617, 35.615813992851365], [-111.76427896063161, 36.225673979564576], [-111.6512365420521, 36.30283013923257], [-111.48340671874114, 36.1799182586178], [-111.64805721627313, 36.05558074701037], [-111.6513207865324, 35.9569153361291]]], [[[-107.14498376706729, 36.48646384923208], [-106.98900657564688, 36.357750617439315], [-106.83697873907128, 36.419976665643524], [-106.70742373617931, 36.28947739814799], [-106.72876805361635, 36.170140749420526], [-106.53737310731701, 36.002241801533486], [-106.40648572183716, 35.952193780048056], [-106.1678442076116, 35.95163823673187], [-106.08104636532781, 35.832271294674406], [-106.26953463470873, 35.803129775777485], [-106.57323522969246, 35.926393555232515], [-107.22220968124176, 36.533266083119216], [-107.14498376706729, 36.48646384923208]]], [[[-109.31014451202913, 36.83450451610832], [-109.28464439643878, 36.73328288422457], [-109.5835774447206, 36.770238357735515], [-109.82563362011342, 37.00166835671448], [-109.63489679859512, 37.161694533814114], [-109.57827348038904, 37.09354476057326], [-109.69320602481777, 36.998109861226354], [-109.6952848645948, 36.93707346556612], [-109.60166734000158, 36.874621083375715], [-109.31014451202913, 36.83450451610832]]], [[[-108.45184841897634, 35.78641271965373], [-108.45954992941795, 35.77496053627143], [-108.50363941955139, 35.791264618833615], [-108.44977661387269, 35.81533803596652], [-108.45184841897634, 35.78641271965373]]], [[[-108.51766890446778, 36.22305267879107], [-108.47590207011932, 35.89765999165654], [-108.55977837696707, 35.83076399341992], [-108.82904957337063, 36.13015058244933], [-108.74126569319156, 36.21023449809576], [-108.51766890446778, 36.22305267879107]]], [[[-110.11033168647798, 36.4511270465056], [-109.83197282639324, 36.257691466516754], [-109.87097697484366, 36.12747523951682], [-109.94941471212384, 36.052151125881885], [-110.19208277235926, 36.20211921632795], [-110.20076720183063, 36.28070664928506], [-110.26690737900998, 36.24986383362525], [-110.59935293888067, 36.54656142690009], [-110.32029509093931, 36.66171787575988], [-110.11033168647798, 36.4511270465056]]], [[[-112.8615372794403, 38.65688215316695], [-112.89304313311689, 38.560318797791695], [-113.18500087334195, 38.520176845981375], [-113.35501140954727, 38.4155837536833], [-114.59586150333328, 38.556287061994176], [-114.76005126333816, 38.63423368548531], [-114.80373280932339, 38.81926736995606], [-114.75412191200144, 38.93204827405365], [-114.50785990828498, 39.01986582932008], [-114.40616585997077, 38.96792466647982], [-114.34890486187061, 38.74277580168417], [-114.1234302094489, 38.81729810037541], [-113.93450638644224, 38.63739942339042], [-113.74035635666641, 38.69752538886904], [-113.82485084778213, 38.80970277002134], [-113.59416481232564, 38.942544325403055], [-113.49689376197072, 38.96628808265154], [-113.32225393454834, 38.864333552214426], [-113.2096323107219, 38.85655278371222], [-113.07867861518592, 38.92664570370765], [-113.07860513946332, 38.9884940151126], [-112.94084997769689, 38.8661495382275], [-112.8615372794403, 38.65688215316695]], [[-113.43259864374224, 38.63633365405383], [-113.43548968990844, 38.54764889583001], [-113.38117189978743, 38.54052737483377], [-113.16667281779645, 38.60201064884326], [-113.10515844463939, 38.68247703093258], [-113.13042501989298, 38.826474757081506], [-113.35115341149705, 38.74470596446151], [-113.43259864374224, 38.63633365405383]]], [[[-110.33910037027644, 39.36024955679656], [-109.71739509950132, 39.11914109056104], [-110.11894766641196, 38.89816291256895], [-110.13586270621268, 38.97346962839088], [-110.25078553947368, 38.996443405689234], [-110.96605195292545, 38.82645464722026], [-111.35073007566513, 38.557606027928635], [-111.42086771610198, 38.71245957592187], [-111.23572421082298, 39.02360715920405], [-111.16391561876003, 39.07595253799467], [-110.8851633092989, 39.094057391955005], [-110.51554986683632, 39.189711837296734], [-110.45153590019507, 39.25686825162004], [-110.45341203675453, 39.30085722373242], [-110.52055890939286, 39.31681924686838], [-111.11366495130154, 39.15560396313436], [-111.26452732292967, 39.24505199641199], [-111.05628569413953, 39.390596466677465], [-110.66856494934568, 39.56225367413798], [-110.33910037027644, 39.36024955679656]]], [[[-102.8381774615137, 41.041547178447885], [-102.8847985379076, 40.81665626960665], [-103.00465403312401, 40.98213508242033], [-103.44149227151307, 40.71114980997121], [-104.3220371655928, 40.31286038249134], [-104.383142892, 40.379358970840684], [-104.49839268782041, 40.38841295091863], [-104.56280230772313, 40.340923371992155], [-104.60825221323941, 40.18366864877999], [-104.69374315539875, 40.25924125648827], [-104.90607151929139, 40.29424741815356], [-105.38693454769125, 40.15817374832186], [-105.36309835890673, 40.24581661976456], [-105.23511965178345, 40.297770957185215], [-105.17185139250601, 40.391656887293934], [-104.78913854784471, 40.40481104522285], [-104.6579960590399, 40.5281995480596], [-104.59189789988729, 40.681466453106104], [-104.20380351919518, 40.685038233401016], [-103.93936633893816, 40.78318582751131], [-103.72570044829295, 40.744201957814504], [-103.5427980573835, 40.77919804718422], [-103.00137734377483, 41.13634265100032], [-102.89106476085095, 41.13017236828388], [-102.8381774615137, 41.041547178447885]]], [[[-108.65323575245401, 40.5222165951859], [-107.897318483909, 40.59254084951877], [-107.57540186693153, 40.526009207237074], [-107.78078898262815, 40.33321072268225], [-108.6208181316999, 39.864241314521614], [-108.82822325141032, 39.96857468120575], [-109.05620920545415, 39.94595220370979], [-109.18032572969207, 39.98665024443407], [-109.44994585958818, 40.21579805075284], [-108.80505254081575, 40.67585318569389], [-108.78478048720014, 40.59118653985107], [-108.65323575245401, 40.5222165951859]], [[-108.72073279500596, 40.12619760283208], [-108.57679652404794, 40.11333819501857], [-108.51525340108743, 40.16924683806438], [-108.53160099195674, 40.24437684783643], [-108.62437743247594, 40.284832098844], [-108.7613809772526, 40.267878619782834], [-108.99464469723611, 40.1103436558196], [-108.72073279500596, 40.12619760283208]]], [[[-104.08874036306706, 42.272772641832816], [-104.1295205964755, 41.99696155496208], [-104.37200845188892, 41.761438449949424], [-104.85710745708475, 41.58087688590297], [-105.21587116635287, 41.533435828401174], [-105.25573639683552, 41.734551005813266], [-104.21171532372244, 42.402137844804486], [-104.08874036306706, 42.272772641832816]], [[-104.33498804735494, 41.91327361226757], [-104.45796366294385, 41.943950411301685], [-104.56449495164924, 41.84242287131233], [-104.3424914239206, 41.84927843925662], [-104.33498804735494, 41.91327361226757]]], [[[-106.99815070335113, 39.32089339805031], [-107.51793069945808, 39.29394379646423], [-107.75350708279304, 39.34941202651759], [-107.36967082184051, 39.39570878508864], [-106.99815070335113, 39.32089339805031]]], [[[-105.90789711921646, 39.74830613458803], [-106.10410963700681, 39.60772213294896], [-106.64080682034262, 39.537744140495874], [-106.7262216880454, 39.54913064129394], [-106.82142436651738, 39.63820974051309], [-106.5348142330846, 39.73631373421921], [-106.46279107953248, 39.67902796258231], [-106.21426372704572, 39.65078544441581], [-106.22763681951218, 39.76660545290312], [-106.17336870130639, 39.83174691044931], [-105.87041493822775, 39.8923588973829], [-105.90789711921646, 39.74830613458803]]], [[[-107.73333601633038, 38.27689339215722], [-107.51782118989681, 38.172682191051486], [-107.62863716862468, 38.080464142529955], [-107.90719023442911, 38.039960329423494], [-108.09793743726564, 38.15403464632425], [-108.07475940738294, 38.23474801343569], [-108.39382638489258, 38.46252080285868], [-108.3004628671851, 38.50137336931945], [-107.73333601633038, 38.27689339215722]]], [[[-106.84005007767153, 38.95946959689475], [-106.67268377090024, 38.97302562285128], [-106.67173674992335, 38.87204238258578], [-106.60016010468993, 38.845264797894274], [-106.29756899614678, 38.8333365178035], [-105.91269605066566, 38.52721657675798], [-105.8746118848193, 38.56618662055126], [-105.58165417143228, 38.38443978696662], [-105.6213181921043, 38.333063119574305], [-105.7112125208646, 38.433150006839796], [-105.65993839499934, 38.291345033720596], [-105.74893044148874, 38.25131477795355], [-105.91553271726404, 38.368013016047065], [-106.28614807718384, 38.51701611018414], [-106.37203054160123, 38.67742192643487], [-106.42478814987338, 38.672980382981834], [-106.39546744153652, 38.56502186618381], [-106.64347870481771, 38.611330833401034], [-106.75960507632053, 38.69568858914437], [-106.81384540490112, 38.68635393893103], [-106.74888450446905, 38.62378795074242], [-106.9696801107578, 38.6694118839057], [-107.53318379499052, 38.8810906561481], [-108.09363912176447, 38.985233851789786], [-108.25918229886334, 39.04911246875136], [-108.32380970938391, 39.16232326679316], [-108.14898938949885, 39.15586327296677], [-107.96805267499715, 39.226434256195546], [-107.5720367387285, 39.1429837482275], [-107.1851339669359, 38.991086207616895], [-106.84005007767153, 38.95946959689475]]], [[[-109.9300280500196, 37.58297215340251], [-110.02253083732202, 37.54167688858328], [-110.04323888875462, 37.46032948334381], [-110.05885802359596, 37.620027005836505], [-110.00848639355416, 37.645776225720574], [-109.9300280500196, 37.58297215340251]]], [[[-106.11057806767596, 37.611117461852984], [-106.1205726804808, 37.53413025604507], [-106.3157233699491, 37.55197895487916], [-106.27732048588747, 37.65282529769493], [-106.11057806767596, 37.611117461852984]]], [[[-106.828896807033, 37.84993483111443], [-106.63548972236833, 37.772343817519186], [-106.52712331151885, 37.72864693203], [-106.82537961865827, 37.591950746254966], [-106.83775171637326, 37.67057579402791], [-106.76741628172148, 37.71503684267536], [-106.81485875706304, 37.81613663055424], [-106.86113269348532, 37.82497572698567], [-106.90385100940266, 37.7373757182658], [-106.95075327587413, 37.753354374904696], [-107.01750936710818, 37.78687459055334], [-107.03804052548136, 37.90678357099013], [-106.828896807033, 37.84993483111443]]]]}}, {"type": "Feature", "properties": {"unit": "> 2.5 Ga Archean crust", "category": "Archean provinces", "color": "#d9d9d9", "appearance_age": 2500}, "geometry": {"type": "MultiPolygon", "coordinates": [[[[-113.20432266615249, 31.472362222762943], [-113.28149859924126, 31.549130923264215], [-113.26443112300744, 31.59637765334102], [-113.23186744852913, 31.599982879597587], [-113.20432266615249, 31.472362222762943]]], [[[-113.64168660798467, 32.05346522366788], [-113.33985577059632, 32.041929365388796], [-113.29412591632223, 32.04011514679597], [-113.50005773849036, 31.951710833191893], [-113.64734906419332, 32.018564224783056], [-113.96812400864012, 31.990752493403782], [-113.93245063998425, 32.09598802038423], [-113.64168660798467, 32.05346522366788]]], [[[-113.26548952625244, 31.40087413128144], [-113.16882710171778, 31.385114998640667], [-113.12736172422426, 31.211798655986975], [-113.28555006956869, 31.282477177986518], [-113.71044224036386, 31.70049679036134], [-113.68892624243992, 31.77327793021467], [-113.55086339946985, 31.828078976935124], [-113.53385916749812, 31.668660311394472], [-113.38596990422084, 31.601640385506823], [-113.35505460104065, 31.470906829599485], [-113.26548952625244, 31.40087413128144]]], [[[-113.24653740572631, 31.669628437841457], [-113.36764993373387, 31.6672050942432], [-113.40592207418135, 31.73808253353205], [-113.26855975294082, 31.853202073413225], [-113.24653740572631, 31.669628437841457]]], [[[-115.94117898900616, 33.92672256816062], [-115.93395417709736, 33.81889270372557], [-116.05974656674556, 33.81007723845059], [-116.09635512903691, 33.92111438544408], [-115.94117898900616, 33.92672256816062]]], [[[-115.05567139761374, 33.38048551909186], [-115.08232486315322, 32.98106959633032], [-116.12341730263398, 33.639119775219214], [-116.37409259013188, 33.855098445950105], [-115.81992843169427, 33.70439419261184], [-115.34782047733694, 33.41889515002937], [-115.05567139761374, 33.38048551909186]]], [[[-115.53390847728097, 33.837902223210044], [-115.70826269751193, 33.823192315552596], [-115.8256212795771, 33.94518450851074], [-115.78281759589503, 33.95634820459829], [-115.53390847728097, 33.837902223210044]]], [[[-115.15669412418224, 35.899574838053475], [-115.24108980614386, 35.929817426659376], [-115.26754580388705, 35.99970373494815], [-115.17231008472274, 36.06342491068813], [-115.15669412418224, 35.899574838053475]]], [[[-118.96117436918969, 37.67570377260339], [-118.9076580366907, 37.576107668574], [-119.04707419246888, 37.59001112890903], [-119.14913911210478, 37.655223081166454], [-119.42497422036244, 37.9078409420045], [-119.61185765231994, 38.1980947026966], [-119.10950554882521, 37.94269539163072], [-118.96117436918969, 37.67570377260339]]], [[[-115.02189462923168, 33.897366581370356], [-115.04594001478405, 33.52814415841525], [-115.15645547363059, 33.5811113448847], [-115.31085455643, 33.76735196528979], [-115.45816898578342, 33.830426121619666], [-115.39854298773808, 33.90950539885082], [-115.6668643582068, 34.05110637702366], [-115.53073117738496, 34.200297481506844], [-115.38287017564758, 34.14013515096443], [-115.29125324665662, 34.02228395936363], [-115.02189462923168, 33.897366581370356]]], [[[-115.19059664060494, 34.642687390745415], [-115.04131576596531, 34.71542683126196], [-115.03171947503166, 34.42073693544937], [-115.07011774332025, 34.358322090312996], [-115.01771073693757, 33.9622634888682], [-115.14394592978518, 34.01141726238515], [-115.19139128773625, 34.16456767461687], [-115.351286099937, 34.17372283324757], [-115.46749546122696, 34.285876093034815], [-115.44285148688223, 34.362569821412194], [-115.3269010078751, 34.38893322504929], [-115.39919343502056, 34.48120333557008], [-115.21416135189382, 34.72529578783622], [-115.19059664060494, 34.642687390745415]], [[-115.12381118943615, 34.3466025743674], [-115.16980190191532, 34.4027374419275], [-115.26975880136192, 34.29087966479069], [-115.21774449351554, 34.26415123360114], [-115.12381118943615, 34.3466025743674]]], [[[-116.43360867487068, 35.555295553436714], [-116.46646578455051, 35.31687268794935], [-116.65829396298994, 35.4222349759062], [-117.01460291460769, 35.39514166566511], [-117.01535536070989, 35.45409121917676], [-116.9040988359083, 35.508488991224844], [-116.63027335502332, 35.466701626339464], [-116.59945411037798, 35.51703617722148], [-116.7193689704833, 35.56455534677091], [-116.62214318742036, 35.58605854565183], [-116.59220381215675, 35.64065852704249], [-116.80227334223052, 35.91312640389321], [-116.95244502532852, 35.915106638577235], [-117.09767908034648, 35.82904361899503], [-117.19816800077878, 35.86486558589667], [-117.21261706088598, 35.82116025406726], [-117.13802108429562, 35.751196412312], [-117.24166231553012, 35.66811276114176], [-117.2930491842974, 35.44073737057263], [-117.57966755444737, 35.22976662040329], [-117.7817309031401, 35.187263630818634], [-117.72695998841843, 35.13877653784663], [-117.48516782210389, 35.10952632363267], [-117.33599001263293, 35.144757337335236], [-117.03062563779824, 35.11071667986391], [-116.60857073494957, 34.950095456337344], [-116.51898963461875, 34.998765886387496], [-116.56880655419151, 35.17447167197226], [-116.45970692782764, 35.21385174430663], [-116.45049022156729, 35.08751404623764], [-116.56731577236539, 34.84162410999127], [-116.62928757048849, 34.88695168428025], [-116.74344802792055, 34.83945595846746], [-116.68182844271242, 34.8005417910813], [-116.57418668290879, 34.82497673550448], [-116.5755346735638, 34.62832670801751], [-116.63127484954852, 34.603211474235415], [-116.63261375780155, 34.527528874293175], [-116.72175013607198, 34.52428959499893], [-116.8313219911002, 34.673669307747524], [-116.93949605107439, 34.73370232491938], [-117.0119017902078, 34.7302692595311], [-117.03351393331603, 34.65286090611242], [-116.96000848893169, 34.469565271888236], [-116.83297665810119, 34.3634479891708], [-116.69615596484789, 34.2829027828404], [-116.42308253005092, 34.235307648379454], [-116.38417500370505, 34.1441080555529], [-116.78095668427011, 34.23645381056098], [-117.146742411832, 34.51421496357402], [-117.34380156058347, 34.59336307786922], [-117.69214367809076, 34.48507143220255], [-117.87794636802666, 34.63124191619708], [-117.77767536871443, 34.61588445184215], [-117.68099854496292, 34.53250533203065], [-117.57308510909223, 34.72155957430718], [-117.59051942025458, 34.76602235265395], [-117.89405775016597, 34.75210224902388], [-117.96579144257056, 34.694149999693835], [-118.13974461348297, 34.823790272596014], [-117.98369816355522, 34.931675269736665], [-117.97693150834932, 35.01790383030449], [-118.25849121033743, 34.918493616953356], [-118.59754210911484, 35.180256400118836], [-118.73340528365843, 35.21408714371416], [-118.79180355793132, 35.66159960459158], [-118.87956980151664, 35.79121300746124], [-118.71994463571171, 35.789116488554455], [-118.69209987998569, 35.888232293219936], [-118.96834030845952, 36.21177564963871], [-119.0007256149535, 36.43809434269149], [-119.23238116190966, 36.643665493396654], [-119.37854771114606, 36.84823843042503], [-119.54196967573154, 36.91507502234699], [-119.61020953596633, 36.90336766835788], [-119.63629931778607, 36.791769026133196], [-119.51720120524317, 36.49013445721766], [-119.72582741535015, 36.67155270055627], [-120.19490279061701, 37.4450530441812], [-120.39593250117255, 38.097504649168975], [-120.53543770913925, 38.79323612851562], [-120.51310998050548, 39.08939959464641], [-120.32527673561125, 38.987110959430865], [-119.8167150576384, 38.30887184324014], [-119.87143222886776, 38.22958182210894], [-119.6439317256346, 37.92492701768611], [-119.82977670418184, 37.969817761615715], [-120.13103862862756, 38.18594394524321], [-120.20510139383205, 38.15769263228991], [-120.21466854856396, 38.026225171991534], [-120.03566558311948, 37.82866976739764], [-119.77553468969553, 37.70735331709167], [-119.68411659813802, 37.546180917204616], [-119.4280844060446, 37.39824598062682], [-119.35632949361872, 37.25834576658488], [-119.17350049105787, 37.19200404102216], [-118.97346565769587, 37.04586284128793], [-118.56614749219148, 36.42680592822487], [-118.00236770576706, 35.89772502453169], [-117.96663803080686, 36.08528129317372], [-118.14059926096311, 36.40229900929549], [-118.21906637432483, 36.78910703005731], [-118.41718952177179, 36.999552659671494], [-118.65139967428735, 37.08889721001494], [-118.72999982139251, 37.22577122159287], [-118.68104729884966, 37.36359353862523], [-118.81617483829638, 37.514235771552194], [-118.70910079661458, 37.58330504413111], [-118.57555975002215, 37.83360432603507], [-118.49088894546925, 37.88510893860017], [-117.17897609966806, 37.68930206846819], [-117.13090522181636, 37.56596911867926], [-116.702440009044, 37.4462305882914], [-116.65027915895794, 37.35722706748163], [-116.72017622283991, 37.29523889176648], [-117.02353239239177, 37.39091765197905], [-117.0727201022066, 37.35617366701239], [-117.06585128930567, 37.23934073873105], [-116.8604665435916, 37.14163296388575], [-116.87260792377772, 37.03927488433715], [-117.01226550831899, 36.996383372200285], [-117.35502134756024, 37.02745149599015], [-117.1020360306522, 36.814531767436165], [-117.10871237075051, 36.78308445404742], [-117.28851743609887, 36.78570909865296], [-117.27560597186292, 36.71355318797971], [-116.84385623840292, 36.50320878447295], [-116.79057031567314, 36.51805270226914], [-116.85123275108336, 36.59249209385985], [-116.6235750457324, 36.60510352856075], [-116.73974857177329, 36.70819562732249], [-116.68349186586057, 36.76711298559595], [-116.56815255760337, 36.73087770237849], [-116.40002076845306, 36.78735275261256], [-116.19621499257006, 36.73882007714015], [-116.0889870184346, 36.7629150105344], [-116.10351016539818, 36.84221996876202], [-116.41157471689837, 36.99506417096204], [-116.42278129351077, 37.14289193655246], [-116.03744664086061, 37.17577990545043], [-116.00155167010719, 37.38524190566418], [-115.82878451921977, 37.51062119250127], [-115.56064218984874, 37.48501433776435], [-115.4288095282244, 37.42088214975476], [-115.30865796333497, 37.265451634002396], [-115.18247092871806, 36.168974465914765], [-115.64790642243402, 36.31714785861914], [-115.82281133492347, 36.32101469875939], [-115.87524584177166, 36.26692207051633], [-115.89365814734612, 36.02166081779708], [-116.00499080696545, 36.048812751822894], [-116.16106029664883, 36.00670631848207], [-116.2459983237256, 35.92854771394608], [-116.27747769485742, 35.80403753019766], [-116.20577426589354, 35.74306308089238], [-115.87198336471764, 35.68920800373942], [-115.66498615920987, 35.72047238444901], [-115.67832323767873, 35.8286019962067], [-115.584084197291, 35.83544929447373], [-115.4307497763116, 35.792743684287124], [-115.24724477376847, 35.66666976208845], [-115.13468336613401, 35.66516329539615], [-115.05973308552983, 34.90800795020945], [-115.13243666505318, 34.87756192844769], [-115.18838195307646, 35.00160415729132], [-115.7326620683292, 35.350739312632015], [-115.97335782401518, 35.570903333989435], [-116.16143702467733, 35.59868773454621], [-116.43360867487068, 35.555295553436714]], [[-117.68661807681197, 36.17856631853162], [-117.77903943381608, 36.17913756107444], [-117.85773769564588, 36.28231613488655], [-117.90706192917898, 36.253839672607725], [-117.78523570044345, 35.95254780645402], [-117.59428553331315, 35.895785226467055], [-117.55379682469479, 35.81728686343219], [-117.78841102261693, 35.80985080968689], [-117.77546347510905, 35.64881200949193], [-117.8493408850299, 35.56522314982211], [-117.94403679369375, 35.57273839731854], [-118.01722332178385, 35.707229116813025], [-118.14902649134203, 35.75043656384853], [-118.209665523974, 35.898981281706796], [-118.35295469490714, 35.931515777281575], [-118.42360593932115, 35.89335789359525], [-118.42989128698557, 35.71234345338932], [-118.17748966258358, 35.43614610640931], [-118.17925690317185, 35.30854868134902], [-118.06322195310692, 35.29104105899717], [-117.47875601343728, 35.43745664735213], [-117.31257647267695, 35.5259332551246], [-117.34851924573113, 35.841925747107595], [-117.59903000439796, 36.015257852943954], [-117.68661807681197, 36.17856631853162]], [[-117.08701743676252, 35.91357259801985], [-117.02954290979336, 36.06102123333562], [-117.17350440280133, 36.53413767336171], [-117.31020567626916, 35.904607464458465], [-117.08701743676252, 35.91357259801985]], [[-117.43437808395484, 36.177878928415275], [-117.47582872446932, 36.34474983408597], [-117.41055129697574, 36.54292828871022], [-117.60885585212817, 36.66706825645383], [-117.67294754889153, 36.58784283641464], [-117.64242597872436, 36.315681173502064], [-117.43437808395484, 36.177878928415275]], [[-116.09037496962478, 36.6007086070314], [-116.23030950003717, 36.522971669547374], [-116.23747755970722, 36.49972107929246], [-116.08539826272786, 36.45152089076035], [-116.09037496962478, 36.6007086070314]], [[-116.3757079062994, 36.20105157282478], [-116.43464464102186, 36.21906253285354], [-116.47006376270805, 36.016122336943866], [-116.35742426543452, 36.022825343740315], [-116.3757079062994, 36.20105157282478]], [[-116.36509581382312, 35.80667811993611], [-116.48124521965813, 35.82466914279253], [-116.46323297270027, 35.693405525775056], [-116.39298029169596, 35.71927876092609], [-116.36509581382312, 35.80667811993611]], [[-115.52003601930615, 36.9297114586695], [-115.60486461708619, 36.84248689367248], [-115.60507040894876, 36.75285346455928], [-115.47917086876339, 36.79867158719554], [-115.462150674337, 36.85747364107278], [-115.52003601930615, 36.9297114586695]], [[-117.30687813117486, 37.4236920346822], [-117.21931397588271, 37.45212982666371], [-117.22247259877132, 37.50361145125714], [-117.4464512139376, 37.583981534383874], [-117.5775885222488, 37.54067437466043], [-118.0577694842786, 37.64793054777719], [-118.14218481502746, 37.63213138104109], [-118.1781455023784, 37.56555490544754], [-118.28191882642113, 37.612995667821686], [-118.32738420060105, 37.58652938088981], [-118.20099508606899, 37.399194484954116], [-118.05710948650676, 37.36374616350251], [-118.03488498531944, 37.26985561608792], [-118.12665981717065, 37.21703993433216], [-118.0721269172126, 37.21848064325189], [-118.1626695135861, 37.16105237010907], [-118.15127249497165, 37.1149792823982], [-117.95895657467449, 37.04152834644689], [-117.88312012173455, 37.18429038972496], [-117.96151209313213, 37.454667924724056], [-117.80880862068598, 37.45700140989198], [-117.67573609525213, 37.366555073272735], [-117.75790562536541, 37.30996971802244], [-117.679896225822, 37.22300830547217], [-117.40636900742228, 37.16969386823787], [-117.28983409981427, 37.07635755577104], [-117.22907736524955, 37.115038178321406], [-117.18785296892534, 37.24186373395186], [-117.30687813117486, 37.4236920346822]]], [[[-90.54030624036163, 44.02371578564332], [-90.75172431270458, 43.93265005455152], [-90.87980733770877, 44.007551724363914], [-91.44951030295073, 43.99109750608847], [-91.9606462611836, 44.05154144807998], [-92.71472950397367, 44.225529496026915], [-93.04831023856308, 44.475401230318], [-92.68734956007604, 44.85643867402216], [-92.40895143533817, 45.26610373387994], [-91.77728745275047, 45.149951093757466], [-91.0109580749006, 45.1206962643547], [-90.46542059277841, 44.84049026806195], [-89.54322020509687, 44.61016999763834], [-88.91267902339335, 44.33037940313972], [-89.3382761336501, 44.35408750101569], [-90.5819174277362, 44.05148531287622], [-90.54030624036163, 44.02371578564332]]], [[[-111.50834614993948, 41.297704918133476], [-111.44381992475772, 41.21056380735683], [-111.47487094531623, 41.149713216525306], [-111.63588253603533, 41.22807800403294], [-111.73667041396853, 41.211170999682935], [-111.61322742266675, 40.818800836549826], [-111.6610687747393, 40.75729454542892], [-111.7477116283868, 40.76144671828561], [-111.80626109596093, 40.84030054412171], [-111.90107135644571, 41.25829778676871], [-111.8012160317836, 41.28832736798074], [-111.82610992636387, 41.42403681382844], [-111.50834614993948, 41.297704918133476]]], [[[-112.38216942939609, 41.1109943532784], [-112.42054721818448, 41.07087559991591], [-112.50823125731209, 41.152672834404555], [-112.43275677761686, 41.11961045802113], [-112.38216942939609, 41.1109943532784]]], [[[-117.06065950325734, 47.15613828444402], [-117.11231212912915, 47.09291101083755], [-117.74519539615014, 47.122400677729956], [-118.0193240835826, 47.255145239087874], [-118.17761557940182, 47.54274784389645], [-118.02946990543313, 48.06974762446394], [-117.74661682839461, 48.36917188571948], [-117.37705335482174, 48.57368557115989], [-117.159207310116, 48.21626325040589], [-117.11787877629777, 48.026508700609455], [-117.16614727540768, 47.84421710324679], [-117.45483854125483, 47.56353257540391], [-117.44703615887998, 47.50649002914023], [-117.18247468262854, 47.48679745524403], [-117.15207929968012, 47.45442138903886], [-117.21775305440326, 47.35954727505347], [-117.06065950325734, 47.15613828444402]]], [[[-84.16080393167805, 46.51300767485208], [-84.59894634093051, 46.528815666791054], [-84.54651511395141, 46.64703502438788], [-84.45350577104496, 46.67936475603752], [-84.76166041786645, 47.069572358610216], [-84.59701356348845, 47.29191436099311], [-84.6116684002483, 47.34886428945049], [-84.89896668556429, 47.5042686452389], [-84.96872796055305, 47.6911694716826], [-84.86855203348692, 47.94528492988558], [-85.71194841917745, 47.95541446752486], [-86.06552249158734, 48.068782832512], [-86.18711167049862, 48.415957500258486], [-86.28855621226371, 48.569259964112014], [-86.4159673848702, 48.70886886289523], [-86.6451443040471, 48.79588031215901], [-87.32868631003853, 48.740899147230756], [-87.63888584064641, 48.84484460034281], [-88.13796088287626, 48.84090271917902], [-88.4429195907141, 48.73229211603095], [-88.60749313094612, 48.492770365416725], [-89.65255543397966, 48.02549055206815], [-91.32672495405356, 47.97753216264858], [-91.81370355083062, 47.735936927501314], [-92.09714960856581, 47.445723200657326], [-92.19794645497176, 47.27126951320282], [-92.28275568515829, 46.89068668886782], [-92.26019970838232, 46.53364755597384], [-92.83096471442431, 46.09566203988002], [-92.87255877656749, 45.92860852181395], [-93.26516930318584, 45.980165518773454], [-93.05115509723393, 46.236291692298416], [-93.45027267913235, 46.199491761995034], [-93.84319751819493, 46.09870199072305], [-93.9534297039799, 45.88585704929695], [-94.11520852905936, 45.7769561453659], [-94.14545464705539, 45.68247960829678], [-94.61029222040884, 45.32979318993745], [-94.67850741007427, 45.140391919230254], [-94.64737876142561, 44.93585487038602], [-94.518455699054, 44.80410555882889], [-94.05244747783604, 44.5315728447814], [-93.91161044098435, 44.310580219914144], [-93.94591297483677, 44.033966156855094], [-94.1079709646445, 43.81389166471052], [-94.49812410103058, 43.5564685004406], [-96.7455671522367, 42.77424033007027], [-97.11749929959105, 42.47074839320965], [-97.5528857514147, 42.38652185207465], [-99.90771492768181, 43.61069902312633], [-100.15179111706563, 43.81975973691099], [-100.37121223375645, 44.25088882973014], [-100.3928370272546, 44.481790743855335], [-100.46472757408752, 44.64752780066957], [-100.97796192722294, 45.40208304974195], [-101.18047916633395, 45.779031715573424], [-101.27570918453995, 46.1099441159687], [-101.29103911939478, 46.54270462495314], [-101.11739699034328, 47.50047724842415], [-100.85722355894475, 48.512596024022166], [-100.8517007050333, 48.82999139910365], [-100.96703724692327, 49.42768336631261], [-101.20552667328217, 51.458826840888], [-101.19770056507606, 52.03923364118262], [-101.13763881322004, 52.205625480107535], [-100.68256663375107, 52.74972713707916], [-99.98737503743732, 53.87954534760235], [-99.14746567998033, 54.84602151993029], [-98.37303107740613, 55.8537329754484], [-98.1590235645324, 56.045251263449686], [-97.91447209942108, 56.16384780822522], [-96.55718478019358, 56.392962585750176], [-95.96996553151125, 56.414900546456906], [-95.22982768890543, 56.247946026637244], [-94.83034590199208, 56.23186292401858], [-92.09188076177385, 56.5888233620802], [-91.59716313091762, 56.603180144721286], [-90.91695624786195, 56.540512918374525], [-90.34925628697104, 56.40316802796446], [-88.95143901485606, 55.8171831387049], [-88.35256265847669, 55.64501821444973], [-87.81119441118543, 55.569854545990694], [-87.48037883333873, 55.60139891529431], [-87.15473620810758, 55.4798930044189], [-84.47433879180298, 55.21980005949119], [-83.85406599709124, 55.11466586393627], [-83.47525191160705, 54.9814938490045], [-83.28728548994864, 54.84486215533644], [-83.14486809396922, 54.59518354030605], [-83.00524061711106, 54.51434067528107], [-82.44526925828097, 54.38504082551329], [-82.49422654289046, 54.3521137427274], [-82.46669089810023, 54.29242469176318], [-82.1806003472408, 53.91443920957708], [-82.17665686986771, 53.59744278216181], [-82.11625438234014, 53.36357779017206], [-82.29844784398126, 53.18291623066193], [-82.2989821853496, 53.00207248657641], [-81.62503876983384, 52.48591007161966], [-81.49133576158422, 52.25678503245208], [-81.34230051760753, 52.138352618092895], [-81.07935403631066, 52.085223151871695], [-80.71108583608157, 51.839677543786756], [-80.55250312036924, 51.662811659275945], [-80.42841169718194, 51.402355192266974], [-79.85502189939774, 51.20443880926624], [-79.75851107446954, 51.23053424407], [-79.68790074388625, 51.442491157588364], [-79.55747572271336, 51.48166576103233], [-79.43926672286108, 51.63420545942682], [-79.35166276906317, 51.67135894313053], [-79.12890503958171, 51.55996491338343], [-78.94721352517982, 51.373481367170285], [-78.77957377829263, 51.559684871248976], [-79.01863017279352, 51.7403164765309], [-78.84179141423327, 51.88637000698297], [-78.79593408429368, 52.011019534852416], [-78.57586417225525, 52.13659112098856], [-78.53615777873067, 52.34012464943537], [-78.56143616794152, 52.45417268485676], [-78.80599654094304, 52.67029385131194], [-78.82613885022138, 52.74082576816795], [-78.76109952718296, 52.884049298121646], [-78.88540326669835, 52.93156631560789], [-78.88702942615937, 53.007154655759415], [-79.02343393244337, 53.039728602511396], [-78.93788329078507, 53.15990941315632], [-78.97350296453712, 53.390032305173726], [-79.10906719340831, 53.5218673095782], [-78.95218842549154, 53.580563311764436], [-79.08463509170828, 53.7981680266454], [-79.0320725629505, 53.92232807613948], [-79.0775083879752, 54.04009474141489], [-79.45483726367817, 54.373182688696104], [-79.53416886757721, 54.604960542856546], [-79.71257635939294, 54.672801724602756], [-79.54466933875602, 54.75280415745688], [-78.41630786420774, 55.030972688733634], [-77.75536251836084, 55.3106886008385], [-77.7149950647065, 55.39354371624151], [-77.37908265705673, 55.536863704845956], [-77.0430094583753, 55.83669271325895], [-77.09218890438842, 55.94711746509349], [-77.05827790690454, 56.015402682865286], [-76.81240999718162, 56.05036272151257], [-76.53411048034124, 56.341921944682646], [-76.52427166653688, 56.5247699253996], [-76.62619714038252, 57.03713537421808], [-76.72139531230054, 57.13240438400988], [-76.7035299910751, 57.506595154612775], [-77.00597348346895, 57.823222611223294], [-77.11678274132889, 58.00980031337242], [-77.49016741766093, 58.20341513505335], [-78.5363515848272, 58.58942729399208], [-78.59268041329608, 58.64846766541015], [-78.53366221379015, 58.85711184356888], [-78.5731389216359, 58.93534997618522], [-78.51490796301759, 59.00274853714141], [-78.112439560627, 59.1981787799493], [-78.0817857686346, 59.28648354098026], [-77.89418535679071, 59.300002868968804], [-77.80422351393058, 59.36786138772628], [-77.88023755114305, 59.53211797785858], [-77.76914669830637, 59.727318470925525], [-77.64769751700946, 59.69816924925137], [-77.46158755703298, 59.753697287325465], [-77.42056777890664, 59.80444890610413], [-77.53717183517716, 59.813134573497884], [-77.27176299520585, 60.02519044612613], [-77.65862507754808, 60.14179962065568], [-77.88009721807195, 60.66228701702049], [-77.78661847571534, 60.77727224335965], [-76.21880110150255, 61.380693794860626], [-75.65358951681318, 61.362063123646415], [-74.53718467050841, 61.41835432809496], [-73.5536151339113, 61.545304877103824], [-72.40244181260421, 61.397520910631535], [-71.82147148485394, 61.23051371590408], [-70.96119551933388, 61.0656262480944], [-70.7540687308447, 60.806646101330806], [-70.19126907584557, 60.31909095855916], [-70.16864623962658, 60.11048840464987], [-70.41721293592151, 59.81432142161743], [-70.36388509327503, 59.50538251975141], [-70.21062984258316, 59.28807667892216], [-70.391851560211, 58.97014380706273], [-70.26873497398698, 58.10329145288115], [-70.04406889697933, 57.928635350816805], [-69.95391653072666, 57.73396615585254], [-69.70849588805926, 57.62789015447751], [-69.6203577140878, 57.39214882486556], [-69.50916981958783, 57.32114173542631], [-69.4231897118097, 57.18150446099423], [-69.44171987088556, 56.95400163919967], [-69.02602869204334, 56.606938714738675], [-68.68725231033699, 56.14216526823698], [-68.35001621166744, 55.77851865126587], [-68.2014454401488, 55.53006251985843], [-66.63051303846304, 54.15377437182156], [-66.60095682501907, 54.007501123401006], [-66.90891240016568, 53.095129701863634], [-66.91985805317759, 52.86127825124465], [-67.21560189023917, 52.56547240771823], [-67.33843314152037, 51.97988734799653], [-67.41144804851436, 51.866169391956205], [-67.53701747191704, 51.79936632042436], [-67.92826189908712, 51.784566878525446], [-68.04616558495019, 51.733782391060224], [-68.28119509643724, 51.50703597528113], [-68.41297791616817, 51.4753449130703], [-68.59802117112802, 51.53871609319583], [-68.90690555421324, 51.79679841394893], [-69.23786928801782, 51.83751913731125], [-69.4274918770668, 51.76084546079138], [-69.57348596351639, 51.65255204349969], [-69.61309278786972, 51.52489448236906], [-69.54775058517556, 51.34452374010768], [-69.19458923033925, 50.82112881175039], [-69.25888678866008, 50.72383743002273], [-69.48849367391949, 50.697390966820166], [-69.79359203940918, 50.826546206341945], [-70.29322844211173, 50.92025913095283], [-70.55330247229344, 51.1670623136971], [-70.65244801045685, 51.41250668576499], [-70.73475286152372, 51.47664163717512], [-71.1581089599959, 51.44774089301111], [-71.25654800734814, 51.350119117652206], [-71.25152630699306, 51.2966743384719], [-70.92346099093987, 51.10498258452649], [-70.6408452544959, 50.78206675513546], [-70.68793544939713, 50.713046165169004], [-70.67502510752126, 50.448524174186545], [-70.76908448912222, 50.38499720983078], [-71.51548818313286, 50.549270938492505], [-71.76860280869656, 50.39798853627598], [-71.93261525888697, 50.3830552880412], [-72.06987613365406, 50.31718395885209], [-72.23036383580542, 50.030727057095575], [-72.6588388331825, 49.92907048753994], [-73.20383307784907, 49.60910430537733], [-73.7688383413739, 49.06698628247415], [-73.90504896118968, 48.613092864226054], [-74.31623087757708, 48.286721913934116], [-74.60649513384953, 48.16914334568009], [-75.5324491353894, 47.990902142330256], [-76.4316098954289, 47.93889170493542], [-76.63551820070327, 47.87722119060217], [-77.08476527794208, 47.5415210812016], [-76.92742232562523, 47.44093637430154], [-76.63813036474302, 47.512449787243575], [-76.39213320987723, 47.21858473466338], [-76.2128087252597, 47.1332041847315], [-76.07702445651417, 47.149147269513556], [-76.10473534351428, 47.2324654986448], [-75.63240420593398, 47.40133749752956], [-75.56947292364775, 47.37368578132989], [-75.6022518857848, 47.208815755786155], [-75.71599475093308, 47.032673461983144], [-76.11474243686733, 46.74541430892295], [-76.31210800936631, 46.713277331431534], [-76.76164340681686, 46.761284636392986], [-77.09501210133674, 46.845380968429936], [-77.24089007027705, 46.98424923655008], [-77.55276587505828, 47.01465159601339], [-78.00020865479233, 46.84901572168934], [-78.12543384169929, 46.975800924719444], [-78.2325012280604, 47.00590168463589], [-78.46478059165091, 46.784274654115436], [-78.63074652601051, 46.974543712676656], [-78.75782845769405, 46.979918325436344], [-79.31248579538496, 46.73024618994477], [-79.36886726859352, 46.64384215067967], [-79.32104674327911, 46.425677498822836], [-79.42270021580845, 46.31769840275921], [-79.78277107514727, 46.23831108377433], [-80.00681168778287, 46.24496017239652], [-80.43054534230798, 46.34934330766921], [-80.63761844210849, 46.53031905509152], [-80.84959281055936, 46.43589450755182], [-81.1845198785684, 46.11268646493276], [-81.44518711552782, 46.059195417277586], [-81.8344310403378, 45.86584707530913], [-82.29969710600012, 45.905239177135115], [-82.59905846609959, 45.85341086405772], [-83.36448607428937, 45.85186192028638], [-83.487521998041, 45.89133566002583], [-83.45241950618649, 45.94012755877094], [-83.57746674890372, 46.088977531327785], [-83.79799637833594, 46.1135954348487], [-83.77754516589474, 46.2550430029977], [-84.06907041419295, 46.311049495951174], [-83.69575797839694, 46.54871263223198], [-83.9161978038177, 46.58456010372936], [-84.16080393167805, 46.51300767485208]], [[-98.28954040450006, 54.43389688714127], [-98.36668062360002, 54.339874084069685], [-98.22753496830592, 54.26421230615198], [-98.2725967032299, 54.060411692323065], [-98.24867443393518, 53.86035875299067], [-99.02884223720122, 53.86207696200462], [-99.11488795059421, 53.78667001209853], [-99.1991438991728, 53.578059745673215], [-99.31635544109552, 53.49320266099777], [-99.32686630383841, 53.332788594151324], [-99.06167809253101, 53.10988959499173], [-98.65892364243257, 53.10127812236171], [-98.68880743566307, 53.02790383440885], [-98.79204501520137, 53.00284306482023], [-98.91734904449262, 52.87803471563822], [-98.90331097459597, 52.81133069260489], [-98.44099357295738, 52.350788571329204], [-98.2066482051317, 52.28801169616273], [-98.20289916230973, 52.092948560425775], [-97.99908559124307, 51.90178165386058], [-97.82667980940818, 51.88920955134813], [-97.81687544353426, 52.09118613651272], [-97.7136670111808, 52.14630864062409], [-97.63382723516396, 52.12094961678408], [-97.5797925851358, 51.977147960050445], [-97.38805119840401, 51.83033660911855], [-97.41974064262973, 51.67880782759737], [-97.21082031362754, 51.4670804707639], [-97.11410278901452, 51.49090503889231], [-97.08048153549618, 51.71843482029078], [-96.88900328675635, 51.71827470050061], [-96.81838413065802, 51.63312086515222], [-96.80053123735784, 51.50655209979612], [-96.82268923734948, 51.40723913082142], [-96.9040016002725, 51.329723015933006], [-96.91655254271353, 51.19921177164512], [-96.62059258082162, 51.36232545722955], [-96.71568117866538, 51.148538002854536], [-97.02261070878289, 50.904589707158976], [-97.02317313976256, 50.659561855021586], [-96.91093029912417, 50.54481800223901], [-96.91990339782296, 50.407063138388146], [-96.84825713913625, 50.36469527889953], [-96.69018287242608, 50.391230810151], [-96.63769255999378, 50.44920698826344], [-96.63788724343436, 50.603866954519866], [-96.42759928929617, 50.56666875258883], [-96.33483428077727, 50.606612456982724], [-96.34542599566025, 51.04712858362794], [-96.23074383742124, 51.157690933072516], [-96.2246172520323, 51.278839551153865], [-96.80155071888628, 51.76350215998698], [-96.81362200567702, 51.918455237687624], [-97.10894676404614, 52.171084446192864], [-97.14756731541634, 52.41344647456366], [-97.36247057248262, 52.78707985248241], [-97.32468684223944, 52.955089970180026], [-97.39734499202918, 53.05658778862198], [-97.6698325699399, 53.20016356757666], [-97.68625798387632, 53.555981800212685], [-97.91546112286966, 53.76705838254462], [-98.05883612464177, 53.79086487786878], [-97.99589960913661, 54.01570022868894], [-98.00947379337096, 54.32262204765951], [-98.11529001525662, 54.40990733471409], [-98.28954040450006, 54.43389688714127]]], [[[-93.07993233420063, 45.501845791919145], [-93.67846696548924, 45.006583497337196], [-93.97572057968031, 45.23079012533522], [-93.53647871119493, 45.57120318600916], [-93.07993233420063, 45.501845791919145]]], [[[-87.50596969272344, 46.64714067479539], [-87.37887961716936, 46.58886738361114], [-87.37835750156177, 46.51374439778211], [-86.74619644595111, 46.52575140187146], [-86.57093424297508, 46.37732308469651], [-88.17735175276418, 45.96848893687493], [-89.34037086082353, 46.02268867965218], [-89.8548140692917, 46.00109376081047], [-90.9069334748261, 45.93086403510954], [-91.88063697806629, 45.72774418401934], [-92.01283640669351, 45.745185872275414], [-91.60230194658438, 46.024152334402025], [-90.88517714911384, 46.35598731921802], [-90.60499468181098, 46.33252374703083], [-89.86693753682027, 46.455762672740626], [-89.28805353954584, 46.422376760755625], [-88.97609595191807, 46.472220815627566], [-88.14992781280114, 46.858663634479235], [-87.86212863901255, 46.82079462891357], [-87.50596969272344, 46.64714067479539]]], [[[-110.52490301384178, 50.42900935448007], [-109.40482475522481, 50.355670128028834], [-106.6466579075662, 49.86724603196131], [-106.54761706884676, 49.59295398041553], [-106.29377072726132, 49.1979468741591], [-108.6528260721798, 48.25646208861283], [-112.04216379532181, 47.05905471296126], [-112.24111704552348, 47.153450020252144], [-112.42507392112033, 47.177843685190986], [-112.90524279051382, 47.46979118282203], [-112.94620509254607, 47.86506866585621], [-113.13360509073185, 48.049024231286126], [-113.40292688407247, 48.18788590357362], [-113.44365831154177, 48.302173969599984], [-113.37512964393754, 48.37288212039887], [-113.43076828718651, 48.575441102419255], [-114.08592900892464, 49.25139464067184], [-114.72263738888437, 49.4304406732896], [-114.4580359413764, 49.052520118394426], [-113.8668577003408, 48.56390057656239], [-113.85426723615262, 48.43511090371738], [-113.97378248278187, 48.41093564772868], [-114.0090910586559, 48.35767874409054], [-114.33129351352332, 48.71343707787098], [-115.0164797507025, 49.220006920667025], [-115.11413771974966, 49.2430390856967], [-115.22336554321475, 49.3662737211104], [-113.44755258466128, 50.16324518969796], [-112.77025500698248, 50.200890868105894], [-112.05115344000028, 50.444408636821436], [-111.72968831480982, 50.47773167226364], [-111.16200697824495, 50.46914226359304], [-110.89684157305801, 50.40939591110416], [-110.52490301384178, 50.42900935448007]]], [[[-81.225303296663, 53.196005073110214], [-81.11751228415723, 53.18418875288198], [-80.75248479808914, 52.928807404909534], [-80.65736543448904, 52.78736418276453], [-80.7012697315815, 52.66970680022758], [-82.04416176734983, 52.99469788253467], [-81.89810287504383, 53.142883516143634], [-81.81166447810745, 53.16463690039343], [-81.225303296663, 53.196005073110214]]], [[[-121.2644317000262, 55.24472925324282], [-121.34529573097096, 54.76010791506484], [-121.24958663658029, 53.57505388886394], [-121.39463073519467, 53.78638489992058], [-121.75742123447307, 53.95725301073046], [-121.80197810267865, 54.041941174148754], [-121.77589393206345, 54.07124097799642], [-122.2428185855363, 54.27634442660199], [-122.57637152808486, 54.59070297202289], [-122.62066367688578, 54.66414201981842], [-122.60906591343137, 54.7943030016579], [-122.72074702626537, 54.90856869241681], [-122.66471723636938, 54.93606148782336], [-122.83070164833637, 55.10979104138027], [-122.64113192078267, 55.40349106234769], [-121.09244958252023, 57.004663608757234], [-121.33777054048002, 56.264053185910306], [-121.35187223546097, 55.76010735770179], [-121.2644317000262, 55.24472925324282]]], [[[-104.78964637909233, 54.049768930144985], [-103.48234218225718, 55.17426635327605], [-103.13211945074094, 55.39409272019944], [-102.725740823088, 55.56431418760205], [-102.27214748418008, 55.65656216001451], [-101.24389506721886, 55.63256987179821], [-100.55743888940252, 55.49378657043917], [-100.19635341068701, 55.37873278603608], [-100.04073939917342, 55.21293012885566], [-99.9539086879145, 55.00271388157132], [-100.02117012458334, 54.79803137329543], [-100.57800475506698, 54.22679959432388], [-101.1495734621275, 53.72470202241471], [-101.45719232203241, 52.902304969211166], [-101.6114216034811, 52.61804209490526], [-102.41818085327361, 51.906799324137516], [-103.02763415428544, 51.25039567798649], [-103.21133795090932, 50.71942210341036], [-103.33204540012592, 50.69941761621185], [-104.35766564363371, 51.13082762598391], [-105.0981202353114, 51.377839461057384], [-105.58760752640318, 51.687931741672664], [-105.87992749356896, 52.083720781080565], [-105.96600666046965, 52.32323655963129], [-105.97258659259433, 52.572302937918124], [-105.84359512310384, 52.9001911545178], [-105.54629065782866, 53.29682500633985], [-104.78964637909233, 54.049768930144985]]], [[[-65.20220610305009, 58.612917617781804], [-64.8450996388646, 58.300786453225534], [-64.62893703021379, 58.028659773583485], [-64.21575127486037, 57.233604958847096], [-63.991005625568036, 56.509616799044274], [-63.78370706281304, 56.138601787577194], [-63.759056958464576, 55.95445041290128], [-63.413742362496926, 55.23131338318949], [-63.2315108153466, 54.380883709227], [-63.47335975045051, 54.327268758363836], [-63.8152740376538, 54.158924547355014], [-64.28944911403465, 54.1662893456769], [-64.67487901190613, 54.09331197203196], [-65.13572129283301, 54.17510559584814], [-65.2527543813497, 54.12767306163572], [-65.24085697432582, 54.02801879111017], [-65.06083754681138, 53.94108725323618], [-66.04034112385385, 53.94944568183485], [-66.15851680670347, 54.53730533204411], [-66.15710494959454, 54.853441234934415], [-66.24833168195994, 55.22053994484429], [-66.40286537226547, 55.559596119153795], [-67.142034500038, 56.27882095371931], [-67.3598760473482, 56.4480452418211], [-67.80285075542817, 56.64149640552035], [-68.49833533119312, 57.28914957730344], [-68.7719306654375, 57.6547121641466], [-68.83626940725392, 58.01680460849554], [-68.8259065089961, 58.496854546339364], [-68.88522225905922, 58.623494078156], [-69.21397460422024, 58.898695619950175], [-68.78992993458101, 58.9432685891506], [-68.53370592057904, 58.89408394016587], [-68.44048189596084, 58.83489325499432], [-68.30397243194057, 58.56467650126992], [-68.10060629124294, 58.587901164320726], [-67.93992594805421, 58.529674965477724], [-67.73968683313123, 58.265650418275], [-67.63918875530739, 58.260060661868316], [-67.33324669296243, 58.4047673744172], [-66.75900326846111, 58.51917766797562], [-66.58899587320936, 58.81562780357681], [-66.47990860490461, 58.853584828730625], [-66.28889481786905, 58.79341258730333], [-66.1482565327908, 58.805724371003095], [-66.09900371731435, 58.924475603222945], [-65.83140868269737, 59.048296833806084], [-65.62824898272659, 58.98071333719956], [-65.34163164988995, 58.77610621920373], [-65.20220610305009, 58.612917617781804]]], [[[-89.96000869950335, 63.80880276339916], [-89.9886106988527, 63.77195676087577], [-90.09851860555102, 63.783899742879754], [-90.0624556491129, 63.72680376937848], [-90.14449959970844, 63.70786775655216], [-90.20229750276727, 63.64253674940443], [-90.15856655233203, 63.63347373639656], [-90.21670650731018, 63.60668976968381], [-90.30522142769277, 63.6491967583898], [-90.45025635989339, 63.607427746102], [-90.54060733462684, 63.6577827179652], [-90.43795336340166, 63.65834074410456], [-90.65664423986144, 63.70637374975577], [-90.71426224350817, 63.6582237360301], [-90.59056633797086, 63.68122774655834], [-90.54698833992578, 63.59799572987942], [-90.97404712283716, 63.58537776045532], [-91.00008416994902, 63.472166745385636], [-90.79213924882202, 63.421595734366214], [-90.97473113793326, 63.42360275253297], [-90.94427514312969, 63.39203072597131], [-90.67677725696576, 63.33606875439862], [-90.76139521639185, 63.29793571356978], [-90.64098431801104, 63.1620267631946], [-90.6882792258451, 63.170414741797444], [-90.65569024407483, 63.14587173523999], [-90.69331922873285, 63.13085973222527], [-90.63709630531163, 63.07226073274923], [-90.80973417035877, 62.92586673520974], [-91.04074614111806, 62.93829573238398], [-91.21117001650977, 62.85535173867639], [-91.39814502322521, 62.83682073868672], [-91.35810402104934, 62.798921745860575], [-92.09892091114867, 62.86374873029981], [-92.11091753843505, 62.82791034911808], [-92.47666461515703, 62.832488761504486], [-92.30136257363347, 62.72511506461765], [-91.9039711620126, 62.638155211136926], [-92.04489936314974, 62.55794895478827], [-92.49416123865218, 62.53997666356502], [-92.49165068604661, 62.46826875309907], [-92.25323752244097, 62.43368222842418], [-92.61422919586363, 62.410440961507945], [-92.69443659597121, 62.22984810751869], [-93.130551504849, 62.19978689740608], [-93.14557179716573, 62.133789797868154], [-93.0887483683412, 62.09280942953028], [-93.20283387069858, 61.96977877479381], [-93.31357360816952, 61.90372041695509], [-93.560642750896, 61.90601553806185], [-93.37393913592071, 61.83516024375054], [-93.34582812965277, 61.7789849100027], [-93.94443785999952, 61.49838440790709], [-93.99401073145324, 61.44819248563793], [-93.85697425564904, 61.36108032403778], [-94.39601822037993, 60.78811936321366], [-94.50504903160791, 60.57841322209277], [-94.76282350081227, 60.569750961418265], [-94.77893260299392, 60.529927425202224], [-94.59402295840033, 60.42258421015131], [-94.90636671324081, 59.68656194903695], [-94.9113889869414, 59.59157523965869], [-94.76702322011303, 59.43356446539688], [-94.74738187265507, 59.34947853381434], [-94.84564615375302, 59.10116177452978], [-94.6802799260136, 58.94452969434019], [-94.19852152433658, 58.79638087652047], [-93.36327684739369, 58.772637818599414], [-93.0949256198214, 58.691752970626695], [-92.88674580246675, 58.29896568291254], [-92.89158576086759, 57.97600086948064], [-93.852596139433, 58.092777512632125], [-94.67082819772894, 58.05055267540703], [-96.4775531250626, 58.10778214799399], [-97.40139939617482, 58.16950685715281], [-97.79108726991578, 58.261544850664976], [-98.04890247209569, 58.24880395479645], [-98.79433146436347, 58.05478996853952], [-100.57366194964823, 58.12129605905006], [-101.19153508620599, 58.09443874174567], [-101.81303429370516, 57.945964830142266], [-102.44054883043898, 57.647462834172195], [-102.66510219078451, 57.4057267553704], [-102.80287015880134, 57.15421891600092], [-102.92114205801518, 57.07244094813191], [-103.45383587739411, 56.889385398784924], [-104.03186651616504, 56.792927845741346], [-104.24422028291725, 56.667181864887894], [-104.74310604041759, 56.06116515682385], [-105.1718719597356, 55.71590202091174], [-105.74012640185707, 55.15586822169506], [-106.14301233066746, 54.4048740077714], [-106.3989807745048, 53.4799489404507], [-107.01423215535975, 51.8124262054325], [-107.05617644229115, 51.53424747279539], [-106.89558319172627, 50.963904445927795], [-107.84755783984903, 50.88129013772174], [-109.27198937300346, 50.942543572133005], [-109.71256741019718, 50.90639740032314], [-110.09992701923551, 50.78988505651995], [-111.91070271549911, 50.70577330681232], [-112.76725289277744, 50.50792941386616], [-113.55795011272642, 50.405758364631396], [-114.1189338909674, 50.2151422334537], [-114.86199476876803, 49.84736379724053], [-115.52000223290965, 49.61967232415796], [-115.67605177009948, 49.951961750838635], [-115.83828804293354, 50.02728901329037], [-114.66828396373086, 50.74939619094415], [-113.73085164204012, 51.21428956345035], [-113.09592177528788, 51.664559630203854], [-112.45744257601125, 52.26441830068104], [-112.0430270014813, 52.572656345154066], [-111.5826423322176, 53.071697311744984], [-111.29555080594412, 53.25278366948964], [-111.02916455857302, 53.521600433436184], [-110.7106909326118, 53.91965111840637], [-110.25397555215294, 54.64162059050633], [-109.88276530590888, 55.03441848845514], [-109.82152247522102, 55.17851375996449], [-109.70062302193114, 55.675081316268866], [-109.57511724225695, 55.84961249653088], [-110.80257365775911, 55.446881451144066], [-111.10524463544334, 55.82291011908295], [-111.3942890176993, 56.426403699831454], [-111.55134654288481, 57.24841174329016], [-111.56963430709465, 57.90232995658179], [-111.2575138776938, 58.32490245356012], [-111.20313717927276, 58.58138469363909], [-111.32568282734438, 58.990064373615404], [-111.58931959281388, 59.320269229649234], [-111.53806858379542, 59.648761511177824], [-111.73044469098794, 60.05752355915894], [-111.6664647421374, 60.38133157138411], [-110.88312940808298, 61.143811666885746], [-110.66234865666148, 61.76690631880739], [-110.5383987248818, 61.92041188216761], [-110.06977884996375, 62.03966284452395], [-108.71571241121786, 62.11453941941995], [-108.35917307925278, 62.208352138143], [-106.62597879120057, 63.03527664158468], [-106.1651176160403, 63.33607008163443], [-106.00269676081884, 63.50973639831051], [-105.47954453339649, 63.64298044315444], [-105.44091804729376, 63.81781107805255], [-105.20459845597702, 64.18922334203987], [-104.89417357064796, 64.55614071972654], [-104.85015723598545, 64.72764499801119], [-105.12204368596569, 65.17097893587467], [-104.8146660403155, 65.78752558838993], [-104.46316928074258, 66.19267489003659], [-104.31904260189437, 66.5559050970207], [-104.10621405363261, 66.92212375677362], [-103.89882977195661, 67.08796209431412], [-103.94421406036575, 66.91476667541788], [-104.14195291129133, 66.64350893688396], [-103.87799152915971, 66.7725917468647], [-103.61344158379741, 67.0160152620623], [-103.41159841189346, 67.50428144340549], [-102.89942981155384, 67.8891296387607], [-102.83511080879634, 67.8250617333229], [-102.45738077219617, 67.784480727401], [-102.3082777758845, 67.71525271569816], [-102.16624879995747, 67.76979273164055], [-102.00074776054123, 67.75130673805708], [-101.93327475761467, 67.798016711809], [-101.90265676973442, 67.73672672581742], [-101.80137074212645, 67.75269274326257], [-101.84094383031915, 67.72522470903148], [-101.80579879986905, 67.69251872401719], [-101.71294577583839, 67.73123673206909], [-101.56079178870714, 67.67679573578211], [-101.38885579907073, 67.68971972389524], [-101.3867317299286, 67.73192972299663], [-101.2422097753699, 67.71538772304159], [-101.20351880108336, 67.77793772307639], [-101.05787181451703, 67.78184373075601], [-101.07599780529948, 67.73279375383875], [-100.66790177447145, 67.84577074667291], [-100.57083677639997, 67.84106373051247], [-100.56741677478418, 67.79744974678901], [-100.24557679735796, 67.87413873658677], [-100.02984679842314, 67.81181372663693], [-99.41054773912542, 67.8002037391407], [-99.19538479047473, 67.71082474497307], [-99.0889778078675, 67.7495607348033], [-98.89701678977957, 67.69411175152788], [-98.89359680705678, 67.743665732817], [-98.72252479132683, 67.76032473475576], [-98.68002679189726, 67.81354172878217], [-98.34852077715912, 67.79674772429385], [-98.42229384042602, 67.86989073730915], [-98.5337317297796, 67.87501172548308], [-98.69965580599106, 67.96464272738406], [-98.73192081380837, 68.05563272495512], [-98.5717387679826, 68.10380072265818], [-98.21866874255761, 67.91905774035796], [-98.24741478113188, 67.89237272350434], [-98.11224378773484, 67.7718357261127], [-97.94375479487117, 67.7089077282459], [-97.63851973521716, 67.65061473146582], [-97.59863180722888, 67.60741472712904], [-97.20074173071137, 67.64662773565853], [-97.43195173894027, 67.57955972561939], [-97.42394182661978, 67.54139072950296], [-97.31629279715165, 67.5199797342141], [-97.40907376725, 67.57715672002753], [-97.03008383066351, 67.68278971173166], [-97.09819581107267, 67.71544172788136], [-97.02861678072571, 67.78731575285379], [-97.19626884013928, 67.71068073899698], [-97.09532481081406, 67.78128572965764], [-97.2079598174309, 67.87368874395462], [-97.21479073812705, 67.93764273492627], [-97.25074575947865, 67.88862873212216], [-97.36104084663707, 67.87374273856139], [-97.64960779969006, 68.0247627576012], [-97.68639979819741, 67.96804473451184], [-97.81437083229501, 67.99031072412758], [-97.93587982324333, 67.92713972277639], [-97.97118679524293, 67.98775473372052], [-98.05563377910964, 67.91744672423836], [-98.03802083876218, 67.83078571909437], [-98.12868678392914, 67.85478872062379], [-98.43954674547737, 68.09354974356788], [-98.55472878617853, 68.14907971828255], [-98.41087281877724, 68.18838273652152], [-98.4223027703193, 68.13881973866692], [-98.35684579586088, 68.07969873428921], [-98.2891477286627, 68.10169474579104], [-98.28738378358399, 68.17534173956449], [-98.4783998032236, 68.20669770993825], [-98.4649718145358, 68.25155372296202], [-98.69124076735311, 68.39006374098987], [-98.4276487771533, 68.35562973639006], [-98.49665182703819, 68.42693675132618], [-98.17509980761488, 68.29750771353578], [-98.1254647611597, 68.3427057138548], [-98.02565479763224, 68.32797273439768], [-98.08825881588696, 68.35665573201909], [-98.06205974236333, 68.37360271641805], [-97.70102478733341, 68.36273973428747], [-97.98635174934522, 68.5239027418451], [-97.84918278210444, 68.56476272353022], [-97.6409227929426, 68.52212073553042], [-97.6201237562034, 68.45087674693697], [-97.50110775047835, 68.41765775122472], [-97.47475580331127, 68.44108475904285], [-97.57935385160793, 68.45949871695284], [-97.5832057245993, 68.49570574312776], [-97.30265779625361, 68.5066677195113], [-96.98146576120128, 68.35285773649915], [-96.94437680766768, 68.29331373299313], [-97.0407667938407, 68.30909072169656], [-96.92418982600611, 68.24730575431101], [-96.76147877852945, 68.28721173940436], [-96.58949782261406, 68.2562607266684], [-96.6437227831017, 68.23645174140441], [-96.38632275456665, 68.3183157178472], [-96.64855580050529, 68.08949971682996], [-96.79841480238476, 68.09593475702074], [-96.72762977837094, 68.01859773337357], [-96.58889480360588, 68.07158071948344], [-96.4306028421492, 68.05063772617726], [-96.44898081442426, 68.10046173632335], [-96.5368297865628, 68.08814073956374], [-96.27957380988006, 68.20789472442164], [-95.89071075721789, 68.2939707128945], [-96.05120779258132, 68.18003974257923], [-95.99999775085973, 68.10741873764668], [-96.21046276121918, 67.83606871341648], [-96.18825074741491, 67.765760714975], [-96.12835579908902, 67.76122475143153], [-96.20599883526239, 67.69562373780326], [-96.19483880901662, 67.66212572417588], [-96.15310584235647, 67.70166274787468], [-96.1513598048995, 67.64086771092612], [-96.24441078197452, 67.64111973394635], [-96.32530275972056, 67.70793575464383], [-96.29965277493979, 67.6226697334517], [-96.34829784249473, 67.5662577144806], [-96.47382072024531, 67.55218174937386], [-96.63624376356454, 67.43647771482162], [-96.44702777244837, 67.51701872250567], [-96.45042980867967, 67.47152374867305], [-96.35021474489281, 67.50290675650484], [-96.36690079878046, 67.45588175443251], [-96.21272178861993, 67.43384971926051], [-96.07924277964953, 67.4825307206207], [-96.05865077291288, 67.42818873548798], [-96.23824572247105, 67.27031073048971], [-96.11482883388223, 67.27001372857961], [-96.1200937863055, 67.2204777203488], [-95.82220275464739, 67.30667972891425], [-95.71288878875973, 67.3901277120676], [-95.64453374021072, 67.33675772308828], [-95.53399581855267, 67.38595173968741], [-95.49825679708911, 67.36660172352023], [-95.53594880893259, 67.31936974386761], [-95.82718876576322, 67.16559574433703], [-95.61995478826462, 67.24057470675872], [-95.62968378206749, 67.20497070939875], [-95.45670376029598, 67.2078957428421], [-95.46015082168928, 67.14644374145773], [-95.32987575854743, 67.15905274787974], [-95.21728582050757, 67.23310474370814], [-95.22627676842232, 67.27379374842428], [-95.14479984207307, 67.29427773554343], [-95.33983875381742, 67.41233974808281], [-95.37034874464995, 67.4686797290926], [-95.28308478858847, 67.51676675170172], [-95.30365884128746, 67.55370273474196], [-95.44528281533289, 67.646357727415], [-95.65230073649215, 67.69674872956006], [-95.67507076654567, 67.74347672720378], [-95.53905378831568, 67.79263475255082], [-95.49266772763531, 67.86134970035755], [-95.54778382360176, 67.90776273990242], [-95.40236176715297, 68.0208387201392], [-95.48755579150638, 68.06072672923511], [-94.70719278650357, 68.05886371209284], [-94.5813367563603, 68.15323771810996], [-94.17748884637014, 68.26948174616089], [-94.1943548160452, 68.36677171900824], [-94.01835981610111, 68.45700573240262], [-93.64760482204704, 68.53112074708226], [-93.49300282326267, 68.6161617351655], [-93.74161886602707, 68.6231817501456], [-93.65483178502399, 68.72713172434628], [-93.69958879513551, 68.75018072144755], [-93.56812578768427, 68.84473470988509], [-93.67616177594273, 68.98256072478449], [-93.90088278433619, 68.99481870659318], [-94.07461875338097, 68.89697072281574], [-94.01818876738172, 68.88019472108383], [-94.06892182449074, 68.8590627275479], [-93.79807578531793, 68.89462173845486], [-94.08239485121663, 68.76536372443464], [-94.41919279420256, 68.72764471601074], [-94.63057582687031, 68.76115171594273], [-94.53282676408138, 68.88947371951411], [-94.5864127879356, 68.90362171308246], [-94.59473779621854, 68.9778087393], [-94.43025380843396, 68.95216773429006], [-94.34685080184298, 69.03290672208273], [-94.15712182799889, 69.05646874571194], [-94.1781277814965, 69.09680673245413], [-94.01222178530656, 69.16627773111057], [-94.22786178810787, 69.12503071179191], [-94.30852878871846, 69.16094972510147], [-94.26703878592303, 69.32507370822245], [-93.79618579351491, 69.36044373795058], [-93.53408778946383, 69.44280274047486], [-93.86609779851658, 69.26523272528748], [-93.77411776245398, 69.2743497172633], [-93.87200179174121, 69.22919673981112], [-93.79408881315048, 69.21954873027406], [-93.82103477050653, 69.16739370838135], [-93.3568418215356, 69.38793873077387], [-93.59009477906562, 69.365924710802], [-93.43427782410131, 69.48065673675347], [-93.57258975932623, 69.5327667130703], [-93.82881080339904, 69.49402174315108], [-93.89133378527568, 69.44464772940802], [-94.28066476961641, 69.43706972464962], [-94.48536975581163, 69.55864173600288], [-94.55349978944422, 69.64985673381261], [-94.6020187900911, 69.63131673070271], [-94.61554578156095, 69.67877373316304], [-94.53156676076377, 69.73088373580937], [-94.7491327926412, 69.67011573483022], [-94.72237575093331, 69.610949745252], [-94.84734977205245, 69.56293474404478], [-95.39074279115528, 69.68141970928602], [-95.63997081135733, 69.78672872549247], [-95.72536276668613, 69.79286672990094], [-95.75864478819963, 69.73748971133152], [-95.8226167239238, 69.76551572447939], [-95.77839080226363, 69.80417974105801], [-95.8512727951593, 69.77052870780389], [-96.19184182321665, 69.86429074038344], [-96.07323975521462, 69.85892672885304], [-96.04889484186276, 69.90143373122308], [-96.12470185965323, 69.91650873627718], [-96.07266374186229, 69.95454273964698], [-96.24054982561832, 69.96206670462335], [-96.47235376177186, 70.09319670397657], [-96.55170684151224, 70.3085757213291], [-96.425373806896, 70.41521675230055], [-96.32537480128417, 70.41287674553296], [-96.30639375235536, 70.50135574113096], [-96.23026283000401, 70.56741572921554], [-96.18635177169554, 70.53077672162365], [-96.06814585825609, 70.58778271120259], [-95.81404881679758, 70.54909171668392], [-96.05504176849117, 70.63895673799495], [-95.74716081700203, 70.72092872247659], [-96.10276874345557, 70.66494875401959], [-96.16280779975448, 70.61773471382533], [-96.57533180884718, 70.7784207273581], [-96.59975778967966, 70.8327267178113], [-96.46101382472911, 71.04031173787365], [-96.33351978123248, 71.09724571602291], [-96.39731177211127, 71.12206773474523], [-96.43002676016295, 71.07747273938435], [-96.54089782609891, 71.13927573143233], [-96.3482798277458, 71.14151674083932], [-96.43472476512672, 71.20280674356376], [-96.41927178130959, 71.25384574180605], [-96.32606775489494, 71.27463573004549], [-96.47838379209823, 71.27618373470133], [-96.2803567813313, 71.29041273626004], [-96.18434482894318, 71.39141971836783], [-95.89593985256231, 71.41017573267395], [-95.76952580192138, 71.32475673584123], [-95.52607576705257, 71.28517473779463], [-95.50012879975472, 71.32843771751493], [-95.56384873284092, 71.35818272251721], [-95.40321674682905, 71.37395972638703], [-95.54413881376651, 71.41656572843188], [-95.51829085229417, 71.46448173385257], [-95.19523577113642, 71.52108274260759], [-95.7236527729594, 71.50022071322836], [-95.91127574613375, 71.55675871651252], [-95.85872474186613, 71.59003171447702], [-95.89695676586878, 71.60871571652724], [-95.71071084293725, 71.63114374448749], [-95.4957637658451, 71.72553571990463], [-95.21521579568069, 71.72774971745504], [-95.26747878757108, 71.7590877197731], [-95.22835578791774, 71.82854974381056], [-94.71269180703898, 71.8229426982452], [-94.57840281545298, 71.85906874863832], [-95.18987177950886, 71.8399977141891], [-95.22787881856733, 71.86168770330238], [-95.20452378445638, 71.94838470568322], [-94.46610075084884, 71.98789470613258], [-94.50399077891049, 71.95494572840136], [-94.37080883500016, 71.93348072483992], [-94.4811038148439, 71.90468974734212], [-94.44210681708618, 71.89325973307528], [-94.45698383842553, 71.85212070658498], [-94.652211759174, 71.813258750728], [-94.55561473346583, 71.74529970959073], [-94.47150077470627, 71.81656173908502], [-94.34173872616029, 71.80591473281994], [-94.39997785235828, 71.66882671708669], [-94.17468979949201, 71.79956072173725], [-94.11514578949537, 71.76344373768566], [-93.67527978682567, 71.75212171242491], [-93.67626084035439, 71.71233272336337], [-93.80499679338966, 71.64801872471072], [-93.35675180181664, 71.53150475438932], [-93.19353681601271, 71.45479771279764], [-93.15158788628581, 71.37951272720376], [-92.98205486141345, 71.34705874723615], [-92.93441783158462, 71.2813047277683], [-92.934264830461, 71.22166172745425], [-92.8507357841911, 71.15956173005259], [-92.90272888511726, 71.06723071688344], [-92.85922284022716, 71.03773770963285], [-92.90834480034445, 70.89965974107174], [-92.81971288451926, 70.86168872027098], [-93.05478387509625, 70.88445873039204], [-92.66904384346674, 70.77493772247274], [-92.63853382078277, 70.747289707523], [-92.71277482408314, 70.73256574645701], [-92.63590586560899, 70.72505072145792], [-92.69204782969376, 70.69451373741154], [-92.65344686348813, 70.67687372500279], [-92.33285786202528, 70.65063870247177], [-92.28489689194579, 70.61505271415533], [-92.33312784718447, 70.59412770927946], [-92.30426494132446, 70.5815457349257], [-92.26300893355908, 70.63385371252895], [-92.1707139252224, 70.6098957344488], [-92.14753896189141, 70.5871707236422], [-92.26733790217865, 70.55067570574916], [-92.19626488228569, 70.52058872929814], [-92.30493995737935, 70.50336271392851], [-92.11650689785237, 70.4860827245501], [-92.1113859623687, 70.44271171059658], [-92.03850392254938, 70.42848272462122], [-92.06680898432266, 70.38077374557585], [-92.0064279222497, 70.40765672896674], [-92.04211291410405, 70.34566471764548], [-91.96608994689382, 70.37651671620566], [-92.09259394358114, 70.29804572273913], [-92.0161119236081, 70.3104927253746], [-91.93861289304702, 70.23843872839188], [-91.91559995542798, 70.31329175411622], [-91.83072993243329, 70.31866474080799], [-91.89318098672645, 70.36977570715912], [-91.73341299075864, 70.36919072386657], [-91.6983309799408, 70.3594617407036], [-91.69593694650003, 70.19604872593362], [-91.62069699113034, 70.1961207113631], [-91.6614670369838, 70.2179547318026], [-91.63172198014809, 70.24481071678885], [-91.50042106229004, 70.18446571185034], [-91.52668302712513, 70.14987875803297], [-91.94142092512799, 70.12155571803633], [-92.21473292583546, 70.19007272680346], [-92.19999983482913, 70.25397272147262], [-92.24954495823776, 70.21760373098347], [-92.26846283582893, 70.25713175102129], [-92.36717487244854, 70.24738472609351], [-92.29199789159571, 70.22284173090465], [-92.27885785963004, 70.18971270643506], [-92.53966886963782, 70.18027174263993], [-92.39046687868246, 70.15707872966092], [-92.58826889667861, 70.08677072158248], [-92.47665986693472, 70.05020372200276], [-92.43287487601272, 70.0915947212073], [-92.24135494247199, 70.08943473092201], [-92.35258584370483, 70.0426707445897], [-92.29697492399887, 70.0401147265999], [-92.16507987538911, 70.10004572180638], [-91.93595791590357, 70.01794773747729], [-92.55762381904971, 69.80772573414426], [-92.5790708946175, 69.76200572285906], [-92.63436686507343, 69.78523473733712], [-92.8270928818621, 69.70985975742417], [-92.50556781871248, 69.71905772807898], [-92.67211290172034, 69.66974674853292], [-92.45280084803103, 69.70059872288586], [-92.27022688146525, 69.6704037432017], [-92.17835489428157, 69.6348987449295], [-92.28504984995556, 69.63947071466245], [-92.11244789080106, 69.55854273468712], [-91.74404194566561, 69.47188173005885], [-91.78639596407378, 69.50330972685252], [-91.67524595590638, 69.54024573172241], [-91.7222979764587, 69.55067674055205], [-91.60610803561633, 69.5665257448475], [-91.49634397543117, 69.65594971840363], [-91.37393507354317, 69.66238474035318], [-91.21672307103952, 69.65174674911043], [-91.30129606483234, 69.5606577354674], [-91.55027204992383, 69.51923074022405], [-91.19379106643463, 69.55874071276058], [-91.1316551165623, 69.51849272319814], [-90.98350619365814, 69.53225374560871], [-91.18921014081312, 69.4520097322157], [-90.93941516188345, 69.51894270984673], [-90.99475618763232, 69.4708377504051], [-90.8757222670593, 69.51023971879033], [-90.82189325667696, 69.4977837225558], [-90.84478922716006, 69.4710987363921], [-90.74027231287008, 69.48705574625734], [-90.81836523040641, 69.52931972197113], [-90.64603337051602, 69.54762572914488], [-90.37277544174269, 69.46369174883311], [-90.54429743185248, 69.42617973917412], [-90.7155132477849, 69.46150471439475], [-90.59041334311048, 69.41980772958551], [-90.82750924715151, 69.36638371529892], [-90.7753002683818, 69.36297273319623], [-90.8402173011295, 69.33817774345856], [-90.80518023920388, 69.28503272285674], [-90.85241220937137, 69.25735773187553], [-90.97785417903732, 69.27002073556564], [-90.91981317180894, 69.30423874433448], [-91.09709519340416, 69.2879397147288], [-90.9332052514184, 69.36135274136689], [-91.14574010915787, 69.29910872108381], [-91.42725102100269, 69.3581577430762], [-90.66998228668224, 69.09434974206872], [-90.64027335042397, 69.06322771951524], [-90.70614428664194, 69.01721973777508], [-90.55825637433902, 68.96121273608958], [-90.62685436589717, 68.92345772121826], [-90.44975239216265, 68.88979771991507], [-90.49444640536167, 68.85540874761134], [-90.42251844067657, 68.8516287256806], [-90.52187835695241, 68.84423072892241], [-90.59703734094812, 68.81162373929479], [-90.46534043571461, 68.832809749028], [-90.43408346960211, 68.78916875668409], [-90.53051836761362, 68.738399730573], [-90.47493442151497, 68.70233672181925], [-90.55343238267501, 68.61752072237502], [-90.48185543845574, 68.60065474312513], [-90.53210245494114, 68.57565272053455], [-90.47807542081304, 68.51685574658501], [-90.60610030922216, 68.45327975576329], [-90.29559148551674, 68.37461973475895], [-90.50972839981391, 68.32781972316637], [-90.31905455434662, 68.35418973012825], [-90.28161453913317, 68.24969073939853], [-90.22793859467508, 68.22685772317226], [-90.09730367888271, 68.26288474264585], [-90.18112059401979, 68.31522875844134], [-90.00893271774513, 68.3700207418709], [-89.99829480682912, 68.43688175101556], [-89.8356469472651, 68.4931407337678], [-89.94578887713274, 68.57006374068553], [-89.94393480462419, 68.62605274483028], [-89.80013295948342, 68.71873476654635], [-89.7568027353137, 68.67795277254747], [-89.69352808820521, 68.75997274306391], [-89.75779701574415, 68.96478574592429], [-89.27593762682864, 69.2635767601643], [-88.95199224918461, 69.23599177395825], [-88.74537963170155, 69.08233477388325], [-88.2193399822188, 68.92069481846285], [-87.9214861146729, 68.73467383885645], [-87.93031498787275, 68.59630779860242], [-87.76971064448439, 68.40307785486684], [-87.78555059664467, 68.30427582021987], [-87.90695106000355, 68.20368284990896], [-88.16777917040854, 68.24241880430878], [-88.16915618062356, 68.37929979835398], [-88.39501047814807, 68.28027282413105], [-88.25681582789215, 68.13284379271717], [-88.38718043990768, 67.96997081586541], [-88.21773791627288, 67.78071882280192], [-88.10428433041268, 67.73461181157246], [-88.11422927137232, 67.67041482789901], [-87.46246101639626, 67.36315485896891], [-87.41243923680841, 67.29640187728775], [-87.45047304109889, 67.26265189055329], [-87.3344367128952, 67.26995991876781], [-87.49189077333024, 67.18266886468365], [-87.45870800909651, 67.16148286203394], [-87.49905480911444, 67.11881386280847], [-87.83241876787154, 66.99898692045625], [-88.42382382451001, 66.68014497135246], [-88.88539883823476, 66.54294368682991], [-90.00480264965081, 66.29098912771255], [-91.58177546619227, 66.09619475149623], [-91.79059590894417, 66.00135124458323], [-91.68949014305618, 65.92793896155719], [-89.89929857535247, 65.84514598804593], [-89.24499327591546, 65.46790546262075], [-89.01881246027662, 65.38404569527336], [-88.00845698946857, 65.30255680594117], [-87.3165624609091, 65.32592388517226], [-87.37873408520751, 65.27262590376458], [-87.01757521932824, 65.2387589824073], [-87.02084220554751, 65.18845796668674], [-86.90748796092092, 65.13990296844547], [-86.99458936619365, 65.10396597371914], [-86.96957853708257, 65.04272099122774], [-87.12027354585062, 65.00423693326793], [-87.0691088384487, 64.97231393992051], [-87.27249861755558, 64.83091490977966], [-87.29437748298245, 64.74197689838314], [-87.42947576310368, 64.6965899182158], [-87.48911854218055, 64.72919687968067], [-87.54819418036362, 64.56392090241236], [-87.81102905169116, 64.5058168717236], [-87.84938690979136, 64.37282383751412], [-88.01047732786954, 64.28246384163585], [-88.04589218716553, 64.24525782933254], [-88.02179927208275, 64.1961898309293], [-88.10219599475577, 64.14877784600158], [-88.18891973755447, 64.16578782980201], [-88.48144588720537, 64.04174080409334], [-88.59813966472137, 64.0571938142596], [-88.54088181423323, 64.01939379694306], [-88.65207654350141, 64.04043576862723], [-88.57762869778253, 64.00166378517565], [-88.86057911577343, 63.990575765786865], [-89.15537117269857, 64.04929159653635], [-89.1025526918926, 63.95874275767091], [-89.267765457231, 64.01877276505509], [-89.26526349440141, 63.96847175903661], [-89.55519807761755, 64.08576877667421], [-89.51060317236838, 63.98578775874274], [-89.68432997520011, 64.09326575346877], [-89.67235997539248, 64.0368987640519], [-89.7086838911094, 64.03111175807659], [-89.79385988720908, 64.12895075891389], [-90.05901764116449, 64.13913875497488], [-89.89573977858616, 64.11665675906507], [-89.92767170464182, 64.07086475115814], [-89.81458684082689, 64.02025773996046], [-89.95227767363247, 64.00066475218705], [-89.81190484632096, 63.9610377624676], [-89.94526673055125, 63.91466976756744], [-90.01097568558542, 63.931193747989454], [-89.94110870611267, 63.95230773789533], [-89.99131965950895, 63.98302475431418], [-90.05983664861067, 63.95248775133491], [-90.21416855177716, 63.9998367655688], [-89.96000869950335, 63.80880276339916]]], [[[-61.90468944517222, 57.28513024985232], [-61.455767256451, 57.145103573234934], [-61.40156296083487, 57.012089398509765], [-61.442016628568, 56.87626699406659], [-61.68775012902995, 56.66095118197046], [-61.61005592294181, 56.29877785319673], [-61.370762778492924, 56.19538449581114], [-61.178416771963, 55.96700398596196], [-60.518902057785574, 55.868193648370166], [-60.45557222944235, 55.704566185962726], [-60.32441411075286, 55.58109267537863], [-60.47862397704066, 55.457712308888276], [-60.45318128692254, 55.332869571113754], [-60.00376861309955, 55.41434810982601], [-59.97171858197444, 55.325559547900276], [-60.61339802534246, 55.16867152995816], [-60.75671314941465, 55.07559523380255], [-60.954306594964855, 55.044237470915675], [-61.0718104176665, 54.95310344079009], [-61.434755325269506, 54.92340401676527], [-62.29528225004778, 54.637568160422], [-62.657502887621646, 55.882156807972294], [-62.897061625022964, 56.4452995331662], [-62.93946163621225, 56.66799583570489], [-63.5861866752758, 57.9679217794921], [-63.77766976758164, 58.214535019296946], [-64.16775808204822, 58.9079105697565], [-64.41720328157882, 59.201133144056314], [-64.55377730645607, 59.51692898555513], [-64.71249137866648, 60.16147176778753], [-64.6727560536195, 60.388973732557545], [-64.36559345975296, 59.940149491412114], [-63.88500375934302, 59.43411621797062], [-63.27646363876362, 58.90682447003155], [-62.779138648185615, 58.68414626928423], [-62.68683067554472, 58.601083917547165], [-62.65616974487538, 58.27243218667566], [-62.247514116419985, 58.02566462329638], [-62.21659279359608, 57.89455044175798], [-62.063586615626086, 57.78614789687815], [-62.027927467411885, 57.67925029925292], [-62.10379529984961, 57.55105423468536], [-62.0844294620803, 57.48653852975297], [-61.90468944517222, 57.28513024985232]]], [[[-68.04174089468033, 60.29951455997126], [-68.3788866683575, 60.20676684774504], [-68.47126899113607, 60.22548308707936], [-68.48967610717034, 60.27416058562771], [-68.30908838225218, 60.58004542260893], [-68.20529898832177, 60.60109987265294], [-68.066152955204, 60.59120783424168], [-67.88554861894696, 60.47999811832078], [-68.04174089468033, 60.29951455997126]]], [[[-115.45962027465826, 60.84404119105926], [-114.98810529734432, 60.87450153389403], [-114.12334474124837, 61.023141900474634], [-113.91109842421129, 60.98939754795196], [-116.05026068078284, 60.13846800539661], [-116.71292997367394, 60.74186765657953], [-116.23646124276517, 60.90706275799222], [-115.45962027465826, 60.84404119105926]]], [[[-112.9358494835846, 61.45516946122125], [-113.64981839814608, 61.10474665623109], [-113.70561399008115, 61.15870654814506], [-113.73218731789974, 61.28622529147472], [-113.3892133643801, 61.465761861236636], [-112.9358494835846, 61.45516946122125]]], [[[-114.98443152732106, 61.75737865211656], [-115.29644111963746, 61.780075630968454], [-115.83823930221311, 62.49824450240559], [-115.88378757111707, 62.631053613175666], [-115.69764429627136, 62.49368158095852], [-115.35367681481618, 62.4609324146888], [-115.28724079234722, 62.28952366636426], [-114.68955963736032, 61.90873812322517], [-114.692982657221, 61.85110304109475], [-114.98443152732106, 61.75737865211656]]], [[[-77.85961068368914, 63.41926804127418], [-77.67103668878492, 63.42530343100124], [-77.69752490892753, 63.40518767388776], [-77.64077833306044, 63.39930336039043], [-77.5099866148075, 63.24291465595671], [-77.58293775312339, 63.20531038781979], [-77.54073630853699, 63.19985772480688], [-77.56962485704943, 63.16912184907308], [-77.94205772800781, 63.08278315841427], [-78.56654552557202, 63.431023334329076], [-78.17887092997587, 63.49273579026011], [-77.78998255192622, 63.44904195467983], [-77.85961068368914, 63.41926804127418]]], [[[-79.54391206844518, 62.38434405807169], [-79.28429945101693, 62.235622713208755], [-79.36133116512738, 62.04973569472], [-79.31810763655956, 62.02293432139702], [-79.37970353534021, 62.0368564438996], [-79.47528155160865, 61.94211214900206], [-79.45886032914417, 61.88292842341665], [-79.69868717965784, 61.619549416726294], [-79.85934218498166, 61.57475454094731], [-80.09439862062358, 61.78406496291554], [-80.18543235554861, 61.77918606906433], [-80.25772423863165, 61.835984344606], [-80.28904838586907, 61.969292010455476], [-80.22627881543978, 62.14012155518192], [-79.94013522511224, 62.375474361633906], [-79.54391206844518, 62.38434405807169]]], [[[-82.06817188478432, 62.94937209321913], [-81.8992576796756, 62.92620674217395], [-81.97904346850015, 62.80260046034992], [-81.98683623617711, 62.690865425469084], [-82.31804309161248, 62.577230281065646], [-82.8056455524216, 62.28128192221561], [-83.07283968164509, 62.178573309953606], [-83.41421061930771, 62.24618960286021], [-83.72529110251115, 62.134769101676895], [-83.74608958337235, 62.28461909235405], [-83.96189278404651, 62.4432797671636], [-83.59747936398506, 62.68350829640253], [-83.62648523179807, 62.75138623243556], [-83.58266625713337, 62.82146030717476], [-83.38961616676238, 62.91351262716253], [-83.21311693769289, 62.91751795975061], [-83.13401996131672, 62.852043104434934], [-83.00602908042701, 62.84225141019951], [-82.70574503474064, 62.94499611320674], [-82.4387429443054, 62.9267358706216], [-82.28420744755437, 62.98924135123658], [-82.06817188478432, 62.94937209321913]]], [[[-112.06451104477037, 40.73540634726549], [-112.21884682826946, 40.78897459723394], [-112.2116022214326, 40.94847517857353], [-112.11867285440954, 40.92230496991009], [-112.06451104477037, 40.73540634726549]]], [[[-113.42117024735559, 42.2216366409718], [-113.16830532314833, 41.94598280502613], [-112.8158582075669, 41.11853620936961], [-112.73515539846471, 40.793411276114504], [-112.84522717120659, 40.18669655890208], [-113.20061786791007, 40.1203285176747], [-113.06109065752163, 40.2443985639407], [-113.42775087944725, 40.33162337771434], [-113.92551931796716, 40.71341214617897], [-113.98533944545726, 40.71361393753413], [-114.110675449081, 40.601674112605735], [-114.28732597410368, 40.69535267394349], [-114.43439263182883, 40.62036653665423], [-114.22795966676641, 40.506866999656594], [-114.20899998079605, 40.38583460499257], [-114.12928782003318, 40.29080158961594], [-114.13580137385931, 40.181746952155486], [-113.94189902043989, 40.02539671615387], [-115.0168122750898, 39.96194036014217], [-116.0674163616539, 40.202239020588785], [-116.10286445570195, 40.39853589616129], [-116.09859879843569, 41.58341828501524], [-116.06091144769395, 41.829603761520495], [-115.51893055431924, 41.98020989553396], [-114.67918583210616, 42.035470075088966], [-113.73132132549871, 42.27426100620052], [-113.42117024735559, 42.2216366409718]]], [[[-102.95964654977266, 43.35465811118515], [-103.11606131295042, 43.303604960149194], [-103.43253060487642, 43.29788907653003], [-103.49877440238598, 43.252290233250804], [-103.49846585926167, 43.166796897834566], [-103.38058704358367, 43.022807554247315], [-103.46427894238491, 42.8305826486725], [-105.31681233797724, 41.694793080820396], [-106.44736522289767, 41.196987403421545], [-107.55341767828614, 41.09445900610756], [-108.56776181247326, 40.8232883735198], [-108.8599021523608, 40.864747124468806], [-109.98400397507754, 40.81393124550113], [-110.73174985761115, 40.6755386466907], [-111.06678146361733, 40.992723511759955], [-111.47906502553654, 41.68525401184386], [-111.70945693243483, 42.17567572175898], [-111.6748958599443, 42.35129861229538], [-111.76255583192822, 42.47025000265583], [-111.85825924200464, 42.499567534185594], [-112.9220898946543, 45.55020725773658], [-110.89309588273697, 46.17934038270748], [-108.74163877193975, 47.089039488151414], [-108.25582610613698, 47.2444005869407], [-107.49855553572803, 47.609800392729234], [-105.57866589213835, 48.30584104295642], [-104.91283228515415, 47.68533884833909], [-103.9543674317755, 46.64812553077392], [-103.02455458524923, 45.047399200568115], [-102.85466230170809, 44.17710882924046], [-102.95964654977266, 43.35465811118515]], [[-111.40907567956869, 42.42916457210719], [-111.48187812456018, 42.08117033794056], [-111.35884506345077, 42.02835759181193], [-111.28334138069918, 42.11320624244929], [-111.40907567956869, 42.42916457210719]]], [[[-51.086742691665286, 66.30204580457604], [-49.57570159797929, 66.59076880528066], [-47.99287659820069, 66.53093002967606], [-46.428912649154775, 66.34567163593259], [-44.37846537958012, 65.85960789264611], [-40.477636718750006, 64.34443359375], [-40.69853515624999, 64.329736328125], [-40.686425781249994, 64.266943359375], [-40.78173828125001, 64.22177734375], [-41.58100585937498, 64.29833984375], [-41.03056640624999, 64.121044921875], [-40.82568359375, 64.162548828125], [-40.617773437500006, 64.13173828125], [-40.65234375, 63.92773437500001], [-40.550390625000006, 63.725244140624994], [-40.77153320312499, 63.62617187499999], [-40.77519531249999, 63.533642578125004], [-41.048730468749994, 63.513818359374994], [-41.05615234375, 63.412255859374994], [-41.152246093749994, 63.34892578125], [-41.10771484374999, 63.273779296875], [-41.38789062499998, 63.061865234375006], [-41.844482421875, 63.07026367187499], [-42.17451171874998, 63.2087890625], [-42.093994140625, 63.116748046874996], [-41.63447265624998, 62.9724609375], [-41.64360351562499, 62.915869140625], [-41.90898437499999, 62.737109375], [-42.058251953124994, 62.693994140624994], [-42.941650390625, 62.72021484375], [-42.673681640625006, 62.63750000000001], [-42.152978515625, 62.56845703125], [-42.2431640625, 62.466064453125], [-42.19794921874998, 62.397119140625], [-42.32148437499998, 62.15273437499999], [-42.14306640625, 62.013525390625006], [-42.110205078125006, 61.8572265625], [-42.24970703124998, 61.77138671875], [-42.585302734375006, 61.71748046875], [-43.23976074421986, 61.82546236212628], [-44.027850907160094, 61.882884732689924], [-45.80282231530303, 61.77598301335983], [-46.55464822433814, 61.68408104261456], [-47.506362154996935, 61.498852975236034], [-48.37812499999998, 61.1384765625], [-48.49482421874998, 61.22470703125], [-48.92207031249998, 61.27744140625], [-49.049218749999994, 61.523876953125], [-49.2890625, 61.589941406250006], [-49.193115234375, 61.68564453125], [-49.31123046874998, 61.747802734375], [-49.380273437499994, 61.890185546875], [-49.039648437500006, 62.039355468749996], [-48.82871093750001, 62.079687500000006], [-49.120458984375006, 62.112597656249996], [-49.348535156249994, 62.010205078125004], [-49.623779296875, 61.998583984375], [-49.66425781249998, 62.016943359375006], [-49.667724609375, 62.15087890625], [-49.553466796875, 62.23271484375], [-50.319238281249994, 62.47319335937501], [-50.25932617187499, 62.578076171875], [-50.256005859374994, 62.67978515625], [-50.298730468749994, 62.72197265625001], [-50.076025390625006, 62.903759765625004], [-49.793115234374994, 63.044628906250004], [-50.09223632812498, 62.9767578125], [-50.39008789062498, 62.82202148437501], [-50.501562500000006, 62.944921875000006], [-50.743505859375006, 63.05126953125], [-51.013085937499994, 63.25756835937501], [-51.468847656250006, 63.642285156250004], [-51.538183593750006, 63.75800781249999], [-51.45107421875, 63.90478515625], [-51.547509765624994, 64.006103515625], [-50.341894531250006, 64.170361328125], [-50.26069335937498, 64.2142578125], [-50.48662109374999, 64.20888671875001], [-50.43706054687499, 64.312841796875], [-50.721044921875006, 64.22333984375], [-51.48710937499999, 64.103271484375], [-51.682031249999994, 64.16474609375], [-51.707861328125006, 64.205078125], [-51.40375976562498, 64.46318359375], [-51.231542968750006, 64.560595703125], [-50.83491210937498, 64.558984375], [-50.849218750000006, 64.644677734375], [-50.492089843749994, 64.6931640625], [-50.355126953124994, 64.682568359375], [-50.158203125, 64.48955078125], [-50.00898437499998, 64.447265625], [-50.12163085937499, 64.703759765625], [-50.29887695312499, 64.778564453125], [-50.516992187499994, 64.76650390625], [-50.96064453124998, 65.201123046875], [-50.721582031249994, 64.797607421875], [-50.780175781249994, 64.746142578125], [-51.220605468749994, 64.628466796875], [-51.13896484374999, 64.7857421875], [-51.25537109375, 64.75810546875], [-51.363623046875006, 64.7015625], [-51.47045898437501, 64.551806640625], [-51.8349609375, 64.231982421875], [-51.922607421875, 64.21875], [-52.06318359375, 64.34609375], [-52.0888671875, 64.68154296875], [-52.259033203125, 65.154931640625], [-52.44760742187499, 65.205126953125], [-52.53769531249999, 65.32880859375], [-52.179589843749994, 65.441943359375], [-51.619140625, 65.71318359375], [-51.091894531250006, 65.77578125], [-51.72343749999999, 65.723486328125], [-52.34824218749999, 65.461328125], [-52.55126953125, 65.461376953125], [-52.7609375, 65.5908203125], [-53.198974609375, 65.59404296875], [-53.23374023437499, 65.770849609375], [-53.106347656249994, 65.9771484375], [-53.24374999999999, 65.97905273437502], [-53.392041015625, 66.04833984375], [-51.086742691665286, 66.30204580457604]]], [[[-76.98845997992167, 63.64302779560539], [-76.6916360348642, 63.56766560300985], [-76.71085946836472, 63.53916176444281], [-76.63225964960358, 63.5070534694348], [-76.74415207153108, 63.43908949768499], [-76.56596136109862, 63.45425369316221], [-76.7018861738356, 63.37601950884122], [-76.9464888103301, 63.39919291888457], [-77.41360997667064, 63.585808341138055], [-77.34275799738612, 63.620874694999486], [-77.4389385995624, 63.63272445061775], [-77.33060108850565, 63.68803303015059], [-76.98845997992167, 63.64302779560539]]], [[[-104.22806257089057, 68.02810630497444], [-104.416589785928, 67.82987806334341], [-104.48863985698317, 67.65488809254956], [-104.66310240933034, 67.43198521665778], [-105.20336728320886, 67.04913714355803], [-105.58090989637716, 66.61322846915769], [-106.31201155926979, 65.94355232591793], [-106.17336477780549, 65.55580815580223], [-105.93835432040568, 65.42522880046586], [-105.93455617310997, 65.23207207309858], [-105.84357100494704, 65.07235329805057], [-106.05314449633164, 64.68886447502325], [-106.38746280568836, 64.38084537199076], [-106.84799571965324, 63.67292536558804], [-106.99057349438677, 63.538495700307465], [-107.37042823543123, 63.428228066131624], [-107.77109949705147, 63.066251385682854], [-109.92251206005793, 62.53326595974213], [-111.63652615984599, 62.01827507417449], [-111.67123363033475, 62.097232725272214], [-111.62135662485048, 62.166103542882276], [-111.22361660571354, 62.36495103378592], [-110.69405054078645, 62.500654627094036], [-110.78307528951343, 62.553652167736246], [-109.81791433155766, 62.67097677262984], [-110.13535412702741, 62.7152445459749], [-111.12121085837326, 62.656494636928656], [-111.65215337658476, 62.45543884218566], [-111.5028704545324, 62.6180816133635], [-111.22660716082913, 62.727215545540275], [-110.42925807391181, 62.86608085543997], [-109.37306563422503, 62.7614961372838], [-109.0895671313579, 62.82331513526492], [-110.12523109528424, 62.94837804053298], [-110.71269314989598, 62.92852540262667], [-111.0656619444915, 62.860156108386114], [-111.5871888874057, 62.67831008963759], [-111.77779969473802, 62.421863751962775], [-111.98493013530691, 62.29335141166531], [-112.32789746607386, 62.17386267971211], [-113.13052033622628, 62.031350380927414], [-113.45868648399998, 62.03052666263861], [-114.06583265430953, 62.26110405473825], [-114.31803332186388, 62.503162501805285], [-114.4414149287721, 62.371668292661965], [-114.58525807913422, 62.37812006206749], [-115.68896541384345, 62.68472650013971], [-115.7512281988537, 62.76013145280269], [-116.10943034365228, 62.8183262307947], [-116.17981233898657, 62.88582690031174], [-116.11573702204632, 63.030438255594234], [-116.46968998603965, 63.38783583190591], [-116.46834144504582, 63.55857655540125], [-116.703294090911, 64.11791911664538], [-116.737488290989, 64.91007877112284], [-116.67007963173513, 65.28064979200045], [-116.20075581287803, 66.17475060864639], [-115.92504313266146, 66.9579303768882], [-115.94546399675073, 67.21000448144247], [-116.14277288429611, 67.59011643768203], [-116.55150355942409, 67.8235562892669], [-117.05921997002655, 67.95408794776718], [-119.21585574675163, 68.17177755581383], [-122.22808942175492, 68.33218115092377], [-122.11444021678344, 68.35436450993834], [-123.12448262057505, 69.26724918537393], [-123.20692022122705, 69.57407867021836], [-123.12232517399637, 69.8055513011845], [-121.91849246121123, 69.81107314557663], [-121.40195039506735, 69.76478451880772], [-120.9413530181137, 69.66043168546494], [-120.26608443351262, 69.40571495557013], [-118.89747265202682, 69.26911201623], [-118.1760883878006, 69.07003118479854], [-117.3123773347721, 68.94172145794394], [-116.98630753895885, 68.92391658201136], [-117.01240177262157, 68.94587987833893], [-116.96915956208208, 68.95625678776581], [-116.57296218744152, 68.90227386022994], [-116.39877278008271, 68.98637286343238], [-115.92040620265801, 69.02019130643095], [-114.96329380310013, 68.86398656448637], [-114.56595194929051, 68.73826536636184], [-114.13224142297064, 68.51763383925746], [-114.01445258904106, 68.41443136358112], [-114.0023048636502, 68.30961767320747], [-114.19306195276928, 68.24208386989528], [-114.61611585920187, 68.2737276642708], [-114.76595359327328, 68.24687660531885], [-114.85208872119507, 68.17864374717661], [-115.1622060342428, 68.16937948293848], [-115.23038168470394, 68.10064559825284], [-115.19214461565159, 68.02468396773897], [-115.5824414722814, 67.92062976876551], [-114.31029231193443, 67.73394817363601], [-112.47001783604367, 67.69300485756352], [-112.09636008837468, 67.77578354243414], [-111.69082487899121, 67.74514286988182], [-111.36933135340801, 67.83545285298754], [-111.10125969410281, 67.79669154890807], [-110.55975697198276, 67.95580407026789], [-110.30347215674863, 67.96825377851263], [-109.39192350419489, 67.6413696353369], [-109.01063871531794, 67.33848213907767], [-108.85365037766817, 67.30053104382439], [-108.73772925435131, 67.35508900497956], [-108.7231084882797, 67.62833073322085], [-108.63132649501989, 67.64137174575046], [-108.57552817361598, 67.57123030942189], [-108.25570912279056, 67.57880393030491], [-108.1483503019936, 67.75491031928581], [-108.15063108066752, 67.84337309962645], [-107.77414869422707, 68.06021372822107], [-107.36719196675008, 68.15020500099897], [-106.92544433831753, 68.17864121860862], [-106.68255847813764, 68.23973711776102], [-106.49151908248511, 68.36789315714229], [-105.89534349096218, 68.48299498439751], [-105.95356123724832, 68.63819475995135], [-106.21071581664185, 68.64665206267605], [-106.67529902627241, 68.52345463034318], [-106.73667738146234, 68.46433825300196], [-106.74472173805172, 68.40806900363941], [-106.69638080227469, 68.3831787478348], [-106.7289230191745, 68.35457880299931], [-106.98408376186242, 68.36912612517594], [-107.20637474286202, 68.26608871649638], [-107.28522209790499, 68.32533755925586], [-107.79141967719724, 68.35285773319991], [-107.88731464709853, 68.2839267472646], [-107.58028874752956, 68.17225474752141], [-108.13685545527514, 68.18574501094213], [-108.37938060486884, 68.12504074948508], [-108.40586758812924, 68.16931175573347], [-108.34375854513688, 68.13901775752504], [-108.27765357319893, 68.17289373695291], [-108.40080846640788, 68.18255148618759], [-108.52752450627514, 68.15198824605518], [-108.58741088572441, 68.18878191412784], [-108.59958348892918, 68.27438674671954], [-108.93469981904849, 68.25963637303204], [-108.97443765346604, 68.28334181083937], [-108.94984528032221, 68.33148778858431], [-108.3625374762736, 68.63002180871777], [-107.694315047884, 68.69651161133307], [-106.36828623511497, 68.95431721202064], [-105.9973281829912, 68.90718346411852], [-105.50478978872582, 68.70716074063465], [-105.50859681648888, 68.59732472537777], [-105.39414382730153, 68.47925373020044], [-105.5250826023503, 68.43200372126081], [-105.19031631927507, 68.31240735803758], [-105.04955905724655, 68.35558137580048], [-104.98475717616839, 68.28927287965506], [-104.78030814354155, 68.25393587921661], [-104.58288169083484, 68.09528129215745], [-104.22806257089057, 68.02810630497444]]], [[[-66.84000601603572, 65.06017992130855], [-66.60621369303855, 65.0111845799647], [-66.55129765571095, 64.97531442928488], [-66.5784577556581, 64.93445033488337], [-66.41972699441948, 64.91463164113587], [-66.40602487730855, 64.86625484243417], [-66.35434746820103, 64.90651713488404], [-66.12294672330603, 64.8594440675381], [-65.9389197421791, 64.88870599209774], [-65.85231022898365, 64.85859662473966], [-65.8799512443225, 64.80734190861006], [-65.78806580400855, 64.85130159858569], [-65.7636003495581, 64.81945599110044], [-65.83413869996066, 64.73467624364545], [-65.80748910015471, 64.69237873884163], [-65.76075096990442, 64.78372057317601], [-65.65152522727544, 64.72834700807962], [-65.68946003891546, 64.6460951122338], [-65.86195093549718, 64.60089272484112], [-65.79409198629435, 64.58281777242878], [-65.80204888256625, 64.50206922873751], [-65.60136473023672, 64.5079549557949], [-65.6021309388362, 64.47479264100816], [-65.47177215794034, 64.54961028176587], [-65.44353752051859, 64.51642521678188], [-65.50046922307745, 64.47434346189694], [-65.49030745895175, 64.44229277624034], [-65.34549879544154, 64.54629738363147], [-65.3283922224445, 64.50498017755606], [-65.24219532570756, 64.5094722057645], [-65.30383614263569, 64.48393045804235], [-65.20084332488487, 64.48902441749118], [-65.20542836367075, 64.4241215426145], [-65.38556305176067, 64.38158301371128], [-65.28141130591463, 64.34758228204262], [-65.41631630767407, 64.2975877019186], [-65.35611184700436, 64.1781329412257], [-65.27831795615467, 64.13938310412243], [-65.32447247582661, 64.11676072917182], [-65.24235234026379, 64.10568024357792], [-65.30634896587605, 64.07767303145489], [-65.20215491563029, 64.08836995735948], [-65.03128502108696, 64.01254180787318], [-65.10894648451523, 63.96993160781772], [-64.93954359314888, 64.03081396960893], [-64.79087569865347, 64.01053309938195], [-65.114251304769, 63.82823180912493], [-65.06122537012631, 63.80744432149623], [-65.08535407009181, 63.77692029599847], [-64.81944103612223, 63.7696117379521], [-64.67116953695054, 63.70042207865866], [-64.65132379229584, 63.65357373286415], [-64.69924145052103, 63.61081470868714], [-64.82784834961939, 63.68600311031307], [-64.67827059915194, 63.57897022787517], [-64.73015258524575, 63.56638709344244], [-64.65461758331566, 63.55524457506987], [-64.64291289455882, 63.49164539707469], [-64.70904475562723, 63.48229745727801], [-64.6226243975835, 63.46040293744267], [-64.67202043488857, 63.40936600909918], [-64.7621385700323, 63.42938048234921], [-64.85472340636086, 63.40163292938739], [-64.64983255748791, 63.38284536145359], [-64.67781329454131, 63.31051351027879], [-64.77075277904083, 63.330607524211366], [-64.65195911347533, 63.27464894390067], [-64.76929316385531, 63.241096144740304], [-64.86013734738661, 63.293702740580216], [-65.00042451284895, 63.562417080457514], [-65.30740906812858, 63.7827576625386], [-65.2687246230494, 63.79347992783812], [-65.41286850434923, 63.802680790536854], [-65.10182952533684, 63.60838446256318], [-65.25520388308769, 63.58883978706832], [-65.14255959400406, 63.473196849136336], [-65.23907108006915, 63.45497340600127], [-65.1613168182393, 63.43466540292129], [-65.26061711890236, 63.40785911101241], [-65.08730147961025, 63.38865184271077], [-65.04127753291696, 63.31129563920984], [-65.05355916133858, 63.25133144091885], [-65.15617774089858, 63.323963061920004], [-65.12987613822774, 63.26244609857365], [-65.25080333124194, 63.29333720411417], [-65.08058603543174, 63.227005352935045], [-65.1790298026183, 63.22196844708153], [-65.14657742950106, 63.19572808247064], [-65.18422766321166, 63.17641792767141], [-65.0737259248761, 63.193337915299274], [-64.90834890504493, 63.13656446308149], [-64.8752341115977, 63.109050932899166], [-65.09085106639237, 63.098370547522165], [-64.90805726509376, 63.087883205948366], [-64.98787551718708, 63.05884628230042], [-64.90002667735556, 63.0144479655613], [-64.96707047798526, 62.971390529632366], [-64.75622593561513, 62.92780871670023], [-65.00955973670261, 62.88676063069373], [-65.21523231138312, 62.96777984559749], [-65.23794725782682, 63.0220492422871], [-65.22758386650537, 62.94277699583872], [-65.34934797186048, 62.97646704392968], [-65.38927244162825, 63.03987488087677], [-65.37315707172507, 62.97049885494124], [-65.29396489715491, 62.94169935073742], [-65.2705890439376, 62.8524612126276], [-65.15010906972368, 62.76723365264789], [-65.35065472213643, 62.848425823185046], [-66.73355141744521, 64.08077127829786], [-66.76880518000114, 64.25619323093466], [-66.9180722237604, 64.43141633438354], [-66.96386840268832, 64.90453834606575], [-67.04009608784246, 65.11707734367877], [-66.82701509998364, 65.17876603667968], [-66.84000601603572, 65.06017992130855]]], [[[-85.40320957036397, 65.79398744974812], [-85.35621235337797, 65.83218346404239], [-85.15622715366227, 65.77607757490635], [-85.12475468985153, 65.73435362049575], [-85.15891806840082, 65.7176225813412], [-85.02813269688617, 65.62099869953502], [-85.08904337821215, 65.56622912990218], [-85.2758616966922, 65.56237253191857], [-85.25608003220097, 65.51498753040268], [-85.00822492707272, 65.42645469251013], [-84.89973219253963, 65.21478376601499], [-84.76752527934673, 65.22129084294033], [-84.6993071339468, 65.36105189809516], [-84.51143724615582, 65.47742207622962], [-84.41114408895278, 65.44272714715032], [-84.41300699491052, 65.40591716191015], [-84.13491585067926, 65.34043344357491], [-84.22655066719095, 65.2652023406565], [-84.10741261230814, 65.20261650122396], [-83.38643477792981, 65.13372248689694], [-83.17100372620813, 64.94414690146654], [-82.72455011280266, 64.78474888433546], [-82.50612685696518, 64.73439449476773], [-82.35486696388412, 64.76722691839538], [-82.17980486193989, 64.71202145111948], [-82.20111485407469, 64.6897103860711], [-82.06634317285666, 64.68564283922969], [-81.82290798925766, 64.55994078800445], [-81.70903388199682, 64.47211930299275], [-81.75835731102892, 64.4291530674224], [-81.70616284543586, 64.39023731381789], [-81.73921578848697, 64.31101018589078], [-81.70724210239499, 64.2616903419915], [-81.56799157563137, 64.17868397822743], [-81.58103077681179, 64.12326192586447], [-81.95925983691228, 64.04631036402117], [-82.00310337964267, 63.992940184882], [-81.9581076174788, 63.968019368615046], [-81.47656175566765, 64.02203043948944], [-81.39694909515923, 64.08687582614817], [-80.9439432684232, 63.96878942261684], [-80.90709418814029, 63.9876896755105], [-80.97652779998809, 64.05463122413192], [-80.91110825180837, 64.08425061447477], [-80.93179628458574, 64.1220684794522], [-80.70549207720056, 64.03891002939699], [-80.73654528052833, 63.99092181942819], [-80.54984655771885, 63.981140222899754], [-80.52250936938894, 63.94778642987759], [-80.565556941087, 63.90358714060469], [-80.47431401369606, 63.89043884119473], [-80.707344489076, 63.885946063591994], [-80.20193833746264, 63.78614925054947], [-80.17871398243139, 63.74680146245175], [-80.13554169816678, 63.76904988573337], [-80.19091494949573, 63.713852347490324], [-80.48591108901097, 63.70598381671478], [-80.5939802758799, 63.61554199036749], [-80.92601467234758, 63.50797166234379], [-80.96039781599491, 63.439283461298274], [-81.05608048336462, 63.433360859333895], [-82.07415930010292, 63.674933971774145], [-82.47935037431424, 63.65912867259203], [-82.54329984310928, 63.74496146466198], [-82.3436147250404, 63.85516706986495], [-82.57433023963591, 63.95359936553887], [-82.89776848726115, 63.97376754774533], [-83.0608386222505, 63.933708192382625], [-83.15131962377282, 63.9699509976083], [-82.93525157904386, 64.12818043925037], [-83.06236908919684, 64.18237818152544], [-83.1721987961284, 64.10449196552385], [-83.28912961893732, 64.13543373044712], [-83.53200978662679, 64.08944330330286], [-83.67074756556028, 64.00000109976263], [-83.60174736656624, 63.91964021099569], [-83.6396086723383, 63.86816016976871], [-83.5798511558191, 63.818552241654025], [-83.61308664392234, 63.76893521584471], [-83.75080785224495, 63.77113098895404], [-84.081905357025, 63.58672059722655], [-84.31122700141657, 63.63195430387747], [-84.30252426903125, 63.59285834752587], [-84.4554387112349, 63.47497618048039], [-84.47989089104169, 63.36829914436615], [-84.59355783591913, 63.291007072187405], [-84.98691162545015, 63.16155976556292], [-85.44984512973085, 63.09674147166143], [-85.6205185941303, 63.174528405778425], [-85.66539204455724, 63.263502356615646], [-85.66749807754249, 63.39466837484003], [-85.60997095105361, 63.5026414107972], [-85.63908561031732, 63.61067735657539], [-85.5986671710062, 63.64736140794577], [-85.71570159058008, 63.74721635832867], [-85.63030184270528, 63.78767137767082], [-85.66605829576916, 63.81347438026401], [-85.5811985844378, 63.89085640050511], [-85.64123664223472, 63.88394436768683], [-85.38701776340966, 63.99999949821101], [-85.56745584084585, 63.968400393320955], [-85.68184414616223, 63.88795835444086], [-85.79185848199351, 63.7071663037798], [-86.26662996951376, 63.63486915765768], [-86.56918020234505, 63.660663043658374], [-86.96351222071844, 63.543158973284385], [-87.20361279058926, 63.600308940182686], [-87.22709367673879, 63.6928289251819], [-86.99899903752305, 63.86523296373981], [-86.18694498235128, 64.08788417484845], [-86.18555000513612, 64.1680651856293], [-86.35599931149763, 64.30543211613819], [-86.33233853438598, 64.40646610909964], [-86.37928208874203, 64.43067609423223], [-86.39546402539715, 64.58319909733505], [-86.12353199826596, 64.92479418212852], [-86.19732217473877, 64.99914314983329], [-86.11984203952072, 65.10390317652386], [-86.14224287130288, 65.28177915190338], [-86.08116959433663, 65.36068219066799], [-86.13247804416606, 65.37798918713344], [-86.00148471754939, 65.70092722727787], [-85.52644457416592, 65.92219240065651], [-85.48211130675026, 65.92100442181598], [-85.47936626510013, 65.8053274198057], [-85.40320957036397, 65.79398744974812]]], [[[-68.84414486352208, 66.53731786297693], [-68.60043097135215, 66.35446578239672], [-68.54649327851422, 66.2153857587492], [-68.57739120928495, 65.92850084036547], [-68.81044814162824, 65.21626366133785], [-68.88489435505235, 64.754936307443], [-68.85755865593438, 64.46797573341624], [-68.63268867686128, 63.74538684710791], [-68.75267547623852, 63.77573948520106], [-68.77442998439713, 63.73221685511606], [-69.20821239439968, 64.04892712949899], [-69.65098308957212, 64.29037927524577], [-70.56817726610163, 64.62377834345905], [-70.75688926065979, 64.76586304230133], [-70.98396141150111, 64.78946659996168], [-71.3051823455675, 64.64972071463109], [-71.54665858591345, 64.6266162271635], [-71.95099658911671, 64.80385960161433], [-72.4614136627282, 64.87438496562498], [-73.56448895155214, 65.51135344281569], [-73.63273237331143, 65.63500218935579], [-73.70523361995572, 65.66965917444081], [-73.662656610289, 65.71538505965344], [-73.69738386326877, 65.74586271817695], [-73.97193115424663, 65.83055904092711], [-74.47834281850581, 66.1477559571201], [-73.44170693715003, 66.54852348662712], [-73.32579914486756, 66.65134819689476], [-73.03473163839057, 66.72124723384258], [-72.49664127898113, 66.66252510386383], [-72.13794478018133, 66.67983770143712], [-71.32847678654431, 66.5556240504286], [-71.29253265632674, 66.46541376083242], [-71.22061934123819, 66.43550638734597], [-71.25533974559085, 66.42441505924819], [-71.21778682083132, 66.37062793555164], [-71.11335892988372, 66.3226171152295], [-71.16768517905695, 66.27079379074674], [-71.13237435723775, 66.22111930151485], [-71.19512207915177, 66.18401659503166], [-71.18947483172677, 66.12318007014034], [-71.30127899002952, 66.09237789675295], [-71.07467604742932, 66.06105326452989], [-71.10841614324079, 66.01565425771025], [-71.32683986576156, 66.00738361243847], [-71.30896921805866, 65.92800268418122], [-70.93744027503351, 66.07540871038331], [-70.87160797802146, 66.16102378159302], [-70.76212405819248, 66.14972183134819], [-70.62898329725104, 66.26492400242986], [-70.66677703189441, 66.30680969099785], [-70.47436988588173, 66.2553127762419], [-70.47469465452038, 66.2097020136758], [-70.34863596076691, 66.16411774182909], [-70.24382427045808, 66.1770863706639], [-70.2323099692989, 66.23855140926266], [-69.89065257985186, 66.26676780474092], [-69.86949137895955, 66.21435744250464], [-69.75490646579988, 66.18785170575619], [-69.76080950699945, 66.22849943668831], [-69.64188987522935, 66.25555614351704], [-69.67560826603159, 66.20767424949773], [-69.61038837249038, 66.18148284283323], [-69.53915036496062, 66.21709687775589], [-69.63175946644999, 66.21284148008313], [-69.53499226074051, 66.2500832460594], [-69.53455477412653, 66.29834848228445], [-69.3654049722631, 66.30244408449812], [-69.38352951739735, 66.34528715206625], [-69.30043981765766, 66.39315295645137], [-69.48554484903791, 66.40345224498842], [-69.28569316422289, 66.42528325199535], [-69.23142245841139, 66.37767090085254], [-69.17869153635246, 66.42061173180426], [-69.2417467597325, 66.4679107919117], [-69.5616897912204, 66.42562078810089], [-69.68125891861807, 66.45772539666373], [-69.24440161897837, 66.5571304483011], [-69.31307262731383, 66.58433962665711], [-69.38861630222405, 66.55121205320253], [-69.57579666790257, 66.61277630812204], [-69.83329456043357, 66.56422271088512], [-69.79464980961397, 66.59477294614341], [-69.83781277323322, 66.61154009815431], [-69.67500011481711, 66.62838025287685], [-70.32788632001372, 66.74744435106321], [-70.31562989981487, 66.710596727779], [-70.53890100440972, 66.73864849807387], [-70.54882480405891, 66.77415678615377], [-70.48491975701059, 66.77236882858463], [-70.5941625707278, 66.78743753279349], [-70.61638303122409, 66.8881524590483], [-70.84251565433738, 66.92957036028949], [-70.7890566771029, 66.96991523865657], [-69.22612602342672, 66.67508268480402], [-68.84414486352208, 66.53731786297693]]], [[[-84.71970073037684, 65.54038588212013], [-84.8203543100867, 65.5864928139497], [-84.8453558125532, 65.66117477898403], [-85.11200197047614, 65.75902259642298], [-85.16018717824922, 65.99668557199297], [-84.94112289288078, 66.02307370568705], [-84.71701906571326, 65.86952489607899], [-84.80738590867101, 65.84923880226746], [-84.71175426542527, 65.83393889828129], [-84.55298922880904, 65.66947301513179], [-84.60649282756238, 65.67188497663459], [-84.5632040000396, 65.64482200921978], [-84.58575724233401, 65.59039000589004], [-84.71970073037684, 65.54038588212013]]], [[[-62.40999796894324, 67.02685384747755], [-62.46071265901063, 66.91773785546802], [-62.23136446153289, 66.99762535834273], [-62.25142384746921, 66.9541237372689], [-62.12366132533496, 66.95653203559394], [-62.15533708602087, 66.91415491936398], [-62.33246298771013, 66.91380608021534], [-62.38144922294638, 66.88559462482428], [-62.021737020728054, 66.89366882966478], [-62.1604576039281, 66.8389998541102], [-61.940288107844765, 66.8305213075058], [-61.7260520735543, 66.64823940287289], [-61.964123689454375, 66.54666854448281], [-62.00541119156694, 66.44243236175147], [-61.90426445761433, 66.39148235695973], [-61.95729633603402, 66.35938706272661], [-62.29819967033829, 66.30855213557169], [-62.41691816783438, 66.34842101419014], [-62.62904312736647, 66.33303700272029], [-62.76640835615635, 66.28254641925375], [-62.789174114868764, 66.1955015463991], [-62.50345784257028, 66.17190722954695], [-62.46141501255972, 66.15387278391354], [-62.53852555432446, 66.11345094136274], [-62.404638837851195, 66.10869681482046], [-62.49558571132693, 66.05511862335337], [-62.366986943999024, 66.06826622346888], [-62.31510095619191, 66.03681983837134], [-62.701096601879605, 65.98488955680092], [-62.75083253943625, 65.910794202011], [-62.68305146083706, 65.91553546088724], [-62.69783839768878, 65.88194605762403], [-62.61492004557152, 65.823010694], [-62.81679829958648, 65.80140858953243], [-62.840435030046606, 65.84551337671745], [-62.9601733094742, 65.59166293707861], [-62.9626455784878, 65.65318142395913], [-63.0918125534181, 65.60325166597137], [-63.15727877968258, 65.65833529655838], [-63.226732544220795, 65.58966330548635], [-63.58442085062515, 65.67390083826477], [-63.61116143123267, 65.47841463212757], [-63.54178425032344, 65.44213337849614], [-63.637740783809555, 65.44583250304261], [-63.645123297241334, 65.3425755633351], [-63.604807030475314, 65.30639656645353], [-63.7029848144882, 65.31001372125696], [-63.72223802791111, 65.27278713921558], [-63.605457563341375, 65.2901799379763], [-63.598344356693474, 65.26074486992758], [-63.71377194846906, 65.25180585415224], [-63.56299548410634, 65.20758212736688], [-63.73582259885647, 65.21155043479011], [-63.6899553599214, 65.18608318159868], [-63.73979803004811, 65.16890862328992], [-63.57072490437237, 65.15642492299584], [-63.689722182703875, 65.10845535588584], [-63.59877942869304, 65.0764425358843], [-63.71022045742366, 65.07096006510403], [-63.63398251699217, 65.05196183665676], [-63.72787723920427, 65.04725575850951], [-63.69211209392888, 65.00526949238542], [-63.79960481062143, 65.0689010311458], [-63.7346927822467, 64.98474108492914], [-63.77118640939118, 64.98397066400246], [-63.77989947604269, 64.9024524334104], [-63.87814215437053, 64.92655950135124], [-63.885058751619, 64.9722138642529], [-63.81815117667522, 64.98159163587981], [-63.84199272085178, 65.01615342605264], [-64.04004649112446, 64.98529499366099], [-64.04201161700382, 65.02079936946807], [-63.88722515274511, 65.05316275878192], [-64.07804942547037, 65.04630691758793], [-64.1006042076075, 65.09373534539218], [-64.01166830462404, 65.20235577295006], [-64.14884368811803, 65.10870803303527], [-64.27583914588605, 65.14512547962966], [-64.27532160665561, 65.08197212344989], [-64.32336091677664, 65.05564131995196], [-64.39900180042483, 65.10135997508115], [-64.37286474531113, 65.12356952938265], [-64.43428318067735, 65.1036685507257], [-64.54926307544724, 65.18878829588009], [-64.63233444225365, 65.20510800147159], [-64.7289959043197, 65.10206245760256], [-64.81420330992849, 65.15108462562254], [-64.79047121957284, 65.1970707559041], [-64.87877112635306, 65.16547457649015], [-64.87553878298252, 65.22922926060276], [-64.78669537472464, 65.25621132019606], [-64.87732576988614, 65.28120541036643], [-64.96298101395406, 65.23891142793012], [-65.06743388405845, 65.31217330145107], [-64.84080463277373, 65.35485062648064], [-65.229242377699, 65.39301527163362], [-65.36313156468289, 65.55963514591892], [-65.30359015116939, 65.60314115111021], [-65.4445463871757, 65.55209889722369], [-65.47941751379176, 65.5765915869762], [-65.44716970475332, 65.62873109671348], [-65.5887379395352, 65.69056686093872], [-65.52840426295967, 65.78899710167408], [-65.63022161849658, 65.75082519253911], [-65.50472962131795, 65.89889879317077], [-65.02667725503863, 66.07028155189242], [-64.05838417298182, 66.6011882061196], [-63.4671430224866, 67.02817302675119], [-63.404937638907555, 66.95855663563025], [-63.1408550355029, 66.98197145570677], [-63.061959833553594, 66.94759909291145], [-62.724152291560365, 67.01327021758564], [-62.691708261113405, 66.97946732040148], [-62.74801143109846, 66.94945615780485], [-62.714111997954745, 66.94362963740238], [-62.59387378936037, 66.95384304129793], [-62.62930262662512, 67.06941766476578], [-62.353405182215965, 67.06747542598319], [-62.40999796894324, 67.02685384747755]]], [[[-84.05111171746616, 66.05648248441642], [-83.99410785383206, 66.07027506337458], [-83.64740578198665, 65.9042030165914], [-83.78465871261169, 65.80782183122592], [-83.4839910100707, 65.71202627916624], [-83.16719864889653, 65.71463683720718], [-83.25301780218298, 65.68580067507168], [-83.2330748506684, 65.64865770702363], [-83.36344193114986, 65.65682948085316], [-83.2807542432252, 65.62649963282983], [-83.61988459822949, 65.66915009055971], [-83.56895603519767, 65.696303162163], [-83.65081627863309, 65.67152602495774], [-83.61640178791687, 65.64255510505977], [-83.80475007564523, 65.63885581703366], [-83.77898882848008, 65.72198886260992], [-83.67369333226974, 65.74388601166815], [-83.81361851241742, 65.73651057459048], [-83.76620046636673, 65.78884988900255], [-83.94303422945198, 65.73096166969484], [-84.12794162272468, 65.76171443717826], [-84.05616018365522, 65.80813653103927], [-84.17238232763563, 65.97245838217782], [-84.342728802274, 65.99105219978443], [-84.46135428475488, 66.06409609181492], [-84.43807205239933, 66.14184711112202], [-84.05111171746616, 66.05648248441642]]], [[[-81.46745294988422, 66.99714188449185], [-81.81486479874208, 66.99723940789623], [-81.99311750603935, 66.94737876095385], [-81.98247134771395, 66.88851882125034], [-82.1675105888405, 66.75242922142651], [-82.12840016413755, 66.70731233157707], [-82.35195796872274, 66.73527466079395], [-82.57405024110986, 66.56766709588933], [-82.98088471806506, 66.54864914727125], [-83.00939478489727, 66.47217609153282], [-83.334752789319, 66.3445194764802], [-83.3271212739964, 66.38031251302117], [-83.53239187358328, 66.34203515957053], [-83.67500798680405, 66.17752396142886], [-83.82165671094683, 66.14551977562732], [-83.7683879984645, 66.21312782839777], [-83.95007261631743, 66.1967206060071], [-84.21714722404563, 66.31974130987224], [-84.32764557991645, 66.27302221339036], [-84.4671324532686, 66.40316206447098], [-84.62647290559725, 66.33190895251576], [-84.37505606307619, 66.22615015444488], [-84.35966645626787, 66.15433918646043], [-84.56343853446886, 66.22926399413272], [-84.93631716085353, 66.23534772772177], [-85.11036447560852, 66.33477960425256], [-85.11000438458771, 66.27942062067386], [-85.20902937505343, 66.26213153743636], [-85.29437485096481, 66.37914947418507], [-85.2949688806852, 66.4611574824683], [-85.42437764540958, 66.59459143330126], [-85.9620205428094, 66.50839820748806], [-85.92498597227326, 66.47623224154923], [-86.21819344886742, 66.55122910919499], [-86.2279404256033, 66.50917213354552], [-86.57111595893075, 66.55876203160041], [-86.58714484420308, 66.51122401567905], [-86.72020869470329, 66.53365198939316], [-86.71385471281557, 66.48049800190438], [-86.60890663573579, 66.43737004519309], [-86.78053517295427, 66.4322489727107], [-86.61118353834996, 66.3145740339671], [-85.84515691910734, 66.16591225014241], [-85.975178187564, 66.10537820969556], [-85.9633253513643, 66.0364652226763], [-86.31680519529749, 65.90280608892282], [-86.41600226828892, 65.91301208820529], [-86.40585932742563, 65.85551110087538], [-86.4688587047991, 65.80177206147503], [-86.41778417197789, 65.74995009054965], [-86.52858209678726, 65.66758207418395], [-87.4406586588089, 65.33869462720371], [-87.93000007353044, 65.35550418960798], [-88.21768356704197, 65.42240698241235], [-88.5220670909829, 65.57641172770961], [-88.82433187639697, 65.63118315207622], [-88.85785809081037, 65.71889026237149], [-89.10500709268945, 65.75942080422068], [-89.31982905290857, 65.8717161443962], [-88.44721992817975, 66.28845330430963], [-87.15599044107742, 67.09513981739086], [-86.91808421767928, 67.18715580519562], [-86.50623807818717, 67.22974804430105], [-84.9532883750102, 67.23955389354423], [-84.14836834697421, 67.19033647127459], [-81.25625445825297, 67.4126007715354], [-81.46745294988422, 66.99714188449185]]], [[[-71.27127204678978, 66.9879492768278], [-71.14996519554131, 66.9608678872317], [-71.19211094547867, 66.9173024454021], [-71.15813271737083, 66.88796663420074], [-71.19790025677379, 66.81724073410186], [-71.2947996087378, 66.78586866057431], [-71.39484817059159, 66.6497480057352], [-71.36913915047766, 66.63118121380066], [-71.44598882296415, 66.62631319888152], [-71.4225285906653, 66.60114866573284], [-72.30927234341205, 66.70605637293934], [-72.6337097916566, 66.69526340637489], [-73.02322714831934, 66.76900277718802], [-72.81681096157048, 67.02049028531707], [-72.40055107890431, 67.08594585896984], [-72.27463383406193, 67.20118529033458], [-71.13301425537207, 67.03041271106704], [-71.27127204678978, 66.9879492768278]]], [[[-86.61641014654424, 67.36007675518707], [-86.8998858750942, 67.32379289464039], [-86.954360185786, 67.31342739796811], [-86.94444216608822, 67.35896993792078], [-86.76717055273171, 67.42069197902079], [-86.61641014654424, 67.36007675518707]]], [[[-86.56185540496269, 67.71782700648602], [-86.88683371003151, 67.84046094343002], [-86.93287734239385, 67.89449694350121], [-86.82377126809234, 67.96584895971708], [-86.85518993665774, 68.03302496060142], [-86.97338612784559, 68.06417396421999], [-86.96351322665551, 68.10991195112409], [-86.89526669671724, 68.11473594808402], [-86.88049779914279, 68.18207393854175], [-86.64864177554402, 68.29916401472208], [-86.40663404026597, 68.20605007832648], [-86.42421979132966, 68.14885506759919], [-86.34213161520613, 67.9448160826036], [-86.41818075069872, 67.79887205866595], [-86.56185540496269, 67.71782700648602]]], [[[-52.11259765624999, 69.489111328125], [-52.770458984375, 69.363916015625], [-53.754345703125, 69.26015625], [-54.18271484374999, 69.403515625], [-53.65830078124999, 69.46513671875], [-53.82499999999999, 69.54033203125], [-54.73413085937501, 69.610546875], [-54.919140625, 69.713623046875], [-54.78789062499999, 69.949853515625], [-54.32260742187499, 69.94189453125], [-54.7736328125, 70.0525390625], [-54.83076171875, 70.132958984375], [-54.78623046875, 70.2177734375], [-54.37163085937499, 70.31728515625], [-54.0072265625, 70.296435546875], [-53.29672851562499, 70.20537109375], [-52.73115234375, 69.9447265625], [-52.045312499999994, 69.8072265625], [-51.97705078125, 69.722412109375], [-52.007470703124994, 69.686279296875], [-51.90019531249999, 69.60478515625], [-52.11259765624999, 69.489111328125]]], [[[-66.82632071008189, 69.14919865270754], [-68.40283961066675, 69.14068708915566], [-71.32777548261289, 69.2870472676943], [-75.61826412529966, 69.2516825638037], [-76.19109967017839, 69.42852748062477], [-76.39311772460135, 69.4136501810019], [-76.65028205170857, 69.55078096852972], [-76.4547826963421, 69.6651336603405], [-76.25803400582897, 69.62691061341252], [-76.2116361622502, 69.53325012218473], [-76.23286503190307, 69.63935876959441], [-76.19036651550944, 69.6709596595333], [-76.57458823527402, 69.70581752818785], [-76.65336245426792, 69.67806748337533], [-76.52592066768506, 69.64579873381275], [-76.68594293409438, 69.62934033264423], [-76.705029565561, 69.60530067350288], [-76.65295504894344, 69.61390668184815], [-76.72841309643002, 69.5612268566017], [-76.88045670812082, 69.59452116719997], [-76.81768060326525, 69.64099029355488], [-76.92911971943194, 69.60821738665658], [-77.16621374143713, 69.63675740774133], [-77.19404647865612, 69.66880542727272], [-76.79501669083186, 69.71430493018734], [-76.78057817981481, 69.74661537344656], [-76.92314751682343, 69.79359010965526], [-76.67956022871721, 69.85377292944266], [-76.94545674493067, 69.8151802713931], [-77.0629717076199, 69.82220528598978], [-76.99879781826162, 69.86593830588188], [-77.31068676549828, 69.84296051427457], [-76.98428750265131, 69.93131466536386], [-77.0033429361001, 69.97807789405421], [-76.96191864550792, 70.00130821008956], [-77.03064260934632, 69.98761694791881], [-77.00933036815015, 69.94898976277587], [-77.0451537804269, 69.93592960512692], [-77.62284948287922, 69.82462791429971], [-77.43793563051536, 69.79493291617021], [-77.60304323719875, 69.74433056587921], [-77.69516767767365, 69.81801105078138], [-77.6558037546919, 69.87823094645026], [-77.69959806247202, 70.0121226121856], [-77.63466820252086, 70.1752129310963], [-77.69984684277775, 70.22480123583955], [-77.87428623589093, 70.27434197548085], [-78.051618219718, 70.22288517260661], [-78.19599382139425, 70.27188716532937], [-78.1336859314601, 70.23740047989281], [-78.1650948936372, 70.20022087838355], [-78.30602896502604, 70.24460608997211], [-78.37490431448643, 70.21053086792834], [-78.55601120218215, 70.32164154452707], [-78.38334493437563, 70.35912951628684], [-78.58775749886557, 70.36910695237835], [-78.38856300082826, 70.39906236497023], [-78.60299639251063, 70.38293073029999], [-78.58965485770787, 70.33018199650526], [-78.7102528239138, 70.38919296475277], [-78.64585273187902, 70.43213294047159], [-78.71079287375844, 70.41000997593866], [-78.88191580864827, 70.4916822937037], [-78.91272715159737, 70.46339490561995], [-78.85899260714797, 70.42430872988592], [-78.94952847353264, 70.33096853803794], [-78.76002352000481, 70.1878984507306], [-78.74680667543464, 70.08251778475174], [-78.6657806095681, 70.06442006188155], [-78.65626160078176, 69.98536432792086], [-78.80757111511032, 69.88888203109498], [-79.38092553694246, 69.90046640018261], [-79.65017077883276, 69.85942349511843], [-79.78213442494827, 69.89477417225989], [-79.95008237781713, 70.03047454506053], [-80.31178166905609, 69.99155562388958], [-80.54526253814917, 70.06162797706617], [-81.73283486122925, 70.13750105455503], [-81.44125467941278, 70.00683122020162], [-81.28966292271856, 70.04167989112662], [-80.75750086713681, 69.76814575867402], [-80.95679616176163, 69.72309963412425], [-81.51084183474053, 69.94391196484028], [-81.71447635168855, 69.94462217183803], [-81.78045624265486, 69.93012293639487], [-81.75577200003724, 69.87790501960833], [-81.8266746771336, 69.90655179725346], [-81.95123824149643, 69.85354139441918], [-82.04221856306664, 69.89351906629078], [-82.15500366776057, 69.84028372725432], [-82.13383773988426, 69.8011968156807], [-82.21899620088334, 69.79792958594093], [-82.34888112296116, 69.83954522862274], [-82.21955430088813, 69.84774453291375], [-82.29730702364851, 69.87523034732556], [-82.4539377462393, 69.85764391695025], [-83.06538799856942, 70.02301764882128], [-83.74163774130231, 69.96234763863743], [-84.68612641965157, 70.01239577335464], [-84.85497101898535, 70.06901464110425], [-84.79712957153076, 70.1144826761528], [-84.99440457876409, 70.06969857644256], [-85.33291425649637, 70.1126373814106], [-85.86557928104284, 70.0954741786519], [-85.85423037874314, 70.05137418418283], [-85.61031624108521, 70.08134426137448], [-85.21831956645256, 69.99013846020159], [-85.79570423455247, 70.00848019364352], [-86.66913501249991, 70.26922799232534], [-87.77071884580612, 70.33947282251442], [-87.81180367630468, 70.30610984999888], [-87.62993255953354, 70.29331184125134], [-87.9334741181756, 70.24927479339559], [-88.25993906067575, 70.33399177755642], [-87.87845742247447, 70.31510079450425], [-87.91692328602139, 70.34479179905765], [-88.38107859947561, 70.45448378123771], [-88.66542383867852, 70.46411378085313], [-88.87825535278911, 70.5443397755722], [-88.99100717982749, 70.65974678013046], [-89.33866757105969, 70.80543878077124], [-89.43408545136661, 70.90928976566171], [-89.18335483191852, 70.96301975680974], [-89.54520828156059, 71.08640973256963], [-89.12987697771823, 71.02855776161837], [-88.44594151722058, 71.03240978394993], [-88.33816680590053, 70.96267778131867], [-88.16514235602347, 70.94325578571083], [-87.00915244847972, 70.99768789892858], [-87.7492180001546, 71.14533284019346], [-87.84932461626352, 71.19764082930996], [-87.82723871976658, 71.26254882181475], [-87.90188434250587, 71.2763728210501], [-88.07843669376787, 71.20825181881928], [-89.81100493706748, 71.32598975362225], [-89.9651208634906, 71.41495473966773], [-90.03855180031447, 71.52343175982188], [-89.94849788544856, 71.51094872863618], [-90.0501077572136, 71.60106574883903], [-89.9755428772158, 71.60882371281609], [-90.01045382295271, 71.63812773710067], [-89.78051299883957, 71.76257072547564], [-89.91994095444245, 71.78861675261658], [-89.89238293223568, 71.8055547211573], [-89.99014086648515, 71.88022774408175], [-90.12325068972223, 71.92791875991863], [-89.98004280158558, 71.9939247582557], [-90.0002928965692, 72.0752217168203], [-89.56772629322116, 72.17036073046351], [-89.89589295880413, 72.19469675384697], [-89.97697385087994, 72.3239727413157], [-89.84914695296438, 72.40305574971416], [-89.92079591913209, 72.43299875809241], [-89.78855001395927, 72.48850174858275], [-89.74491807122041, 72.62149473977101], [-89.48053439504717, 72.67247073788772], [-89.61478719430059, 72.68342374004273], [-89.53241036200667, 72.70450173596696], [-89.5988752907669, 72.70991975640615], [-89.58829125152218, 72.79844373809075], [-89.3121806536859, 72.75817776082378], [-89.24681382749694, 72.78904775077645], [-89.41046951223902, 72.81818972629931], [-89.30799571317743, 72.92394873555438], [-89.35597462802774, 73.00146575643886], [-89.189411914064, 73.02266975015097], [-89.3115686264874, 73.0542327381986], [-89.23095584739615, 73.13285673103407], [-89.11324499914993, 73.1543217563605], [-89.18542495676182, 73.16339375707787], [-89.09995206284111, 73.21769973707434], [-88.90777541800034, 73.227050763355], [-89.02816819870138, 73.24020875181533], [-88.97200829877734, 73.29843876786516], [-88.61293610012116, 73.28875476295849], [-88.85706956007812, 73.34306074488745], [-88.61481718040083, 73.45749579033736], [-88.02273609410318, 73.65663879159669], [-86.63351409651224, 73.86445796173201], [-85.10677815346457, 73.82322040279185], [-84.85599944021152, 73.75555849034315], [-84.95240492059519, 73.67833847444709], [-85.89357904311508, 73.3970251248939], [-86.15789633942732, 73.24114506998792], [-86.3249882202805, 73.04547600563703], [-86.68916040520989, 72.84689096378992], [-86.73334090497666, 72.72769494336997], [-86.56169457105638, 72.59658297472039], [-86.30886927913123, 72.50256003162768], [-86.2430170049163, 72.42322504750051], [-86.43256379482091, 72.2862540068979], [-86.44735968433004, 72.20980799502271], [-86.39441317346561, 72.02027702201875], [-86.16375483773264, 71.83047604250606], [-85.4815381820732, 71.52249628617895], [-84.93015601816376, 71.42922957709693], [-84.92548508517612, 71.35582555391808], [-84.786348785201, 71.36248564922585], [-84.7352932451452, 71.42229067994539], [-84.51384578559095, 71.46701183075636], [-84.55506456316415, 71.55504077732108], [-84.66203541831909, 71.58651370993127], [-84.56536940205594, 71.64948678689152], [-84.67411311802958, 71.6840647214285], [-84.82977284319371, 71.68675559332993], [-84.8498062425686, 71.63493356831324], [-85.27195934140072, 71.67876337433319], [-85.58550439258194, 71.78755524773024], [-85.42541538879529, 71.80883133363423], [-85.5713026890542, 71.90575226457604], [-86.0533803620648, 71.99607610654928], [-85.97832131922614, 72.00616512086265], [-85.9915871893225, 72.03885308963557], [-85.71359932228691, 72.0140851945713], [-85.78393328695816, 72.04802416467035], [-85.50510004508051, 72.08051424399497], [-85.55229523030252, 72.1237502423648], [-85.39620206106248, 72.14728531121068], [-85.50536103337667, 72.1842482590137], [-85.52759069647652, 72.2412272260433], [-85.39883006990996, 72.23338829812941], [-85.50893396491796, 72.25535724976841], [-85.24834416846305, 72.27117937117842], [-85.22494471995269, 72.31572940134934], [-85.24464529050145, 72.39819636788424], [-85.53933553117311, 72.46886422030067], [-85.60956131191416, 72.55598420255353], [-85.46971285549141, 72.58173328571765], [-85.70118877447966, 72.65481319087688], [-85.65888064155749, 72.83529019954663], [-85.71247467130794, 72.9132211881793], [-85.61470037372538, 72.94446918974377], [-85.47741699843445, 73.11360624677675], [-85.42224798250025, 73.14074126116773], [-85.19837777237004, 73.08813634307984], [-85.23086695377182, 73.1570583355794], [-85.14194007907118, 73.29951036730881], [-85.04377945624084, 73.35088242136202], [-83.64306153868719, 73.6001024682198], [-83.01435067237873, 73.66709027229638], [-82.86749048712825, 73.74765849221997], [-81.57580211970614, 73.73441366450534], [-81.2220291841869, 73.5532360450939], [-81.17089008125863, 73.42205226005169], [-81.18347818678694, 73.26430928492981], [-80.5860727714344, 73.16284625588597], [-80.52316718245007, 73.09420364739138], [-80.65288222594431, 72.98511395137596], [-80.64313702787891, 72.92802704395889], [-80.51479731963248, 72.83721783954789], [-80.27359980816077, 72.79351537274702], [-80.2311749816994, 72.74539271129507], [-80.55074291932873, 72.6422057188576], [-80.48316677409568, 72.47685819661248], [-80.54779917287686, 72.43417984843684], [-80.51137499342518, 72.39755905342413], [-80.69631221522712, 72.35327804012188], [-80.51687011647144, 72.0311512236344], [-80.34031297807452, 72.08445031650749], [-80.49517704437129, 72.18974027005652], [-80.22184898034517, 72.20303507800843], [-80.31117061578506, 72.28971341609304], [-79.8543734158979, 72.43850479219148], [-79.86984941147324, 72.49902059963509], [-79.72117849478332, 72.48655690159583], [-79.77813919728561, 72.42625645462107], [-79.57670153483521, 72.33614134896189], [-79.3821261960816, 72.35556531600285], [-79.35876235305787, 72.41108651674195], [-79.15040135830151, 72.37130888757692], [-78.9633854014501, 72.27766626841073], [-78.99391783270964, 72.23970393565847], [-78.95412725869909, 72.20014947180802], [-78.75627139108991, 72.27973005838385], [-78.81854172746311, 72.35283610032779], [-78.50500863025404, 72.35509069006554], [-78.4845635464522, 72.42340091871259], [-78.5540980008842, 72.44817679318152], [-78.55409892263998, 72.49947676535345], [-78.44460950782806, 72.57685134394359], [-77.57915168516065, 72.76615591359197], [-76.73398121543292, 72.73316798322274], [-76.61713931089288, 72.64143533212548], [-76.13880608811668, 72.60535543866808], [-76.15272605304574, 72.54962707066231], [-76.09650221339471, 72.48580182884172], [-76.04897509578501, 72.50210287624085], [-76.06657649233472, 72.56691981321286], [-75.92266084244194, 72.59194639575315], [-75.18613399346268, 72.49969315167615], [-75.21684501137138, 72.46127942170924], [-74.94886203772428, 72.25906008032813], [-75.05747203735923, 72.12643830870714], [-74.24125631321458, 72.07247005910743], [-74.13215951574746, 71.97249181127634], [-74.2364545831921, 71.91101205009072], [-74.11777267008243, 71.7411955773493], [-73.71215623771454, 71.77760037101275], [-73.70792289792136, 71.71980356486807], [-73.64189190259688, 71.77625899045375], [-73.60597756502865, 71.74829176679646], [-73.67542926272257, 71.59690496650252], [-73.57865391298421, 71.56033254407666], [-73.67443121810706, 71.44832585973768], [-73.60233239613608, 71.40311943637163], [-73.64941667738663, 71.36674494032424], [-73.46296081379187, 71.44478919702617], [-73.41033067842301, 71.3882590671309], [-73.53682350081428, 71.35958643266126], [-73.05763723630358, 71.27871062649153], [-72.95145721082993, 71.33227693093013], [-73.00117565217269, 71.41325858491794], [-72.77022424525035, 71.4421778610411], [-72.87161924737265, 71.50184745073251], [-72.67093565555521, 71.54016786016747], [-72.62533963770507, 71.66532794563219], [-71.57558679050236, 71.50130068030965], [-71.17124257564532, 71.27344839089965], [-71.48342101322778, 71.07404543063664], [-71.8864946579341, 71.11824352387963], [-72.11406763477471, 71.08796821156636], [-72.19750198026718, 70.97271591723712], [-72.32666754855312, 70.94938747866843], [-72.30725366731284, 70.87316310606238], [-72.20755176342432, 70.8411904508837], [-72.19905713417297, 70.77498971793779], [-71.36364187721288, 70.88812810056855], [-71.23343620534797, 71.01880856212483], [-70.8515188432473, 71.12239857810965], [-70.63927320010274, 71.0769493416081], [-70.55011890649429, 70.9262229206516], [-69.87124251381564, 70.8809809209957], [-69.4280209223438, 70.77025031082448], [-69.29518909536762, 70.79017757553895], [-69.16773376055689, 70.72207301660364], [-68.36501639225715, 70.56274817180449], [-68.22600815253554, 70.32016911617133], [-67.85876954551487, 70.25933231514088], [-67.47605321824196, 70.08164522931473], [-67.51269143400665, 70.06697623126813], [-67.29321255443867, 69.94254376431451], [-67.30321548162281, 69.8787553056256], [-67.21429954428308, 69.74224707883137], [-67.51484896496594, 69.72256538478626], [-68.12684026785006, 69.78060406135478], [-68.44539137628412, 69.5594312101681], [-67.97282783888646, 69.47054551539216], [-67.3320132398933, 69.4749629742142], [-66.8639298830603, 69.35628896093375], [-66.75062318249186, 69.2584144062478], [-66.82632071008189, 69.14919865270754]]], [[[-97.95081080446424, 69.89858973574265], [-97.40820980527286, 69.76760374881749], [-97.31343082834603, 69.70117472422874], [-97.49316079515431, 69.67268972918389], [-97.38477377891073, 69.58262673416604], [-97.22523077863646, 69.69617972000721], [-96.86829083552263, 69.49243774220683], [-96.75203781021445, 69.51376771294963], [-96.6345068065123, 69.43512570785006], [-96.56555772565494, 69.45368373401107], [-96.27714377554756, 69.3565647249596], [-96.15671484254605, 69.29060373745203], [-96.16182678375836, 69.20297073874906], [-96.21886875935061, 69.16972473882376], [-96.16215979107885, 69.14430874785842], [-96.18573076429662, 69.04962871613075], [-96.12952576819453, 69.0347517270245], [-96.0691807884804, 69.06109472266768], [-96.12864376641964, 69.0528057485499], [-96.12381079945806, 69.1325007414921], [-96.0658147236078, 69.13894471900915], [-96.12049878054471, 69.18592473674062], [-96.0453307608194, 69.24120269955532], [-95.98410376895355, 69.22452572639989], [-95.8902877485713, 69.09239670526415], [-95.96675180780818, 69.06113072768433], [-95.83184180592565, 68.9888157414929], [-95.83031176600703, 68.88917674860943], [-95.70737175147453, 68.90255070499639], [-95.66547674235662, 68.84024372508355], [-95.32695072447542, 68.91130773865854], [-95.1633307706075, 68.87132073663327], [-95.51467274674803, 68.68389571747944], [-95.53116981836051, 68.76903572537331], [-95.76866176609155, 68.76805473722197], [-95.83561273991285, 68.61019474372036], [-95.96671580317874, 68.63552072467706], [-96.23225179086015, 68.49989973083429], [-96.55829480806558, 68.46126272545465], [-97.09496475742326, 68.61167972763795], [-97.06890079587252, 68.54305472794644], [-97.138200716699, 68.5187277149424], [-97.52041280532895, 68.5677237084731], [-97.73078778164553, 68.67248374312855], [-98.10788774997253, 68.68624475384914], [-98.28164180288579, 68.76904471375607], [-98.20122681376145, 68.80442372693436], [-98.2629307927869, 68.8545717164275], [-98.41850479055348, 68.85629972541042], [-98.35650384165213, 68.78231071982678], [-98.45992276640672, 68.74622974749899], [-98.83497074533638, 68.85916173783957], [-98.78527281714882, 68.90592572991183], [-98.8742378059474, 68.95988072550719], [-99.12596774997834, 68.92406072477404], [-99.03560777301003, 68.86601073585027], [-99.18955278269553, 68.83799374642047], [-99.42610874192204, 68.91171271341945], [-99.4751318066347, 68.97859171880367], [-99.44552182848058, 68.99381071404072], [-99.5569328212136, 69.03448171631244], [-99.41200580881375, 69.1537497141564], [-99.05270775386461, 69.1421217286177], [-98.91782479171097, 69.197390711906], [-98.7167737832907, 69.19185575493442], [-98.62150875619417, 69.31528171940926], [-98.37223573491737, 69.30549875038704], [-98.37895873201761, 69.3524247281226], [-98.4648277528731, 69.35591675326815], [-98.39852480639186, 69.37937073599825], [-98.60067382528891, 69.45596972693778], [-98.5430377469329, 69.49737875044092], [-98.41636281376701, 69.4713957092554], [-98.54655677277523, 69.51474873344367], [-98.54416276174602, 69.58869274400894], [-98.29624880699676, 69.55263871799204], [-98.06379678022547, 69.43169670926775], [-97.97441776517131, 69.44296470126285], [-98.33979982292162, 69.6168897173529], [-98.25556878637573, 69.76175371885141], [-97.95081080446424, 69.89858973574265]]], [[[-82.52091852524376, 69.68064980178542], [-82.2362290405099, 69.63509254034727], [-82.40323553263013, 69.60847909209765], [-82.60063387040101, 69.6531276329881], [-82.63709888649028, 69.62715352878834], [-82.54783495794968, 69.57962476444462], [-82.6917605386044, 69.58525841404243], [-82.56959515369026, 69.57306367925332], [-82.46453779047481, 69.4965639681366], [-83.22036646654553, 69.56547539827106], [-83.26440081708162, 69.53960935763656], [-82.21874296625019, 69.40344163781877], [-82.39577456944743, 69.4013171568079], [-82.12675369128156, 69.29706193177282], [-82.25536911714508, 69.29691755280841], [-82.24800766825025, 69.24280060444829], [-81.67951277198846, 69.26959544665449], [-81.31806723187545, 69.1974170025496], [-81.25085569127063, 69.08766235662566], [-81.38280341507819, 69.09353874953722], [-81.55743305686178, 68.99597799472893], [-81.65763525406031, 68.99399760764744], [-81.67312207605869, 68.94872756029932], [-82.04828023033107, 68.88075823673081], [-81.61929973697846, 68.91217875943094], [-81.53715800581699, 68.82752513247173], [-81.35050586346136, 68.87297595219172], [-81.2079304489015, 68.77754963014127], [-81.23395374990726, 68.65307954137168], [-81.58643405638833, 68.51755597661446], [-81.77302627140651, 68.53103725778492], [-81.79150977472221, 68.46319518946038], [-81.93293774698452, 68.43039872214631], [-82.23765624949253, 68.53808274500584], [-82.17741581502688, 68.46993490066367], [-82.62682768047716, 68.51547370030545], [-82.46476877016956, 68.46320213545069], [-82.64310727219409, 68.45225768930761], [-82.62377666960664, 68.40587173808954], [-81.99476977934829, 68.33799549444569], [-82.04539839467327, 68.30119435475758], [-82.32242779304474, 68.35314150671299], [-82.32051088295705, 68.31822152002009], [-82.49504183173316, 68.31887804986874], [-82.33067975075254, 68.26064851769544], [-82.23979722821893, 68.29662177474339], [-82.20077673817667, 68.24942590387592], [-82.32154527088606, 68.16720156596459], [-82.27688676626882, 68.14722540140274], [-82.47870500951157, 68.09697211873508], [-83.33222666176266, 67.9484670306422], [-84.84032137602118, 67.59415043724053], [-86.52072568411081, 67.39746302654918], [-86.43439857676611, 67.58726406904525], [-86.51403883548016, 67.6927980215486], [-86.18377835227405, 67.903911111639], [-86.12515309151803, 68.0108041274082], [-86.08969351695254, 67.97588413213536], [-85.87584730208388, 68.05565122066315], [-85.88442422717212, 68.11960520870663], [-85.83406997231393, 68.13913522027995], [-85.87612632285844, 68.19219921540598], [-85.76396998666837, 68.21340324066017], [-85.84832570154975, 68.22930619801154], [-85.76757889183357, 68.29344926135585], [-85.81342431456214, 68.31882021189674], [-85.73007656979452, 68.37146126510027], [-85.71985272752102, 68.43539725683209], [-85.66169564640568, 68.44925726644443], [-85.72443363176802, 68.46024626807349], [-85.68710222819303, 68.50116029346604], [-85.70973695750956, 68.6386172598456], [-85.63505620550171, 68.73348628135595], [-85.52574404019732, 68.72373932994182], [-85.42690812059756, 68.77786593003812], [-85.15263815787618, 68.71131050208986], [-85.2783746113058, 68.75022643624665], [-84.7046289465198, 68.72625980466553], [-84.78196390253545, 68.80942873608227], [-85.18753049929992, 68.85114348710673], [-84.94912587293638, 68.88969062990225], [-85.14724733671537, 68.95566052690222], [-84.81460623855128, 68.93873174277395], [-85.00206268233876, 69.00789657332088], [-84.82163508824013, 69.04136769004694], [-84.51035176319392, 69.01531290524991], [-84.7271016074782, 69.03976577284122], [-84.77699621113977, 69.06310274138629], [-84.74744104146235, 69.08337073965703], [-85.04559475065746, 69.07595458832196], [-84.93730030911989, 69.11749862316394], [-85.13158786108202, 69.1209455066762], [-85.00305278133955, 69.17710561240841], [-85.30878518334258, 69.15649543397309], [-85.20485536940578, 69.19485344999153], [-85.38522071679596, 69.20723740529081], [-85.45667053376509, 69.2599323458065], [-85.49463180179274, 69.32710831863609], [-85.32054813768963, 69.304896417972], [-85.456301536268, 69.35519734586758], [-85.42384814464259, 69.36811237431151], [-85.49123895608814, 69.41491231697596], [-85.35428852213738, 69.43368639794176], [-85.53327723224258, 69.49191630452923], [-85.47154739779687, 69.56742631605023], [-85.3713432501867, 69.5776773633854], [-85.53877629433975, 69.65119830371395], [-85.40039478796444, 69.72581736539992], [-85.49147312356102, 69.77283330626263], [-85.3805772060991, 69.7971153953175], [-85.38271913464152, 69.7474173647108], [-85.31877536764974, 69.7637523891169], [-85.32667727920052, 69.81392738919502], [-85.59220836174512, 69.8208482555776], [-85.56078101321978, 69.86517330757107], [-85.01821788055729, 69.77144755122492], [-85.05870793804945, 69.79621553508652], [-84.8369532668955, 69.84068465901069], [-84.89241894216079, 69.85779363161565], [-84.40584780820217, 69.86364395527045], [-83.3409327204853, 69.64960718657296], [-83.47797734759743, 69.68896398228433], [-82.52091852524376, 69.68064980178542]]], [[[-114.52122945229966, 73.38337223371855], [-114.214964849407, 73.33137016742339], [-113.93670706963877, 73.13579105981636], [-113.97176160151389, 73.03778106427403], [-114.06528830204887, 72.98179211917476], [-113.989473385944, 72.81853209096758], [-114.33761504869383, 72.7613821757994], [-114.3208753554084, 72.69810317474897], [-114.20321128032137, 72.70285514798111], [-114.60926613719334, 72.60965132643021], [-114.52821374566896, 72.58222827179722], [-114.36709860300012, 72.56979021491293], [-114.05632451496538, 72.65583008237081], [-113.84312641049924, 72.646344036081], [-113.51138120748583, 72.71318699143757], [-113.47719957911256, 72.70369197487318], [-113.73339973274733, 72.62967601678268], [-113.43213703691269, 72.68109294987616], [-113.42330812961428, 72.73855795615191], [-113.62446502279157, 72.77976901123921], [-113.25055470329319, 72.98375394794927], [-113.02059762915356, 73.01127591396082], [-111.2091039538483, 72.73549774005942], [-111.29265071706607, 72.68888675484358], [-111.20649394988821, 72.70656277013676], [-111.18019592110204, 72.6472257545343], [-111.2862427359327, 72.56261676340908], [-111.24155786260961, 72.47403877962127], [-111.07409523663985, 72.40749278889136], [-110.94309147388824, 72.49211975642172], [-110.741122797848, 72.47546975035632], [-110.83239162278143, 72.51629377114244], [-110.70359284928088, 72.57436175075668], [-110.52658108084921, 72.54808173807592], [-110.31527036418021, 72.60000274310316], [-110.32624137181669, 72.73161873006454], [-110.45246623213528, 72.8386017237535], [-110.74870979653063, 72.97215276601969], [-110.72553484265393, 72.9950307537531], [-110.23622348432038, 73.00552474289768], [-109.94166282036929, 72.9768687367049], [-109.81748088606115, 72.91400374162512], [-109.69350599426589, 72.94207475229318], [-109.60294800777561, 72.9096747300653], [-109.72514994737932, 72.885437754161], [-109.37606722679419, 72.7501857298792], [-109.05200430596086, 72.75035674160027], [-109.15536028906621, 72.73168175309749], [-108.89811339287806, 72.66979772617051], [-109.02366338129809, 72.64394974073164], [-109.0245633375872, 72.57113073137288], [-108.82447536540306, 72.5783037276774], [-108.83688645625394, 72.61010974195224], [-108.59500251863415, 72.53904574601265], [-108.57215151836967, 72.49774472768222], [-108.65586946073603, 72.41779774454194], [-108.64170354693974, 72.33700471547908], [-108.50378755996259, 72.14135374543821], [-108.38181955038125, 72.1505517230132], [-108.42496553919624, 72.12780871641604], [-108.36362160119658, 72.11140175175288], [-108.42493856079695, 72.02041173477085], [-108.29450157983582, 71.97940773276943], [-108.36521451945333, 71.94417274023466], [-108.17942762528783, 71.99346571064126], [-108.20982966775502, 71.91321273287075], [-108.30279951141063, 71.87734770815213], [-108.26278561386897, 71.8490697165158], [-108.27977758826577, 71.79578074238825], [-108.1648566292615, 71.76081574732977], [-108.2445696221857, 71.74776573900044], [-108.22400456040897, 71.72359174381391], [-108.07743963169091, 71.73715475218567], [-107.97372371580077, 71.69195672251077], [-107.96281568827928, 71.64452672963402], [-107.7778477093572, 71.61666272786348], [-107.69898962007272, 71.63780373594153], [-107.83768859282827, 71.684036723256], [-107.82912062327485, 71.7393687212382], [-107.6542597199514, 71.71510470994649], [-107.48957770733354, 71.80945174620805], [-107.29723872794443, 71.80540173613076], [-107.26349777398956, 71.8259397331256], [-107.47663567227949, 71.86346072899937], [-107.47686066570921, 71.89892973440773], [-107.25857471474457, 71.91665074066727], [-107.42587569349953, 71.9342547349606], [-107.38387266237429, 71.94649471721043], [-107.40158472695326, 71.98616672506162], [-107.58726370956225, 72.02627973060737], [-107.63526965723189, 72.13139071639233], [-107.76609362118784, 72.15365672800053], [-107.76754269063564, 72.25714771463764], [-107.84074869250033, 72.31024773002495], [-107.7126607073357, 72.31312774081489], [-107.83056969422113, 72.36086372002491], [-107.76977464972913, 72.36898171292702], [-107.85275464910453, 72.43299872831572], [-107.76193566566707, 72.45586771779858], [-107.96826960808433, 72.51615872426986], [-107.85215165250902, 72.52760672590273], [-107.82927374282485, 72.5776017324044], [-108.02392563889197, 72.63534570729485], [-107.92846260533415, 72.63975572732113], [-108.1198656062388, 72.88116269896553], [-108.07485661976827, 72.89401474283524], [-108.12391562343664, 72.93972569886829], [-108.09452161479837, 72.98288072202742], [-108.19423253804104, 73.036529710212], [-108.09121858637101, 73.04859872791776], [-108.25500963211908, 73.12143572604943], [-108.2618046224654, 73.16219671715953], [-108.11320563904574, 73.20991472569618], [-107.85174658729994, 73.19177970450698], [-108.10561864026002, 73.26801873249144], [-108.07193156408734, 73.28935775479171], [-108.11072164259635, 73.30972473864529], [-107.96995258766577, 73.31522374385044], [-108.04083669194306, 73.33478972092277], [-107.96818869772031, 73.35152070010717], [-107.55885066732088, 73.30953574147321], [-106.9887097318833, 73.16702071899672], [-106.91584574299283, 73.1761827290499], [-107.09641274095895, 73.2415407206728], [-107.0438887881934, 73.30673674239077], [-106.8243247487103, 73.30758273950282], [-106.63725973311416, 73.2198867172731], [-106.43319382091597, 73.22053474546534], [-106.45292171337972, 73.19371471876103], [-106.17771974003536, 73.06690473175695], [-105.88083680943579, 73.06452871107965], [-105.69554474901877, 72.94725872122198], [-105.69421282160212, 72.9045627152123], [-105.46483622351279, 72.90598239946033], [-105.29658378914864, 72.8166147116484], [-105.53532671912214, 72.88981171688665], [-105.33243976412585, 72.78501574225893], [-105.30804077089417, 72.74959174271538], [-105.36761175989135, 72.73064674151207], [-105.35168173407835, 72.75827672473169], [-105.53104274583443, 72.79050571901531], [-105.39654682839188, 72.72559773906588], [-105.4638848080609, 72.72602072463816], [-105.4551907983815, 72.69223472412394], [-105.27258972445927, 72.63211472832265], [-105.34905376018247, 72.62361871973218], [-105.30335175910126, 72.54992674112445], [-105.24060375915099, 72.54475174220981], [-105.24900081076846, 72.48795270928254], [-105.19854679445424, 72.49142671791545], [-105.21932774439917, 72.4446717220415], [-105.30602475729775, 72.46716271244938], [-105.11229973917958, 72.35406874624769], [-104.96654477755783, 72.18392370523416], [-104.99697385518441, 72.08352873056766], [-104.91519075686901, 72.07480773859095], [-104.80282579154357, 71.97947973666385], [-104.77315277423664, 71.90796569621058], [-104.87363772785578, 71.94851071369854], [-104.83310182783038, 71.90090972697922], [-104.78189185480043, 71.84933974023605], [-104.64078973706826, 71.83097071796503], [-104.32392677011183, 71.60154272287753], [-104.37456983356901, 71.51859875102988], [-104.27095278513319, 71.35656273268364], [-104.47401079785335, 71.34656373517733], [-104.41819283994462, 71.25626673651944], [-104.4598177767347, 71.21013273662624], [-104.38373178371059, 71.17271073146058], [-104.49396383929312, 71.19064774666663], [-104.61024382979889, 71.13058173315522], [-104.45812576123386, 71.0110347144219], [-104.1105458030729, 70.95201273400737], [-104.13940883350713, 70.9223577166766], [-104.05157778202596, 70.91288975425508], [-103.99284379912302, 70.76550572252344], [-103.69461079799467, 70.70858072895531], [-103.54501277518972, 70.58638772160901], [-103.27198874442588, 70.60427073212885], [-103.09582275391882, 70.5107697007994], [-102.89429483665083, 70.50681871834476], [-103.10667677941328, 70.57980873135904], [-103.12019478911864, 70.68008675580393], [-103.01740573755885, 70.68608073986312], [-102.83102475735097, 70.61619571792353], [-102.84412877570345, 70.51581873396435], [-102.23463977449276, 70.40399374229446], [-102.18371776107878, 70.32878971578573], [-102.11685677044645, 70.35440370351758], [-101.89836375453882, 70.26172172585584], [-101.68739479100222, 70.31183370834898], [-101.55042377787038, 70.27457374463829], [-101.63541077032934, 70.25273971910693], [-101.60790247063639, 70.16123404876113], [-102.62090127981406, 69.55172502954134], [-102.9189548110925, 69.55355671627093], [-103.28128574480118, 69.70398274047115], [-103.46435483122673, 69.7005897112871], [-103.42938978217367, 69.6741567531572], [-103.47610877478212, 69.61445974708607], [-103.17692179119263, 69.58104271224467], [-103.13767274289415, 69.42077972444523], [-103.04398281607419, 69.52970673716052], [-102.9646928250532, 69.4196007360097], [-103.03129282703259, 69.37958673081478], [-103.01165475165764, 69.2565927210943], [-103.2033997519861, 69.19444774016073], [-103.19646978298593, 69.11584172734167], [-103.14247878313961, 69.11048674184315], [-103.11496581547456, 69.18877770897865], [-102.90650058353498, 69.30209007263154], [-103.44889869693164, 68.80966067852063], [-104.05540281088234, 68.85294273449335], [-104.33646381598795, 68.92023573797971], [-104.35931480621153, 68.97291273417163], [-104.4395317974035, 68.9649567330533], [-104.44890081203741, 68.91095673006517], [-104.55186977901754, 68.8717437339763], [-104.66067083780123, 68.86799973405621], [-105.11272278699609, 68.90610572052272], [-105.24855984173861, 68.97042872191591], [-104.89524674172722, 69.04297774068316], [-104.86926377345812, 69.09114572451054], [-105.01164379428167, 69.10775071270744], [-104.99667678969315, 69.13655072035182], [-105.22139779806785, 69.1152027415769], [-105.00671178544665, 69.0773757410039], [-105.0848948138629, 69.06257973300951], [-105.41731879716949, 69.09732872544518], [-105.50586078576283, 69.15711572411675], [-105.73617976468205, 69.19124372397253], [-105.93290182324426, 69.1517067210589], [-106.12951579586887, 69.17757271368993], [-106.13302577696619, 69.14373272628998], [-106.36987878121867, 69.17971475802028], [-106.3923877908114, 69.2458017302655], [-106.23346575146057, 69.29765975103486], [-106.3025048036253, 69.3430017410681], [-106.30676175831807, 69.4073247218361], [-106.53530779367453, 69.49938574442112], [-106.64383881970079, 69.45226174008555], [-106.69960271181989, 69.47762374865232], [-106.72172475316766, 69.3967587342142], [-106.95269175529086, 69.3577707376418], [-106.91041871033372, 69.23642374580184], [-107.0629687330864, 69.18830074393794], [-107.0124607399423, 69.15492873227635], [-107.10462072073685, 69.17921073407348], [-107.27274067666403, 69.04359872305525], [-108.1436615939456, 68.93636371983878], [-108.53437848763839, 68.94422074751125], [-108.51898855151416, 68.90207372035422], [-108.94177236565474, 68.75269173832426], [-109.64023503368047, 68.65219774801564], [-110.18635469854237, 68.64742775336785], [-110.34344045737606, 68.58454475707482], [-110.50790622372364, 68.62550378157285], [-110.46148430707848, 68.65933474241585], [-111.00676651024322, 68.55916474101528], [-111.04324340588535, 68.56676975571246], [-110.82529081312536, 68.60739574721758], [-111.40578961018352, 68.57698478401261], [-111.18294115000666, 68.55306277759537], [-111.20163409495788, 68.52750275825129], [-112.08403652389141, 68.54046283635361], [-113.1990040747456, 68.45886897512902], [-113.2886613268935, 68.4759869908512], [-113.02941840485241, 68.50089895333579], [-113.05667012732411, 68.5429289453084], [-113.35427067891932, 68.60019600689368], [-113.44577288765288, 68.7061170269423], [-113.68858132091135, 68.82599708992976], [-113.62331404834681, 68.84307904751485], [-113.67765541842758, 68.90188505015277], [-113.57139357259571, 68.95679404535394], [-113.55261076796705, 69.02314203532262], [-113.63554489645102, 69.04018806488659], [-113.52117402687283, 69.05025905559303], [-113.64162884263098, 69.07356006030409], [-113.58677436363645, 69.12367202899775], [-113.70776011883554, 69.12543608657957], [-113.57939442534062, 69.1488720369787], [-113.714023965498, 69.17733910314067], [-113.46836250838149, 69.18347701747334], [-114.29115030642534, 69.29546423440217], [-115.49960725606888, 69.26474794571475], [-116.51727691633322, 69.41613803130605], [-116.63626845245291, 69.47330620612374], [-116.55858469451375, 69.49487007047922], [-116.6397242404603, 69.53108618895968], [-116.57251578795888, 69.55850911203525], [-116.89306811060119, 69.58599561966145], [-116.92816581586968, 69.62203163525137], [-116.85137368239036, 69.614336515073], [-116.86418878365626, 69.65218155832122], [-117.24095672518115, 69.76258523642406], [-117.41153777591524, 69.9893045986049], [-117.37591855140595, 70.04848850040189], [-116.96695220118241, 70.13538267418677], [-114.57376297450087, 70.32537932565], [-113.27364899803435, 70.28983795159522], [-112.54667917366372, 70.19945985591674], [-112.5045143242404, 70.21359886982162], [-112.56458904682961, 70.2311308637781], [-112.19550479522982, 70.28675972991572], [-112.2831874901011, 70.30544382954658], [-111.87091712329602, 70.2612537905572], [-111.47718637350361, 70.27857877844768], [-111.41371853580905, 70.29032377885929], [-111.67314273519005, 70.32695379712004], [-111.43981840298224, 70.3483377849887], [-111.98383073815376, 70.39055680857093], [-112.13788311020213, 70.50777283565589], [-112.86908404529397, 70.55353789654916], [-113.15312197884477, 70.6137299368435], [-113.19057063374878, 70.65846895901456], [-113.40004379666563, 70.65443696820519], [-113.45541126627393, 70.69667400353975], [-113.57061915315097, 70.65247500826172], [-113.83321815975509, 70.72399809350358], [-115.59221315056317, 70.5824109509564], [-116.06492948587444, 70.5786043897491], [-116.18886309200529, 70.60726949052929], [-116.12847577606753, 70.63559243234874], [-116.29834293919915, 70.64603262234355], [-116.79667314553609, 70.60700032494077], [-117.37423415365475, 70.63505442292677], [-117.41131113737748, 70.62632447545882], [-117.34167489663092, 70.59207035770001], [-117.42083243298774, 70.58571651677663], [-117.50036756710567, 70.64124667782104], [-117.53281881336854, 70.60453579725417], [-117.70797867407978, 70.66138020801054], [-117.67323277279259, 70.70842312872749], [-117.81318719773003, 70.7115284759392], [-118.11762383113461, 70.8213473941297], [-118.45240798545991, 70.99738852379986], [-117.8118718579295, 71.16839539852855], [-117.19959246511101, 71.20637396744515], [-116.26437752023651, 71.37352054045209], [-115.69165900886446, 71.39193399573988], [-116.20376536024212, 71.44126345662397], [-115.77069406248917, 71.50750306275539], [-115.33905027218552, 71.46184569301808], [-115.15916321720314, 71.52435961184857], [-115.4687902333952, 71.50021280127002], [-115.55485447762788, 71.5192208427255], [-115.44209708342831, 71.54622976491446], [-115.6467503433712, 71.56683091651185], [-117.41558383096306, 71.38760737016297], [-117.37573491905216, 71.47209932633145], [-117.57855922702237, 71.51445375010756], [-117.65603313622684, 71.4758259191674], [-117.50178731042729, 71.44371356928946], [-117.55716850230534, 71.386203710588], [-117.71815435246646, 71.41772212262704], [-118.19119705468005, 71.38371250155109], [-118.28957263604703, 71.40693283091463], [-118.31481411545424, 71.48899487898237], [-118.07528097788972, 71.56455810187538], [-117.7563282146686, 71.54276821353864], [-117.81610009855318, 71.56686133332273], [-117.66982859128287, 71.58236796098835], [-117.87404489998582, 71.63473051045051], [-117.95999481224048, 71.6087567563298], [-117.78742878607758, 71.66980325056755], [-117.92591526254216, 71.68677762416957], [-118.43978912872039, 71.58120031910569], [-118.47162670854087, 71.5958974501215], [-118.41058790864625, 71.6311772138823], [-118.53200790657752, 71.66741165450343], [-118.88684082232182, 71.66735915700242], [-118.91238801177938, 71.58716931799864], [-119.1047374851526, 71.66246424382368], [-119.14801880714366, 71.75567744628256], [-119.1318480618438, 71.88328829522801], [-118.89847390061543, 72.02308408164993], [-118.69004047515288, 72.07471614431081], [-118.54948092220779, 72.1964945456815], [-118.11801458798405, 72.25340007618645], [-118.10681958249968, 72.32709200739905], [-118.19294806058436, 72.36023027108081], [-118.54520570227564, 72.39268549228345], [-118.56353579018719, 72.4526615154674], [-118.4661784156267, 72.53943014431796], [-117.35596905341242, 72.90563703572592], [-114.52122945229966, 73.38337223371855]]], [[[-67.64019225983976, 69.52509017225317], [-67.56263199066731, 69.50980573061356], [-67.82069777829814, 69.52925269181428], [-67.59225014396075, 69.60875830828195], [-67.39363283764567, 69.56983769822331], [-67.64019225983976, 69.52509017225317]]], [[[-67.86164654346555, 69.6594775767852], [-67.79409993336488, 69.65344320910364], [-67.97262976149435, 69.53920017637728], [-68.35037095249756, 69.59833267987538], [-68.10302451866292, 69.68274423857056], [-67.89926223763447, 69.66379163565502], [-68.02878412422321, 69.70320401333103], [-67.98553188679915, 69.71818817728303], [-67.86164654346555, 69.6594775767852]]], [[[-90.49882039517813, 69.2120337409106], [-90.62666534507412, 69.20994571581903], [-90.62834834146432, 69.25886974805995], [-90.69965530315416, 69.23735073541974], [-90.6519013616998, 69.2687517290569], [-90.7063693203648, 69.27850774125314], [-90.6450703590487, 69.36556475476691], [-90.7817622583279, 69.28072172999826], [-90.79329131235752, 69.33508171997723], [-90.64766233082912, 69.38039672501296], [-90.59604734709372, 69.3727287285403], [-90.44769144703294, 69.27595172357258], [-90.48150439991024, 69.25514374615304], [-90.44253444391177, 69.22679372957917], [-90.49882039517813, 69.2120337409106]]], [[[-90.3290895435314, 69.24336274224234], [-90.51597439277431, 69.37713873723939], [-90.28912955399483, 69.44077772423378], [-90.22395160056398, 69.39659673406878], [-90.19995762220397, 69.44928274825834], [-90.14525568383091, 69.35584473759779], [-90.3290895435314, 69.24336274224234]]], [[[-96.13384579546384, 69.35309972517987], [-96.52382478322873, 69.48107971446166], [-96.70021573947317, 69.58133071597649], [-96.37510881785389, 69.58206872366812], [-96.29444175863748, 69.5303457529529], [-96.15651685253097, 69.59299472799356], [-96.06315978504612, 69.50281471995162], [-96.13384579546384, 69.35309972517987]]], [[[-95.728755799691, 69.61711472497052], [-95.57661981082025, 69.61138174967606], [-95.3259427706092, 69.51567575057655], [-95.37941179213666, 69.47830771106639], [-95.38707975632776, 69.39822574892825], [-95.55092472248883, 69.40121373071845], [-95.43358276544835, 69.37707572691173], [-95.48245275001162, 69.34004072946263], [-95.71962077340466, 69.33239070993686], [-95.66392880764897, 69.35473773789018], [-95.7187478300614, 69.37086571065511], [-95.66178675568486, 69.37534771686337], [-95.68954275284807, 69.39350970880491], [-95.58352278833323, 69.40782873215302], [-95.65141878520329, 69.4426587321256], [-95.64588380134491, 69.55188273333137], [-95.81933173232731, 69.57413070107872], [-95.7242827917485, 69.47432071703781], [-95.85235278343879, 69.38072971782229], [-95.80753276134116, 69.34331671300745], [-95.98770381958377, 69.37081173038973], [-95.92874476056274, 69.37858771973531], [-95.95216281349428, 69.435557740693], [-95.90321180664166, 69.42766473288194], [-95.95308979840846, 69.5041017503708], [-95.91541574088517, 69.60116671997307], [-95.728755799691, 69.61711472497052]]], [[[-104.75279478343116, 73.18687472172945], [-104.7066518189477, 73.17718173237722], [-104.96520376046976, 73.0824117215154], [-104.97949572735334, 73.00477773987615], [-105.13709478426455, 72.94571974827466], [-105.35740580079214, 72.95804071224346], [-105.1976647624273, 72.87716673556727], [-105.31934475199195, 72.85971571090774], [-105.42472580640532, 72.94407269552329], [-105.90139276853421, 73.13531375453685], [-105.864420753891, 73.15912770743205], [-106.07825176565575, 73.18709070992296], [-106.12731979871876, 73.23031772726179], [-106.0570388331688, 73.23245072003031], [-106.18766468921845, 73.28770171254158], [-106.10448682690429, 73.29101372833159], [-106.43560577105187, 73.40009372385022], [-107.01349580768208, 73.48137271644903], [-106.64177770380604, 73.69053270546911], [-106.4006586887612, 73.7274597093832], [-105.11600784036635, 73.76093973009183], [-104.43181872933921, 73.55605472939904], [-104.52421274342862, 73.44359971643628], [-104.53516584910726, 73.32123573456097], [-104.75279478343116, 73.18687472172945]]], [[[-72.13851214690004, 70.82020943714424], [-72.28055404685674, 70.92469279295479], [-72.11344985618852, 70.94222550459864], [-71.99956586731913, 71.06707033124101], [-71.3857338586901, 71.01811369982228], [-71.37959816830788, 70.97735571985247], [-71.47673912678144, 70.91802772532624], [-72.13851214690004, 70.82020943714424]]], [[[-99.74622974521056, 73.94700570406835], [-99.82851671555663, 73.91087074932341], [-99.19262571922265, 73.73842395203262], [-99.20490849233862, 73.42888831218083], [-99.3475477495938, 72.9052710246516], [-99.89382533435851, 71.86528039795152], [-100.05099681314921, 71.87305471958558], [-100.12030580266024, 71.93752172584539], [-100.28413281903153, 71.97383673764385], [-100.64360180026681, 72.19490371634924], [-100.86993377958058, 72.2205537484276], [-100.93667771446653, 72.1708017497995], [-101.09255780978442, 72.26828073643938], [-101.03935877011425, 72.28784673900584], [-101.23131977976327, 72.35030672070238], [-101.51111181341587, 72.24505174173179], [-101.46294381180256, 72.26424872230534], [-101.51059878466869, 72.27525571836169], [-101.48524580804502, 72.29393073248801], [-101.79129982817811, 72.3080877035541], [-101.91376281117536, 72.36836972132426], [-101.77293980184483, 72.40528771708998], [-101.9258587387476, 72.42127171774949], [-101.9425177776213, 72.49968871186776], [-102.66297675573895, 72.69502471246321], [-102.7201897131523, 72.81783872684868], [-102.56286074346366, 72.90477870822525], [-102.47566876969661, 73.03186773864982], [-102.04639574416534, 73.09595673203373], [-101.75670372222837, 73.01843070862407], [-101.70104780711432, 72.98016274499253], [-101.87272271337407, 72.99332973499091], [-101.60882484710613, 72.89054971910394], [-101.60570179271029, 72.93090570292831], [-101.5109137900712, 72.92982573386814], [-101.57016981242388, 72.90970172462475], [-101.43326180806584, 72.81594874662885], [-101.4892598323176, 72.80095473023745], [-101.25237075536548, 72.79456473165892], [-101.27639174811044, 72.74487573105417], [-101.392455771057, 72.75853773641049], [-101.29454479251238, 72.71838872244122], [-100.87930276484634, 72.69658170984535], [-100.81059677642845, 72.73139369747857], [-100.84491378110441, 72.75179673241419], [-100.661826761829, 72.76425273607244], [-100.57800979070363, 72.7200807234178], [-100.60248976931403, 72.75537873902637], [-100.38180077505727, 72.76104872090595], [-100.30657882344468, 72.81701072448134], [-100.44365775825685, 72.93094172254894], [-100.40361675682831, 72.95405371599794], [-100.5094928206224, 72.95702371467604], [-100.43862681781665, 73.01161773094402], [-100.47009979630268, 73.02373169513216], [-100.35005778342783, 73.06103672669582], [-100.2968858255864, 73.03262370303146], [-100.39939578118548, 72.99576872331777], [-100.24213873746413, 72.96061472036487], [-100.34196672257238, 72.89780372742109], [-100.31427383461589, 72.87548370729147], [-100.07709673456742, 72.90026970477312], [-100.032564743347, 72.9446397358996], [-100.17579972058024, 73.00169974656308], [-100.12833381859095, 73.03862671631691], [-100.22421080713296, 73.06766071915426], [-100.18961476173124, 73.10000670882121], [-100.31999782016717, 73.10870074141145], [-100.2683107394231, 73.12987772577367], [-100.52436079208175, 73.09148370987533], [-100.59191475818172, 73.15227871838897], [-100.47072982063126, 73.21697074724023], [-100.53136270839892, 73.23281075231975], [-100.33365970844014, 73.29868171117039], [-100.36555580572411, 73.28050171545858], [-100.08598876631993, 73.25211573539065], [-100.11103572929592, 73.22949872568014], [-100.03249276235691, 73.19215773933438], [-99.76711874086185, 73.21140871427359], [-100.07108475736949, 73.26271773026156], [-100.40166382142941, 73.41040771411973], [-100.35568279129933, 73.3746687122782], [-100.41554177725365, 73.37340873233146], [-100.35537671227975, 73.32790471432644], [-100.70622380573585, 73.28083471919723], [-101.26927273482461, 73.36738773123938], [-101.61093977941262, 73.4997957574185], [-101.2687687692991, 73.56688173526662], [-101.20760471281596, 73.61695774230905], [-100.91257573309001, 73.60799373301397], [-100.44683483339593, 73.41929971345566], [-100.62079574990038, 73.50192873003661], [-100.51840274415366, 73.57583671537097], [-100.56526581855236, 73.60920875199756], [-100.88638582920038, 73.63065570811244], [-100.83382572676612, 73.65933873004643], [-101.06416272525654, 73.68696874429122], [-101.0134477226325, 73.72355370185707], [-101.12412976898696, 73.73915972496194], [-100.97580083596088, 73.77028174490356], [-101.03875577837049, 73.78364670988456], [-101.00588770509539, 73.81278874865251], [-100.57907181311595, 73.8686157300788], [-100.03790175347615, 73.78182874108029], [-99.86139377264978, 73.88977474770442], [-100.10826378077607, 73.83800671474285], [-100.31977282223903, 73.86816571156423], [-100.25778081779126, 73.93040070055187], [-100.11510377080423, 73.95078573487768], [-99.74622974521056, 73.94700570406835]]], [[[-92.67217936846244, 72.76736648774965], [-93.42992224285427, 72.8105664881517], [-94.3217726981375, 72.77913707314156], [-94.16583134570057, 72.72841008473846], [-93.77625930709387, 72.71673455383127], [-93.81653332053793, 72.67167403309531], [-93.51657086171794, 72.57442571077365], [-93.4767982582317, 72.5048564035915], [-93.52317381158161, 72.42103759472135], [-93.70285272993573, 72.36833288254284], [-94.00056713380964, 72.1729442672908], [-93.99900444698063, 72.1046796605875], [-94.06548070166315, 72.0458111108357], [-95.12592380672262, 72.0046830450313], [-95.20539770617097, 72.06260394179326], [-94.73722717854871, 72.1819468736396], [-95.05410823075553, 72.15613677153353], [-95.22035073059892, 72.21864011130091], [-95.23466075637334, 72.25547194584404], [-95.16321686776791, 72.31454105566215], [-95.18562146116167, 72.50238433741335], [-95.76886430583731, 72.8753722679159], [-95.7863185321279, 73.00942368570648], [-95.77051948252155, 73.07472733458589], [-95.61454553811728, 73.16383639441376], [-95.52762182786373, 73.30541936425846], [-95.55617265774438, 73.39112684409865], [-95.69477700246519, 73.51557688320173], [-95.5379753022406, 73.7530028194734], [-95.3319329982168, 73.77533169605978], [-94.83711450543984, 73.65926893627103], [-94.63604762661232, 73.69320980367348], [-94.91074454502834, 73.75837980341136], [-95.00922088913518, 73.80693721849339], [-94.88552113839607, 73.84050509061699], [-95.24694727779435, 73.95099666271338], [-95.11629389778972, 74.03563909231188], [-94.89280893326635, 74.07183468458764], [-94.14557492503276, 74.15276176682326], [-93.78186733828966, 74.10121821933774], [-93.58938925934956, 74.18336990102569], [-93.43529208579217, 74.1885260506249], [-92.34458033320142, 74.05261856784672], [-92.21895697165519, 73.99923503179257], [-92.25159740416828, 73.94909151186366], [-91.5143262315454, 74.04105616749683], [-90.09152567411486, 73.91861501334851], [-90.23918359830908, 73.84931873816316], [-90.30661953044604, 73.86959216337335], [-90.35295619218668, 73.79070263910148], [-90.62164714509726, 73.61145599097057], [-90.76493524155532, 73.5565169566292], [-90.90866808537405, 73.56281380732247], [-90.85933026728273, 73.49447809934095], [-90.98095341178356, 73.46056512387754], [-91.25100614249266, 73.27126468832088], [-91.59112721877392, 73.23646780575937], [-91.35969530344514, 73.22443161044407], [-91.60273153883722, 72.97020933151126], [-91.97989057969569, 72.82162606822762], [-92.0314427239089, 72.76254958420276], [-92.41587920580956, 72.73099512392672], [-92.67217936846244, 72.76736648774965]]], [[[-49.65847384266608, 69.44115090244436], [-50.892236328124994, 69.411767578125], [-50.804101562499994, 69.66303710937501], [-50.72026367187499, 69.725341796875], [-50.349462890625006, 69.796240234375], [-50.5, 69.935791015625], [-50.29169921874998, 70.014453125], [-50.32294921874998, 70.0271484375], [-50.802343750000006, 70.00322265625], [-51.105712890625, 70.057421875], [-51.49907226562499, 69.987158203125], [-52.254638671875, 70.058935546875], [-53.02304687499999, 70.301904296875], [-54.01445312499999, 70.4216796875], [-54.501171875, 70.656884765625], [-54.53076171875, 70.699267578125], [-54.43798828125, 70.751611328125], [-54.16582031249999, 70.82011718750002], [-53.09130859375, 70.769384765625], [-52.405224609375, 70.686767578125], [-51.52446289062499, 70.439453125], [-50.946875000000006, 70.363623046875], [-50.66328124999998, 70.417578125], [-50.93266601562499, 70.453857421875], [-51.322851562500006, 70.58876953125], [-51.33989257812499, 70.687548828125], [-51.25659179687501, 70.852685546875], [-51.774316406249994, 71.01044921875], [-51.13007812499998, 70.971728515625], [-51.018945312499994, 71.001318359375], [-51.37666015624999, 71.11904296875], [-52.06137695312499, 71.121630859375], [-52.534570312499994, 71.200439453125], [-53.007568359375, 71.17998046875], [-53.11704101562499, 71.312890625], [-52.891845703125, 71.457666015625], [-51.96728515625, 71.59912109375], [-51.769921875, 71.671728515625], [-52.19580078125, 71.62998046875], [-52.65629882812499, 71.672265625], [-53.16752929687499, 71.5359375], [-53.440087890624994, 71.57900390625001], [-53.476025390625, 71.640185546875], [-53.24970703125, 71.71015625], [-53.14453125, 71.807421875], [-53.33369140625, 71.78974609375], [-53.4201171875, 71.999755859375], [-53.69287109375, 72.15966796875001], [-53.80986328124999, 72.292578125], [-53.65214843749999, 72.36264648437502], [-53.927734375, 72.318798828125], [-53.792871093749994, 72.13408203125], [-53.513671875, 71.97626953125], [-53.4625, 71.8935546875], [-53.779687499999994, 71.678515625], [-54.019921875, 71.657861328125], [-53.912060546875, 71.525927734375], [-53.96298828124999, 71.458984375], [-54.68906249999999, 71.367236328125], [-55.33642578125, 71.4267578125], [-55.59404296874999, 71.553515625], [-55.669335937499994, 71.69150390625], [-55.549218749999994, 71.76826171875], [-55.315576171874994, 72.110693359375], [-54.840136718749996, 72.356103515625], [-54.89633789062499, 72.394189453125], [-55.32011718749999, 72.199560546875], [-55.581445312499994, 72.178857421875], [-55.65947265624999, 72.222607421875], [-55.63583984374999, 72.300439453125], [-55.295703124999996, 72.35439453125], [-55.601708984374994, 72.453466796875], [-55.45678710937501, 72.503271484375], [-55.12187499999999, 72.499609375], [-54.924951171874994, 72.57197265625], [-54.74003906249999, 72.7001953125], [-54.737939453124994, 72.872509765625], [-54.8662109375, 72.966845703125], [-55.07309570312499, 73.01513671875001], [-55.28891601562499, 72.933203125], [-55.66855468749999, 73.00791015625], [-55.692773437499994, 73.112841796875], [-55.35869140624999, 73.2029296875], [-55.28828125, 73.327099609375], [-55.445703124999994, 73.46049804687502], [-55.73886718749999, 73.383984375], [-55.87553710937499, 73.504638671875], [-56.10405273437499, 73.558154296875], [-55.968408203124994, 73.7595703125], [-55.838281249999994, 73.759716796875], [-55.92949218749999, 73.89541015625], [-56.22539062499999, 74.1291015625], [-56.4931640625, 74.182177734375], [-57.23056640624999, 74.12529296875], [-56.70634765624999, 74.219189453125], [-56.63896484374999, 74.278369140625], [-56.654296875, 74.378125], [-56.717675781249994, 74.429248046875], [-56.25546875, 74.526806640625], [-56.87114257812499, 74.694970703125], [-57.190869140625, 74.89375], [-57.813183593750004, 75.039990234375], [-58.253320312499994, 75.278955078125], [-58.56552734374999, 75.352734375], [-58.603466796875, 75.385302734375], [-58.249658203124994, 75.506689453125], [-58.51621093749999, 75.6890625], [-61.188232421875, 76.157861328125], [-62.74287109375, 76.2521484375], [-63.291308593749996, 76.35205078125], [-63.843066406249996, 76.217138671875], [-63.960351562499994, 76.208935546875], [-64.307275390625, 76.31650390625], [-64.91196289062499, 76.172509765625], [-65.36992187499999, 76.13056640625], [-65.954052734375, 76.24169921875], [-66.465771484375, 76.13916015625], [-66.8740234375, 76.21787109375], [-67.07871093749999, 76.19482421875], [-66.6748046875, 75.977392578125], [-68.14873046874999, 76.06704101562501], [-69.37290039062499, 76.331884765625], [-69.48408203125, 76.399169921875], [-68.864990234375, 76.561376953125], [-68.1142578125, 76.650634765625], [-69.25205078124999, 76.6861328125], [-69.673828125, 76.735888671875], [-69.8880859375, 76.82705078125], [-69.69423828125, 76.98945312500001], [-70.44130859375, 76.807373046875], [-70.61313476562499, 76.821826171875], [-70.79282226562499, 76.869091796875], [-70.73466796874999, 76.92900390625], [-71.0150390625, 76.98486328125], [-71.14145507812499, 77.028662109375], [-71.15488281249999, 77.073876953125], [-70.86284179687499, 77.175439453125], [-70.6037109375, 77.19384765625], [-69.65654296874999, 77.22900390625], [-68.97832031249999, 77.1953125], [-68.59160156249999, 77.342529296875], [-68.13554687499999, 77.37958984375], [-66.93798828125, 77.364208984375], [-66.38945312499999, 77.2802734375], [-66.453076171875, 77.39306640625], [-66.26645507812499, 77.515380859375], [-66.44536132812499, 77.615673828125], [-66.82353515624999, 77.68662109375], [-67.68808593749999, 77.523779296875], [-68.72822265625, 77.58056640625], [-68.70113433202081, 77.73917437751852], [-68.4986888194971, 77.84526465887939], [-67.6977087482077, 77.90073796573091], [-64.13312229098187, 78.32895923277574], [-60.030408091394655, 78.69448545576618], [-53.33650597627869, 79.11007010218724], [-44.15938210878099, 79.3521391397327], [-27.96445763672622, 79.33217149370562], [-24.903772461999946, 79.27219171334451], [-24.857380947999946, 78.53268840936707], [-24.552800228999963, 77.82919606738822], [-26.6596006054162, 75.07666547748387], [-28.46184131470834, 73.4215003749559], [-29.586510759393608, 72.08768273022801], [-29.878878752704935, 70.25338918644307], [-31.74199218749999, 68.22998046875], [-32.32744140624999, 68.4373046875], [-32.18012695312498, 68.257275390625], [-32.366845703124994, 68.213037109375], [-32.15595703124998, 68.06318359375], [-32.16455078125, 67.99111328125], [-32.369531249999994, 67.882763671875], [-33.156982421875, 67.626708984375], [-34.84637017687524, 68.02493848874168], [-41.03304820663743, 69.1098257731949], [-43.56958619883993, 69.37295280463604], [-46.601058433423404, 69.45995539090946], [-49.65847384266608, 69.44115090244436]]], [[[-77.34892041770074, 73.53045772277605], [-77.16048835500702, 73.49612769387821], [-76.96372034750684, 73.3292917938543], [-76.70392199774395, 73.333493970036], [-76.73368718647781, 73.279538181583], [-76.5764829434714, 73.22350975932227], [-76.63412454953075, 73.17018291805101], [-76.26864017034215, 73.10490187173072], [-76.34221967769, 73.03951419311623], [-76.27740897509611, 73.01206687303316], [-76.34324159203665, 72.97684740621098], [-76.06962414295467, 72.94039102535301], [-76.07015078577874, 72.86701430852197], [-76.46418494371255, 72.81649933935539], [-77.53656374572655, 72.89753862808395], [-78.28401842390302, 72.89815352776074], [-79.12241874780429, 72.75266580530848], [-79.47064129890184, 72.74327506954106], [-80.0300881387588, 72.87115106386305], [-80.20946591397377, 73.05314767410259], [-80.15424795928453, 73.12935102610189], [-80.20247562709407, 73.16298367656924], [-80.15827922301669, 73.17488194089154], [-80.16241856038118, 73.22556992394958], [-80.81577799484504, 73.28619894382365], [-80.91290559359047, 73.33768747955054], [-80.87674236297188, 73.48902258172718], [-80.6949336520748, 73.49236250975339], [-80.89124802262748, 73.56513545943541], [-80.89639529292228, 73.62336541463917], [-80.78167712755418, 73.69688693885256], [-80.84586190344555, 73.76964258566329], [-80.4468423027008, 73.77963473434137], [-79.51040849672736, 73.64758486453474], [-78.17837297970328, 73.68134303451265], [-77.34892041770074, 73.53045772277605]]]]}}, {"type": "Feature", "properties": {"unit": "1.9 - 1.8 Ga reworked Archean crust", "category": "Reworked Archean", "color": "#969696", "appearance_age": 1900}, "geometry": {"type": "MultiPolygon", "coordinates": [[[[-112.98182094193837, 31.92143807461415], [-112.87850072392888, 31.80478191338916], [-112.72690613025938, 31.463961699034854], [-112.60705222696258, 31.346839624239735], [-112.08996025460655, 31.11436521252156], [-112.00601584623632, 30.66934734841345], [-112.54027520769675, 30.553382699521332], [-112.58512533146319, 30.531005289543792], [-112.5751791924087, 30.470850835698307], [-112.22514465082146, 30.231230714208586], [-112.0380412828526, 30.25961766075233], [-111.90342557823647, 30.192912780254105], [-111.83770992062179, 29.93592646288883], [-112.31082524268042, 30.099585059611094], [-112.53705658370085, 30.318447192076217], [-113.0176592827338, 30.93547226288234], [-113.23186744852913, 31.599982879597587], [-113.07172716634, 31.55750759595885], [-113.05869624187787, 31.58727488686842], [-113.24653740572631, 31.669628437841457], [-113.26855975294082, 31.853202073413225], [-113.21274810082286, 31.93704554585024], [-113.26649018474153, 32.03144973402573], [-112.98182094193837, 31.92143807461415]], [[-112.45488054838856, 31.160057808142508], [-112.42605128332312, 31.191237960608813], [-112.46317756513913, 31.222380921504467], [-112.59204124610368, 31.26630997054127], [-112.87190986240795, 31.14283600965364], [-112.97541750260314, 31.187626381261843], [-113.00573111772086, 31.14718100305463], [-112.71225789356171, 31.00312956272501], [-112.57192212722146, 31.12788625255286], [-112.45488054838856, 31.160057808142508]]], [[[-114.05094891320806, 32.118761592887275], [-114.04879656103623, 32.04029003834818], [-114.4342294027866, 32.39015004185064], [-114.39472876029271, 32.41787573588572], [-114.42181742376061, 32.4375589780895], [-114.20477480645631, 32.47717668353089], [-114.05962630785672, 32.4246158507392], [-114.05094891320806, 32.118761592887275]]], [[[-114.07644786598925, 33.33153941120219], [-114.06367504901922, 32.56203204504823], [-114.30427361829608, 32.58116519412772], [-114.394107711458, 32.73678436948315], [-114.45337050492596, 32.76095927056944], [-114.64800858419521, 32.76731788063681], [-114.67294410207225, 32.637096701742756], [-115.08232486315322, 32.98106959633032], [-115.05567139761374, 33.38048551909186], [-114.76432880457169, 33.214823191550984], [-114.54641651215826, 33.155506249493804], [-114.43239596442805, 33.179080534681866], [-114.31602368695059, 33.33214624373341], [-114.07644786598925, 33.33153941120219]]], [[[-114.0799000785866, 33.62813677431881], [-114.08163904449168, 33.45518013323761], [-114.32359154105015, 33.396830125830334], [-114.4317958083133, 33.433196685161626], [-114.57485960219368, 33.596378682434626], [-115.04594001478405, 33.52814415841525], [-115.02189462923168, 33.897366581370356], [-114.81012461354179, 33.865213616074726], [-114.89986004474935, 33.94565788172509], [-115.01771073693757, 33.9622634888682], [-115.0260789941657, 34.24049260071187], [-114.85304375114751, 34.12592446617913], [-114.70249399534622, 34.11107910543708], [-114.6034029715627, 34.04304516788302], [-114.57897253940044, 33.91629356925446], [-114.73660141319893, 33.908554405318185], [-114.64048458385331, 33.829684544061216], [-114.28685004769288, 33.888564510362166], [-114.0799000785866, 33.62813677431881]]], [[[-114.02424396949634, 34.05251435167602], [-114.1052964846114, 34.09553903696071], [-114.0247481941504, 34.16970948610718], [-114.02424396949634, 34.05251435167602]]], [[[-117.17897609966806, 37.68930206846819], [-117.84313360740401, 37.760270896152946], [-118.11082378641242, 37.83244907247391], [-117.64851922960364, 37.974346628124614], [-117.49374551237736, 37.862060761109205], [-117.23667856788066, 37.827349694901535], [-117.17897609966806, 37.68930206846819]]], [[[-114.02255439005341, 34.337694871385786], [-114.02181565698825, 34.29425133730533], [-114.11781600027928, 34.28292538065478], [-114.09196731923575, 34.3395463011785], [-114.02255439005341, 34.337694871385786]]], [[[-114.18406108939378, 37.9360294460485], [-114.18240872500652, 37.80020894035752], [-114.27237696257835, 37.72867002655379], [-114.62600265763707, 37.66811874385296], [-115.0654336797545, 37.51051678281992], [-115.04824593700154, 37.3699453813274], [-114.75406070743801, 37.31032666676424], [-114.92117530791748, 37.194848193584534], [-114.90865974103507, 37.132608554278626], [-114.3042203564021, 37.24015155307435], [-113.95413121190887, 37.37230366766638], [-113.88353706797649, 37.51563272603545], [-113.55118907601431, 37.65269438121399], [-113.51547948183301, 37.79180098618662], [-113.29193480570929, 37.820040315401975], [-113.43794218792067, 37.87994954805056], [-113.414551783611, 38.01530817889136], [-113.08415041559294, 38.06719246922004], [-113.01040213306248, 37.9928798580784], [-112.902709237423, 37.982834468466024], [-112.87141907437554, 37.89889169487654], [-113.1543072576902, 37.77831543975646], [-113.91135475788917, 37.30212167350716], [-114.02139712951762, 36.940959709039454], [-114.04526548447714, 36.57213103499035], [-114.1657463872766, 36.43306018070577], [-114.50096612905152, 36.25154468181685], [-114.7910019245793, 36.2745444640863], [-114.94808942753014, 36.22886820976406], [-114.94198776615862, 36.134786877202366], [-114.73907264682835, 36.04191637105052], [-114.65060098833258, 35.90871213435592], [-114.7906838603725, 35.802229212452325], [-114.922163497687, 35.842899350890214], [-114.90803465149061, 35.7182567261121], [-114.80734267244802, 35.608488509479585], [-114.99215903770086, 35.525237615988786], [-114.75079649701101, 35.315897163086], [-114.72357770148251, 35.18700635387454], [-114.89341903519603, 35.10790947446008], [-114.93634574872216, 34.9785517230657], [-114.88592411243263, 34.79621823740964], [-114.79163657423949, 34.77355057991625], [-114.60307765744972, 34.60674161234188], [-114.37780203283998, 34.71814415528324], [-114.27041853226521, 34.904707936636704], [-114.31683984309679, 35.03421350324606], [-114.42973856159266, 35.09360003741129], [-114.44092486861004, 35.155642729700816], [-114.3600056620642, 35.17236334707955], [-114.38799223807878, 35.25941929459731], [-114.34248940756076, 35.42955178922224], [-114.46136909806765, 35.44401821312069], [-114.4498708327234, 35.56538072524926], [-114.61916695934107, 35.70444212394497], [-114.38435390249622, 36.09063478335099], [-114.32385384383376, 36.10355767333449], [-114.26725048140396, 36.04560385476098], [-114.07844779345008, 36.06800284291987], [-114.07065040432204, 35.812102956078775], [-114.14925031879088, 35.5823260376002], [-114.11963610718927, 35.533365887477714], [-114.04403190112562, 35.54183549109227], [-114.0276894875615, 35.32700335982524], [-114.1586405090301, 35.12945835468086], [-114.13497208892612, 35.092231854379115], [-114.03457250766037, 35.147487779473316], [-114.02727050267845, 34.409402200373954], [-114.10294484558767, 34.4320313169655], [-114.34872976285334, 34.69079771811631], [-114.38779247982302, 34.63653479559593], [-114.35995137052451, 34.57961436636766], [-114.19913774947145, 34.39923557044084], [-114.33759055794516, 34.4148861372782], [-114.4683331896079, 34.54243239834385], [-114.53552729196699, 34.382984791843676], [-114.76905382485823, 34.28079615511607], [-114.91398312930181, 34.40465917561853], [-115.03171947503166, 34.42073693544937], [-115.04131576596531, 34.71542683126196], [-114.90293665861655, 34.83965526528313], [-114.93138624179305, 34.90569173670904], [-115.05973308552983, 34.90800795020945], [-115.13468336613401, 35.66516329539615], [-114.99579602014806, 35.7757904922976], [-115.03646632884468, 35.85539332148257], [-115.15669412418224, 35.899574838053475], [-115.13558499453885, 36.139470120944615], [-115.18247092871806, 36.168974465914765], [-115.30865796333497, 37.265451634002396], [-115.47605604763878, 37.45392409339599], [-115.76520537457517, 37.51727662814747], [-115.61040441813152, 37.54148161940032], [-115.62704822604725, 37.58273982617382], [-115.89713395462405, 37.5975261756281], [-115.9629312247225, 37.642268609001185], [-115.96839147351585, 37.7026247480747], [-115.85506003423909, 37.82815427120966], [-115.58820550603623, 37.875074071477236], [-115.54798140537297, 37.96138399004669], [-115.64557728975011, 38.10879071671724], [-115.41222135179619, 38.22545758182719], [-115.4700361301293, 38.34626128395762], [-115.28689940166213, 38.45594763812426], [-115.28164998403493, 38.52927538785248], [-115.55741558237712, 38.849979647233674], [-115.89899984620139, 38.81493609655646], [-115.90111075958475, 38.70848896976199], [-115.64652725341878, 38.689178279029505], [-115.5762455137241, 38.60147939921009], [-115.69493193944123, 38.42600317274333], [-115.71036744399287, 38.199858715873816], [-115.95187661546548, 38.16938350490281], [-115.96463617025937, 38.12635397958657], [-115.88353503368077, 38.055141929564456], [-115.9287313122271, 38.023821387004865], [-116.23305275666836, 38.01935737312364], [-116.43865565295152, 38.09599514137454], [-116.58302605432337, 37.90732362255032], [-116.82199240050336, 38.02946120235393], [-116.96606962608222, 38.028709628563746], [-117.21246726595119, 38.23942691488641], [-116.57722477375961, 38.90523801755439], [-116.11859745670046, 39.91666821143717], [-116.0674163616539, 40.202239020588785], [-115.0168122750898, 39.96194036014217], [-113.94189902043989, 40.02539671615387], [-113.64923745819986, 39.8883998457221], [-113.54335004201046, 39.788382009849805], [-113.59617089363604, 39.77473942227702], [-113.77752404578332, 39.8704844413441], [-114.10471452404438, 39.862194142291855], [-114.11541610972863, 39.80699953803462], [-113.97128067333738, 39.70849943087182], [-113.97887428328936, 39.66839311181496], [-114.51591197542024, 39.58766499925263], [-114.57601920619663, 39.52124549657125], [-114.55591578183608, 39.44918991588338], [-114.42568688398167, 39.430291313132685], [-114.42568062365578, 39.5346180544393], [-114.09118731996567, 39.52235190292944], [-113.42751524783291, 39.39432538153263], [-113.30375930856263, 39.32554649953314], [-113.3325053221936, 39.237718481159924], [-113.77236229998539, 39.146404102113465], [-114.18669336610414, 39.31225419104001], [-114.53770876258795, 39.27413565644827], [-114.6266849374724, 39.344697867928566], [-114.66261885029782, 39.49053722749685], [-114.84466244598259, 39.507277762858166], [-114.85291993648883, 39.42913955714954], [-114.97651431597447, 39.39580143673679], [-114.97364396244956, 39.31057601669893], [-115.0908292673894, 39.22783855339894], [-115.15009090133647, 39.11849330305092], [-115.13047083294421, 39.05753697676061], [-114.75412191200144, 38.93204827405365], [-114.80354911163447, 38.766728589632955], [-114.71594643164161, 38.594692516748026], [-114.4443231885329, 38.51559861937714], [-113.35501140954727, 38.4155837536833], [-113.47069645632246, 38.34873758885644], [-113.77700201032864, 38.323223348294505], [-113.9432630225661, 38.24222769148214], [-114.32232785022889, 38.334228500060696], [-115.02097252594864, 38.2890596251785], [-115.13993957518034, 38.05017473399754], [-115.08791698572078, 37.8264614168161], [-115.02448786711852, 37.81433340024115], [-114.4091023578565, 37.9604133628252], [-114.18406108939378, 37.9360294460485]], [[-114.65822888599926, 36.98666314160141], [-114.84765776117969, 36.95292620135091], [-114.84196973094356, 36.872235906867], [-114.45676428668182, 36.82554347465242], [-114.38902249080728, 36.857410257341584], [-114.40053909478611, 36.92639738106009], [-114.50252225975568, 37.008977303908196], [-114.57578888858092, 37.031555182488034], [-114.65822888599926, 36.98666314160141]], [[-114.96034650625683, 36.64735654916032], [-115.04863816415065, 36.69528189634905], [-115.12062926677046, 36.65284287721891], [-115.1096557005346, 36.51222486840615], [-114.83822634277236, 36.399513440759804], [-114.85580362716439, 36.51589936696058], [-114.77913526202875, 36.56978968960551], [-114.77707228308566, 36.62937604288108], [-114.96034650625683, 36.64735654916032]]], [[[-111.35073007566513, 38.557606027928635], [-111.44687864224395, 38.41162230702425], [-111.90937140047609, 38.27145743389949], [-111.74812064004912, 38.46591841222832], [-111.89162384533107, 38.561946616634174], [-112.07812664308075, 38.593842328474274], [-112.52664099907147, 38.48538788624679], [-112.89304313311689, 38.560318797791695], [-112.8615372794403, 38.65688215316695], [-112.90286074514174, 38.793419811554884], [-112.98465169250682, 38.925373445227045], [-113.19707010252579, 39.10528047647707], [-113.2007100267475, 39.190563048118236], [-112.89528323999987, 39.26579269802383], [-112.59410966599472, 39.01269838311369], [-112.21797938024277, 38.98963929453849], [-112.10781308794537, 38.89716490854586], [-111.88043288822122, 38.90616991465749], [-111.62736158399973, 38.71265993899876], [-111.42086771610198, 38.71245957592187], [-111.35073007566513, 38.557606027928635]]], [[[-112.4342249029263, 38.07667092920116], [-112.70568857728477, 37.969069674532676], [-112.65134253062544, 38.05951189148463], [-112.73852916628125, 38.17801650305932], [-112.4342249029263, 38.07667092920116]]], [[[-112.15227090065794, 38.17312052043878], [-112.32327087102928, 38.11473069334531], [-112.43512365087294, 38.30891933713431], [-112.42227909129869, 38.36271950543853], [-112.30571108189788, 38.39035261849135], [-112.12354414577888, 38.337392429165064], [-112.19805105615264, 38.20139902304024], [-112.15227090065794, 38.17312052043878]]], [[[-51.21015624999998, 68.419921875], [-51.45610351562499, 68.393505859375], [-51.632421875000006, 68.273046875], [-52.19853515624999, 68.22080078125], [-52.698388671874994, 68.2615234375], [-52.780029296875, 68.30986328125], [-53.38315429687499, 68.29736328125], [-53.039453124999994, 68.610888671875], [-52.60458984375, 68.708740234375], [-52.30278320312499, 68.701123046875], [-51.623144531250006, 68.534814453125], [-51.069921875000006, 68.619189453125], [-50.800634765625006, 68.791259765625], [-51.249414062499994, 68.73994140625], [-51.084863281249994, 69.128271484375], [-50.29736328125, 69.17060546875], [-50.53662109375, 69.2478515625], [-51.07695312499999, 69.20947265625], [-50.892236328124994, 69.411767578125], [-46.60105843342341, 69.45995539029046], [-43.56958619883993, 69.37295280401486], [-41.03304820663743, 69.10982577256725], [-34.84637017687524, 68.02493848808784], [-33.156982421875, 67.626708984375], [-33.348876953125, 67.442724609375], [-33.50444335937499, 67.377001953125], [-33.527978515624994, 67.258154296875], [-33.60820312499999, 67.17421875], [-34.1982421875, 66.655078125], [-34.4228515625, 66.63017578125002], [-34.63281250000001, 66.434765625], [-35.188574218750006, 66.25029296875], [-35.411718750000006, 66.2615234375], [-35.86723632812499, 66.44140625], [-35.63007812499998, 66.13994140625], [-36.37919921874999, 65.830810546875], [-36.38896484374999, 65.959716796875], [-36.527246093749994, 66.00771484375], [-36.665185546874994, 65.790087890625], [-36.932421874999996, 65.782568359375], [-37.06279296874999, 65.871435546875], [-37.316015625000006, 65.790234375], [-37.410058593749994, 65.65634765625002], [-37.75419921874999, 65.59306640625], [-37.95478515624998, 65.63359375], [-38.00126953124999, 65.709619140625], [-37.79736328125, 65.856787109375], [-37.826513671875006, 65.90966796875], [-37.787841796875, 65.977978515625], [-37.278710937499994, 66.30439453125], [-38.051660156249994, 66.3984375], [-38.156640624999994, 66.385595703125], [-37.752343749999994, 66.2615234375], [-37.96943359374998, 66.14111328125001], [-38.13994140624999, 65.903515625], [-38.520361328125006, 66.00966796875], [-38.44267578124999, 65.9216796875], [-38.21635742187499, 65.838330078125], [-38.203369140625, 65.71171875], [-38.63671875000001, 65.624365234375], [-40.17353515624998, 65.55615234375], [-40.191552734374994, 65.522509765625], [-39.57792968749999, 65.340771484375], [-39.937255859375, 65.1416015625], [-40.25312499999999, 65.048876953125], [-40.667578125000006, 65.108740234375], [-41.08442382812498, 65.100830078125], [-41.08867187499999, 65.0353515625], [-40.96601562499998, 64.86884765625], [-40.65546874999998, 64.91533203125], [-40.521093750000006, 64.82548828125], [-40.432714843750006, 64.673193359375], [-40.20986328125, 64.536279296875], [-40.182226562500006, 64.479931640625], [-40.47763671875, 64.34443359374994], [-44.37846537958012, 65.85960789264611], [-46.42891264915478, 66.34567163593259], [-47.99287659820069, 66.53093002967606], [-49.57570159797929, 66.59076880528066], [-51.0867426916653, 66.30204580457607], [-53.35693359375, 66.073291015625], [-52.056103515625, 66.50732421875], [-51.891210937500006, 66.62314453125002], [-51.51708984375, 66.73203125], [-51.224999999999994, 66.88154296875], [-51.28105468749999, 66.890966796875], [-53.035791015624994, 66.201416015625], [-53.614697265625, 66.15449218750001], [-53.634716796875, 66.413671875], [-53.41874999999999, 66.64853515625], [-53.114648437499994, 66.75380859375], [-53.03828125, 66.826806640625], [-52.386865234375, 66.88115234375], [-53.443603515625, 66.924658203125], [-53.687158203124994, 66.986474609375], [-53.884423828124994, 67.135546875], [-53.798583984375, 67.4181640625], [-52.96953124999999, 67.687255859375], [-52.51201171874999, 67.761279296875], [-51.90908203125, 67.663720703125], [-51.18144531249999, 67.6365234375], [-50.70537109374999, 67.50888671875], [-50.61347656249998, 67.52792968750002], [-51.171044921874994, 67.693603515625], [-51.16796875, 67.733837890625], [-50.88701171874999, 67.783544921875], [-50.968847656250006, 67.806640625], [-51.765234375000006, 67.737841796875], [-52.34482421874999, 67.8369140625], [-52.97958984374999, 67.757763671875], [-53.41879882812499, 67.574560546875], [-53.73520507812499, 67.54902343750001], [-53.57797851562499, 67.83681640625], [-53.352929687499994, 67.9705078125], [-53.1515625, 68.207763671875], [-51.59687499999999, 68.05478515625], [-51.20727539062501, 68.325537109375], [-51.16914062499999, 68.385205078125], [-51.21015624999998, 68.419921875]]], [[[-73.14948685718714, 62.23804721844606], [-73.04592182292566, 62.17049697735765], [-72.67090788219276, 62.12639225174754], [-72.64908404249758, 61.981517034057475], [-72.58676422224971, 61.9400275177352], [-72.24971641045735, 61.87673847568752], [-72.21548473622843, 61.83473200105107], [-72.2722595444161, 61.76554526353333], [-71.58584726960969, 61.62467658646676], [-71.81831900224958, 61.55706721560056], [-71.71814425238082, 61.35025077266003], [-71.5063104501795, 61.17437234553279], [-72.40244181260421, 61.397520910631535], [-73.5536151339113, 61.545304877103824], [-74.53718467050841, 61.41835432809496], [-75.65358951681318, 61.362063123646415], [-76.21880110150255, 61.380693794860626], [-77.78661847571534, 60.77727224335965], [-78.06300475136852, 60.81520509014337], [-78.6355394288399, 60.741671124943906], [-78.6878177495713, 60.78248614566778], [-77.95431337183331, 60.99334709548956], [-77.8319632049878, 61.11844652065109], [-77.78304521121554, 61.28852375526134], [-77.8193983816876, 61.433672236803986], [-77.6587745699784, 61.646808711464594], [-78.013649710264, 61.737062712324914], [-78.14969160903252, 61.96817482411315], [-78.2025081847279, 62.26957720245588], [-77.89448789601038, 62.44809332928806], [-77.5422533428013, 62.56793049481987], [-77.32091935834073, 62.59500541999303], [-75.7908620466439, 62.30729402667346], [-75.28368003802358, 62.332685251444055], [-74.87621510542071, 62.231864244662034], [-74.28782211081857, 62.30308461818418], [-73.72673761908646, 62.496778888544284], [-73.24282262545708, 62.33382298080868], [-73.14948685718714, 62.23804721844606]]], [[[-57.78994018806715, 54.707758698915256], [-57.465063785742444, 54.66050498191377], [-57.2546398755984, 54.515738314093426], [-58.44095256333225, 54.66764953297596], [-59.235700369860815, 54.83799864757974], [-59.6865149135094, 54.85529484246064], [-60.41033017810975, 54.751992571666726], [-61.068973136711605, 54.48134893808796], [-61.34696554837592, 54.31415633147622], [-61.55621402414375, 54.320273936772246], [-61.903245630790046, 54.49853085649549], [-62.079218599216, 54.53563875083766], [-62.38726009366196, 54.51057016478756], [-62.29528225004778, 54.637568160422], [-61.434755325269506, 54.92340401676527], [-61.0718104176665, 54.95310344079009], [-60.954306594964855, 55.044237470915675], [-60.75671314941465, 55.07559523380255], [-60.61339802534246, 55.16867152995816], [-60.1693500632632, 55.25485794330253], [-59.735981504118804, 55.230185032619495], [-59.183826873602264, 55.28087130577142], [-59.07145636435028, 55.20803302781687], [-58.89861256235573, 54.93616344160767], [-58.20442733230384, 54.84931135539018], [-58.0108378980387, 54.92625347707543], [-57.91996342039362, 54.882663294571316], [-57.907724552701545, 54.81135721144583], [-57.78994018806715, 54.707758698915256]]], [[[-79.03874450027526, 56.44227930449705], [-78.72818076879597, 56.46480272292096], [-78.6969213299741, 56.32430274862665], [-78.74326822213445, 56.17985437975543], [-79.0111164416312, 56.16194916989787], [-79.2953235613618, 55.95196394736756], [-79.42293532372977, 55.92351236100744], [-79.81827007999831, 55.851508457374884], [-80.07302621444643, 55.90076499270815], [-79.94680988184933, 56.14500297037212], [-80.13941982510013, 56.204280810298314], [-80.08908885170393, 56.32716433132006], [-79.75996500492364, 56.42687444931767], [-79.6183552621805, 56.516267426853844], [-79.38446825473713, 56.55670827755701], [-79.20545570325116, 56.551257144529146], [-79.03874450027526, 56.44227930449705]]], [[[-69.40841898743462, 60.83548240727427], [-69.67214040157256, 60.66696722229073], [-69.6401001299531, 60.02424708467873], [-69.68805786435357, 59.51285335916793], [-69.52551319605749, 59.3730149922814], [-69.32938667899711, 59.31911519846127], [-69.29683386866985, 59.24619601710619], [-69.41782737476107, 59.0620318809533], [-69.31942164280882, 58.90497548864994], [-69.21397460422024, 58.898695619950175], [-68.88522225905922, 58.623494078156], [-68.80425465714205, 58.31834895310297], [-68.83626940725392, 58.01680460849554], [-68.7719306654375, 57.6547121641466], [-68.49833533119312, 57.28914957730344], [-67.80285075542817, 56.64149640552035], [-67.3598760473482, 56.4480452418211], [-67.142034500038, 56.27882095371931], [-66.40286537226547, 55.559596119153795], [-66.24833168195994, 55.22053994484429], [-66.15710494959454, 54.853441234934415], [-66.15851680670347, 54.53730533204411], [-66.04034112385385, 53.94944568183485], [-66.67887597361175, 53.818567358649815], [-66.60095682501907, 54.007501123401006], [-66.63051303846304, 54.15377437182156], [-68.2014454401488, 55.53006251985843], [-68.35001621166744, 55.77851865126587], [-68.68725231033699, 56.14216526823698], [-69.02602869204334, 56.606938714738675], [-69.44171987088556, 56.95400163919967], [-69.4231897118097, 57.18150446099423], [-69.50916981958783, 57.32114173542631], [-69.6203577140878, 57.39214882486556], [-69.70849588805926, 57.62789015447751], [-69.95391653072666, 57.73396615585254], [-70.04406889697933, 57.928635350816805], [-70.26873497398698, 58.10329145288115], [-70.391851560211, 58.97014380706273], [-70.21062984258316, 59.28807667892216], [-70.36388509327503, 59.50538251975141], [-70.41721293592151, 59.81432142161743], [-70.16864623962658, 60.11048840464987], [-70.19126907584557, 60.31909095855916], [-70.7540687308447, 60.806646101330806], [-70.96119551933388, 61.0656262480944], [-70.15784287373131, 61.066415167091336], [-69.93426210993434, 60.87455449111779], [-69.8064310523468, 60.88661271635955], [-69.79074527658246, 60.957608489665], [-69.64810423674199, 61.06415523309349], [-69.49686622517385, 61.057225405758054], [-69.40841898743462, 60.83548240727427]]], [[[-81.77592973626658, 67.79028341539012], [-81.83040054910776, 67.79040922042802], [-81.39854335889297, 67.59852203870265], [-81.19779030772119, 67.44968103916622], [-81.25625445825297, 67.4126007715354], [-84.14836834697421, 67.19033647127459], [-84.9532883750102, 67.23955389354423], [-86.50623807818717, 67.22974804430105], [-86.91808421767928, 67.18715580519562], [-87.15599044107742, 67.09513981739086], [-88.44721992817975, 66.28845330430963], [-89.31115296509907, 65.90719561638917], [-89.62408461261272, 65.93315837701236], [-89.89929857535247, 65.84514598804593], [-91.68949014305618, 65.92793896155719], [-91.79059590894417, 66.00135124458323], [-91.58177546619227, 66.09619475149623], [-90.00480264965081, 66.29098912771255], [-88.88539883823476, 66.54294368682991], [-88.42382382451001, 66.68014497135246], [-87.83241876787154, 66.99898692045625], [-87.41720019224867, 67.18001389201655], [-87.3040645841149, 67.16202122166877], [-87.03787128757924, 67.2974823114032], [-84.84032137602118, 67.59415043724053], [-81.97638385161119, 68.21020408370681], [-81.96653012064571, 68.16892165677578], [-82.11670643024328, 68.10749617270676], [-82.06088500787116, 68.09148533870759], [-82.17538936026527, 68.00092701188339], [-82.10464690170147, 67.90991023523655], [-81.77592973626658, 67.79028341539012]]], [[[-74.26915881067174, 68.05714261280941], [-73.41454180608437, 67.97512115115457], [-73.42701988407521, 67.91984182572904], [-73.35028906016812, 67.83058375432726], [-73.53312509491039, 67.75431755587014], [-74.39375085667508, 67.76698028726331], [-74.6336385713835, 67.84268164772683], [-74.74586903422417, 67.91802764671006], [-74.78292749740014, 68.00117479676263], [-74.75399526753488, 68.07512094697759], [-74.45774685608215, 68.0723234899498], [-74.37498693972435, 68.17856729078765], [-74.2113221661245, 68.13081344313218], [-74.26915881067174, 68.05714261280941]]], [[[-75.40961847994615, 68.26331179036602], [-75.13173353149344, 68.23817730565058], [-75.0074966312479, 68.12062982379304], [-75.14614803041532, 67.9689605637403], [-75.05495864027557, 67.84218547822589], [-75.02908421797488, 67.62706174590878], [-75.17805175285714, 67.44618676933514], [-75.3956110773509, 67.35315594918956], [-75.90474646493637, 67.24794952134386], [-76.67973759677137, 67.2091120964068], [-77.00396401936891, 67.2473763164057], [-77.2086785587394, 67.46295471398842], [-77.19983231440214, 67.53481982970393], [-77.29162020128688, 67.7082465020971], [-77.21327889156123, 67.84130476267728], [-76.96255295282323, 68.07525892701939], [-76.64780502080414, 68.25837567618078], [-76.25650035515316, 68.33796203772769], [-76.09578074812146, 68.2930872723203], [-75.90924707385891, 68.3451442085098], [-75.40961847994615, 68.26331179036602]]], [[[-67.9051380996886, 68.78178912524903], [-68.46625253608788, 68.85060094287778], [-68.55793329015872, 68.8219809195013], [-68.51299111128759, 68.73390895740133], [-68.1147046399558, 68.69263150596326], [-68.0514585477785, 68.5397209359019], [-67.74066640526812, 68.57370417257171], [-67.4478465942943, 68.4734559295693], [-67.30350549465064, 68.48615288427601], [-67.28850958981509, 68.44225896489762], [-67.40364584945458, 68.41823436769266], [-67.18222975522791, 68.43361082493125], [-67.20707876895477, 68.49153675457435], [-67.06419758026448, 68.4447389737043], [-66.90392910331916, 68.48022997984427], [-66.77594310475087, 68.44975528272755], [-67.02012800121537, 68.4270340139003], [-67.0951129484375, 68.29270053432327], [-66.85673134362563, 68.2468776228748], [-66.68236480196074, 68.1489710184032], [-66.41676984136937, 68.12873686632716], [-66.27945730744646, 68.01476779215136], [-66.3928678433433, 67.97444222721724], [-68.11278889437129, 67.8652542110253], [-68.99274084693162, 67.88884329637088], [-72.57754968903524, 67.75955529068972], [-72.74315812701225, 67.8696525515075], [-72.86583391179016, 67.849837896489], [-72.91789708092449, 67.91180125550122], [-72.88253350740689, 67.92879964842481], [-72.96815279199016, 67.93074572182931], [-72.91801493381138, 67.96267756825937], [-72.98245766285208, 67.9977562477991], [-72.72501076762808, 68.08937907830251], [-72.92181902605115, 68.02132905581428], [-73.0088998403044, 68.23418741921174], [-73.17664262870231, 68.21046172159139], [-73.24458247131878, 68.23333720447764], [-73.20941522040101, 68.27531847969216], [-73.2905223779644, 68.28791417153175], [-73.33686633597283, 68.27999589090858], [-73.3106973089262, 68.25296433106355], [-73.55986482941756, 68.28186127815982], [-73.64364433693378, 68.25046668248355], [-73.7052150643128, 68.2917317914783], [-73.59136120670705, 68.30861346862329], [-73.86052725145997, 68.33693581918652], [-73.92122486608699, 68.39793860328746], [-73.50904109906456, 68.435285139592], [-73.69120958641525, 68.48510580427426], [-73.75680717634734, 68.43403145913764], [-73.98152490894297, 68.41519297827098], [-73.88152352734501, 68.49576369048995], [-73.73833266959642, 68.51132518226653], [-73.82448236842335, 68.57106430262456], [-73.71524976734077, 68.61274826947378], [-73.82413960547578, 68.62236387299869], [-73.66902761612285, 68.66128206302496], [-74.20546030225978, 68.72417938513905], [-73.9238598929386, 68.56868474448687], [-73.96197963590551, 68.51092754156068], [-74.04912669734132, 68.50652510343939], [-74.02430351391008, 68.54502970799778], [-74.21411646157306, 68.51628909604773], [-74.49946163376914, 68.59542261494447], [-74.54507008687898, 68.67237661560861], [-74.73346598865685, 68.73593460483356], [-74.53386205576874, 68.83239654796346], [-74.67098592397329, 68.84425455328743], [-74.74125149121438, 68.81288341762367], [-74.63021814875471, 68.80577458399702], [-74.77666058166085, 68.76019460988773], [-74.99374255043406, 68.81489597541342], [-74.68267289621204, 68.87161330491186], [-74.66897369703416, 68.9286111620079], [-74.71468853750815, 68.94243991672916], [-75.05530331844831, 68.90292859140243], [-74.84686164096557, 68.9345984239603], [-75.04414800025516, 68.92644631287469], [-74.86349030723352, 68.96456682192154], [-75.03545535479287, 68.96258181917717], [-74.92270619138664, 69.00984962852591], [-74.65017739086467, 69.02299526301907], [-74.77303600304568, 69.08053883247526], [-75.05902308170738, 69.01441965617897], [-75.020699236214, 69.00038274618674], [-75.1040450061189, 68.97307039568388], [-75.06999463564357, 68.94284221109879], [-75.1556767166339, 68.88571297636221], [-75.4847417259858, 69.02538712363794], [-75.58429606728919, 68.99667085792419], [-75.50421647725548, 68.9354672655028], [-75.59969103196178, 68.88756335453152], [-76.27741153626759, 68.70374685062924], [-76.57374932124247, 68.67347561412335], [-76.68068799652762, 68.72069407642351], [-76.52807589454618, 68.82929409323653], [-76.51187753746754, 68.87780466935011], [-76.61708556861467, 68.89350517687076], [-76.63534235220979, 69.01641710762657], [-76.56288781672056, 69.03739001019989], [-76.11472713529294, 69.04650063706615], [-75.99066574813054, 69.00725823132612], [-75.7674431284413, 69.08926031697733], [-75.59893162900656, 69.08139554980784], [-75.57590527808316, 69.15967863665085], [-75.61826412529966, 69.2516825638037], [-74.24696438934707, 69.29165973513683], [-71.32777548261289, 69.2870472676943], [-67.63154263549103, 69.13172590570132], [-67.80520077014161, 69.01478275745339], [-67.8271440322258, 68.78612565939561], [-67.9051380996886, 68.78178912524903]]], [[[-75.18905438785919, 68.68923251274506], [-75.00105005649509, 68.66097827247374], [-74.92875532434599, 68.55968079209389], [-74.78228316893401, 68.48295085674867], [-74.92031012723606, 68.44690316945702], [-74.76199497744378, 68.40691215317146], [-74.85890833663024, 68.38003880735], [-74.79948940681935, 68.3592811087876], [-74.87375314479745, 68.34739471494136], [-74.81929157114975, 68.32597955829664], [-74.98999867874544, 68.33567604267958], [-75.06927439609517, 68.40604023766367], [-75.40201803969468, 68.51532910907987], [-75.39112761075856, 68.63276127491928], [-75.30762551487527, 68.70887976278522], [-75.18905438785919, 68.68923251274506]]], [[[-74.66048996569721, 68.60588313507212], [-74.51493043582782, 68.56283229036973], [-74.8237517007974, 68.56522471918161], [-74.8956070917143, 68.63122417091978], [-74.68957683645738, 68.66789902266412], [-74.66048996569721, 68.60588313507212]]], [[[-109.53499791848922, 40.842634698502835], [-108.8599021523608, 40.864747124468806], [-108.56776181247326, 40.8232883735198], [-108.70416411419342, 40.74472201873252], [-108.88093255531895, 40.83254012640601], [-109.02364602314265, 40.79899967242034], [-109.00467532809343, 40.73600152167931], [-108.80505254081575, 40.67585318569389], [-109.44994585958818, 40.21579805075284], [-109.83464974071781, 40.43453609107353], [-110.00241678797944, 40.47215878788274], [-110.49522349313851, 40.457326920297255], [-110.6656177882711, 40.562140871352646], [-110.92755095794973, 40.530850751317104], [-110.94842847723605, 40.437230622127174], [-110.87977896441744, 40.33283292436407], [-110.94718439545687, 40.291876972723394], [-110.95312237699508, 40.20994635528661], [-110.63567486509193, 40.19552336018877], [-110.54729609240839, 40.144521180244354], [-110.641488943044, 39.98786231321587], [-110.84767080417662, 39.914285527383214], [-110.95694138269955, 39.81760899606494], [-110.9350785447481, 39.72109786888797], [-110.66856494934568, 39.56225367413798], [-111.05628569413953, 39.390596466677465], [-111.26452732292967, 39.24505199641199], [-111.35890171238788, 39.322882279449594], [-111.4686920763682, 39.333210951980874], [-111.96348130915128, 39.0916334755646], [-112.13571627048215, 39.10490087926841], [-112.2460483091028, 39.31151520116995], [-112.2516665198295, 39.489844843893884], [-112.31360868784832, 39.493308255685015], [-112.40094342658179, 39.36258097270931], [-112.45752766928807, 39.40192436857617], [-112.41818741437183, 39.47998773455869], [-112.4438921684283, 39.55705291786774], [-112.23784386859639, 39.697574374059215], [-111.90751155730214, 39.732443442598], [-111.91601730530016, 39.818533535429246], [-112.17581320449135, 39.92160683214597], [-112.40845379486976, 39.94408254903687], [-112.46870139455531, 40.035595909594775], [-112.6233304604843, 40.10957967641932], [-112.79186593573029, 40.088756554339206], [-112.80552184163714, 39.91839269341087], [-113.06814314852589, 39.93912068594079], [-113.19277703170718, 40.025822115620095], [-113.20061786791007, 40.1203285176747], [-112.84522717120659, 40.18669655890208], [-112.73515539846471, 40.793411276114504], [-112.8158582075669, 41.11853620936961], [-113.08326598289538, 41.78546508947488], [-113.28269527221119, 42.09977249247579], [-113.42117024735559, 42.2216366409718], [-112.51501118951077, 42.73719371503811], [-112.40238642931588, 42.69890883257888], [-112.25035374171682, 42.7904255088547], [-112.11792035403344, 42.94971110029383], [-112.16460434730269, 42.98576256960875], [-112.06160142801278, 43.06088167333596], [-111.85825924200464, 42.499567534185594], [-112.21156995708196, 42.23177529862108], [-112.22071796485552, 42.112442411934666], [-111.70945693243483, 42.17567572175898], [-111.47906502553654, 41.68525401184386], [-111.06678146361733, 40.992723511759955], [-110.73174985761115, 40.6755386466907], [-109.98400397507754, 40.81393124550113], [-109.53499791848922, 40.842634698502835]], [[-111.90107135644571, 41.25829778676871], [-111.79090371249015, 40.802701775790666], [-111.7477116283868, 40.76144671828561], [-111.6279899308255, 40.77265496430777], [-111.61527320929544, 40.870853017440865], [-111.73667041396853, 41.211170999682935], [-111.63588253603533, 41.22807800403294], [-111.47487094531623, 41.149713216525306], [-111.47228555014895, 41.26541357372277], [-111.70794656483208, 41.394911353569995], [-112.11009834355544, 41.518195628668856], [-112.19163434902704, 41.49747078239384], [-112.17016892475883, 41.35386862815082], [-111.90107135644571, 41.25829778676871]], [[-112.06451104477037, 40.73540634726549], [-112.11867285440954, 40.92230496991009], [-112.2116022214326, 40.94847517857353], [-112.21884682826946, 40.78897459723394], [-112.06451104477037, 40.73540634726549]], [[-112.39277497415034, 41.076090691006335], [-112.39934507088395, 41.215800482240645], [-112.4752919841908, 41.28802443268177], [-112.56284857445465, 41.270727494629206], [-112.47745528282428, 41.11252312148025], [-112.39277497415034, 41.076090691006335]]], [[[-102.08941219197604, 43.148917126134016], [-102.3259347423666, 43.08436058508469], [-102.42284159922703, 43.18962658725995], [-102.31337429260377, 43.26398882941625], [-102.08941219197604, 43.148917126134016]]], [[[-114.4793410086298, 49.7018287881926], [-115.22336554321475, 49.3662737211104], [-115.27982296721272, 49.443217261637294], [-115.55840057760318, 49.578754493191106], [-114.86199476876803, 49.84736379724053], [-114.1189338909674, 50.2151422334537], [-113.55795011272642, 50.405758364631396], [-112.76725289277744, 50.50792941386616], [-112.2217418222074, 50.65640513425458], [-111.28158875859484, 50.7469704909711], [-110.09992701923551, 50.78988505651995], [-109.71256741019718, 50.90639740032314], [-109.27198937300346, 50.942543572133005], [-107.84755783984903, 50.88129013772174], [-106.89558319172627, 50.963904445927795], [-107.05617644229115, 51.53424747279539], [-107.01423215535975, 51.8124262054325], [-106.3989807745048, 53.4799489404507], [-106.14301233066746, 54.4048740077714], [-105.74012640185707, 55.15586822169506], [-105.1718719597356, 55.71590202091174], [-104.73338591370965, 55.866361267813424], [-104.36358554720832, 56.261191759988634], [-103.88251222880874, 56.393669681914574], [-102.89210009227398, 56.91799918613604], [-102.64328162752881, 56.955247332522305], [-102.57393978691965, 57.0479215122174], [-102.19383902528337, 57.148165769755046], [-102.02288751315805, 57.151039435233116], [-101.63837923151587, 57.02379980830827], [-100.99118770800929, 57.11251157792373], [-99.742400273295, 57.054177210464836], [-98.98266379925735, 57.20307321498014], [-98.15819784794348, 57.12947214342258], [-97.04823608601298, 56.90224940674243], [-96.82603626467682, 56.8967992224539], [-96.57483235332896, 56.94333110370165], [-96.14867503046383, 57.18352579880447], [-95.74589294757, 57.279099235569134], [-93.09322602033684, 57.511704453506], [-92.63366726287556, 57.625304772810296], [-92.48087452739172, 57.50181766581875], [-92.45500728777743, 57.34884687491025], [-92.78458658246461, 56.99641334218862], [-92.47579800224625, 57.09734888660473], [-92.2839843752424, 57.09277503462127], [-91.14185930122885, 57.30323106055408], [-90.71497962477106, 57.22917512094403], [-90.27276918589263, 57.1356396328834], [-90.05832044944245, 57.018242889595804], [-89.68084765189174, 57.004118862205424], [-88.64544471346781, 56.76243697463007], [-87.9244791670953, 56.497118273519284], [-87.80397991351043, 56.40124176209217], [-87.80715014519532, 56.32483132876779], [-87.6049214148087, 56.191729495739544], [-86.90966223816943, 56.11164276322627], [-86.7185472683318, 55.994815816234436], [-85.8049499071159, 55.765916287028595], [-85.34245304492572, 55.52515934789095], [-83.58364812796476, 55.36609615223087], [-83.13237510455238, 55.39947934284218], [-82.9190290924219, 55.31579499431177], [-82.40709883500516, 55.25773965108165], [-82.24768485203816, 55.134685053649065], [-82.24633403899928, 54.80549024358355], [-82.44526925828097, 54.38504082551329], [-83.00524061711106, 54.51434067528107], [-83.14486809396922, 54.59518354030605], [-83.28728548994864, 54.84486215533644], [-83.47525191160705, 54.9814938490045], [-83.85406599709124, 55.11466586393627], [-84.47433879180298, 55.21980005949119], [-87.15473620810758, 55.4798930044189], [-87.48037883333873, 55.60139891529431], [-87.81119441118543, 55.569854545990694], [-88.35256265847669, 55.64501821444973], [-88.95143901485606, 55.8171831387049], [-90.34925628697104, 56.40316802796446], [-90.91695624786195, 56.540512918374525], [-91.59716313091762, 56.603180144721286], [-92.09188076177385, 56.5888233620802], [-94.83034590199208, 56.23186292401858], [-95.22982768890543, 56.247946026637244], [-95.96996553151125, 56.414900546456906], [-96.55718478019358, 56.392962585750176], [-97.91447209942108, 56.16384780822522], [-98.1590235645324, 56.045251263449686], [-98.37303107740613, 55.8537329754484], [-99.14746567998033, 54.84602151993029], [-99.98737503743732, 53.87954534760235], [-100.68256663375107, 52.74972713707916], [-101.13763881322004, 52.205625480107535], [-101.19770056507606, 52.03923364118262], [-101.20552667328217, 51.458826840888], [-100.96703724692327, 49.42768336631261], [-100.8517007050333, 48.82999139910365], [-100.85722355894475, 48.512596024022166], [-101.11739699034328, 47.50047724842415], [-101.29103911939478, 46.54270462495314], [-101.27570918453995, 46.1099441159687], [-101.18047916633395, 45.779031715573424], [-100.97796192722294, 45.40208304974195], [-100.46472757408752, 44.64752780066957], [-100.28096728630769, 44.035452974458046], [-100.15235808383464, 43.82263611883666], [-99.90771492768181, 43.61069902312633], [-99.92281074968135, 43.396075788684826], [-99.7373492535973, 43.26890991329255], [-99.51002794405433, 42.992494559954515], [-98.89847552488531, 42.85696908717125], [-98.81120230941735, 42.85901332553368], [-98.73291059175712, 43.008957553683466], [-97.5528857514147, 42.38652185207465], [-97.84496606136133, 42.16649767620166], [-98.42030810911515, 42.44662650040089], [-99.30878050425811, 42.76950431740835], [-101.0467976417641, 43.26495663566491], [-101.41660461221748, 43.572025237664676], [-101.64654549433209, 43.46331861259509], [-101.74092704590518, 43.46359685220972], [-102.04357403529659, 43.63295001886602], [-102.69128424665905, 43.612822840897714], [-102.76329951044417, 43.42165566115055], [-102.95964654977266, 43.35465811118515], [-102.85466230170809, 44.17710882924046], [-103.02455458524923, 45.047399200568115], [-103.29538310935163, 45.464702046776786], [-103.75203362369112, 46.34513024653333], [-104.23537189783667, 46.99284685356775], [-105.57866589213835, 48.30584104295642], [-106.29377072726132, 49.1979468741591], [-106.54761706884676, 49.59295398041553], [-106.6466579075662, 49.86724603196131], [-109.40482475522481, 50.355670128028834], [-111.72968831480982, 50.47773167226364], [-112.05115344000028, 50.444408636821436], [-112.77025500698248, 50.200890868105894], [-113.44755258466128, 50.16324518969796], [-114.4793410086298, 49.7018287881926]], [[-104.78964637909233, 54.049768930144985], [-105.54629065782866, 53.29682500633985], [-105.84359512310384, 52.9001911545178], [-105.97258659259433, 52.572302937918124], [-105.96600666046965, 52.32323655963129], [-105.87992749356896, 52.083720781080565], [-105.58760752640318, 51.687931741672664], [-105.0981202353114, 51.377839461057384], [-104.35766564363371, 51.13082762598391], [-103.33204540012592, 50.69941761621185], [-103.21133795090932, 50.71942210341036], [-103.02763415428544, 51.25039567798649], [-102.41818085327361, 51.906799324137516], [-101.6114216034811, 52.61804209490526], [-101.45719232203241, 52.902304969211166], [-101.1495734621275, 53.72470202241471], [-100.57800475506698, 54.22679959432388], [-100.02117012458334, 54.79803137329543], [-99.9539086879145, 55.00271388157132], [-100.04073939917342, 55.21293012885566], [-100.19635341068701, 55.37873278603608], [-100.55743888940252, 55.49378657043917], [-101.24389506721886, 55.63256987179821], [-102.27214748418008, 55.65656216001451], [-102.725740823088, 55.56431418760205], [-103.13211945074094, 55.39409272019944], [-103.48234218225718, 55.17426635327605], [-104.78964637909233, 54.049768930144985]]]]}}, {"type": "Feature", "properties": {"unit": "1.45 - 1.35 Ga granitoids", "category": "Mesoproterozoic", "color": "#fda07a", "appearance_age": 1450}, "geometry": {"type": "MultiPolygon", "coordinates": [[[[-110.60002119051829, 30.41485255374632], [-110.61050792197436, 30.494555148158813], [-110.43341604126358, 30.431467827131094], [-110.18059595290659, 30.497287089037822], [-110.07773027883229, 30.403437092797652], [-110.30373742434034, 30.333910284546103], [-110.60002119051829, 30.41485255374632]]], [[[-109.37796302885958, 30.648326192105138], [-109.47415379655794, 30.659212154266534], [-109.63974402029538, 30.78241483931885], [-109.64579266625965, 30.929637488538795], [-109.7197063606189, 31.082373841604902], [-109.37234543085452, 30.84332651923931], [-109.35732833329868, 30.74390320899925], [-109.1750231908558, 30.626031115115953], [-109.37796302885958, 30.648326192105138]]], [[[-106.00824645190238, 30.36672321302281], [-105.93264345296313, 30.273656663524516], [-105.70947292619728, 30.23395837304662], [-105.85331576053458, 30.088298079405778], [-105.81640852015258, 29.891340614273048], [-105.90312883557542, 29.778529171742512], [-105.86073794669421, 29.648025662287782], [-105.69765153662316, 29.639986059220075], [-105.31770616635943, 29.920732948368187], [-105.17447704446049, 29.81605344236151], [-105.14314079799519, 29.698602972758355], [-105.27963088008613, 29.649064175920017], [-105.29744998019667, 29.597298855718638], [-105.21214876787572, 29.473734774848886], [-105.1795191602705, 29.234902332440814], [-104.99277602907836, 28.985312759785618], [-104.98870230572572, 28.835025039457875], [-105.04449691028562, 28.757038539085308], [-105.59668092434967, 28.7087051022416], [-105.68500632652542, 28.7880978720818], [-105.85999523945085, 28.809554854776252], [-106.02127059991919, 28.97203685899154], [-106.08759891303882, 28.980070697911373], [-106.19098100857587, 28.89950656374823], [-105.95432559380075, 28.788864500515363], [-105.92677054977267, 28.716992710820183], [-106.17672651527008, 28.722652003178116], [-106.9333245712045, 29.12397911088401], [-106.89663289821674, 29.54290137548693], [-107.0754053270731, 29.576156843111132], [-107.23235456654011, 29.479518547321913], [-107.10067438356428, 29.32962878744946], [-107.11924265283645, 29.224409354951803], [-107.93352653136782, 29.769185696433375], [-107.96176766659029, 30.06648701437109], [-107.8953368909218, 30.106300468074036], [-107.81184841561544, 30.07140970752501], [-107.64695890318389, 29.841639630798976], [-107.31786256773233, 29.725441734881322], [-106.59640077856406, 29.74702248854744], [-106.40394536194715, 29.94811805319573], [-106.2628250623895, 30.01972305059321], [-106.36952504176956, 30.053178410862117], [-106.59897848950774, 29.953615360700855], [-106.67565939440239, 30.10545555168651], [-106.65743351913072, 30.164264266386603], [-106.5316104069429, 30.18026401105503], [-106.45939753922374, 30.28861090207101], [-106.29507244236389, 30.30216496046668], [-106.1509665803939, 30.411074286758932], [-106.08520410753852, 30.427955756528235], [-106.00824645190238, 30.36672321302281]]], [[[-103.50225615560956, 30.574241278306793], [-103.56462193560857, 30.35843712764978], [-103.5128391269118, 30.246565156587728], [-103.39767569386898, 30.32144400411079], [-103.32425341670518, 30.316424873596812], [-103.13704545144249, 30.188411925759375], [-102.97055596875975, 30.16550254338857], [-103.06906636691286, 29.772562889798646], [-103.2782151631083, 29.700939671103058], [-103.53156012127162, 29.484612924243194], [-103.60908704520328, 29.1664245877068], [-103.93005838495894, 29.037231993859287], [-104.10964955639017, 28.82024690081065], [-104.84853574969115, 28.751811685830425], [-104.82461666369146, 28.812020113589032], [-104.72176769183939, 28.85984077405025], [-104.44289821068641, 28.866577533819292], [-104.28528595198172, 29.038779364978147], [-104.01071200861118, 29.171577815428076], [-103.91084535765879, 29.276746448465666], [-103.99617965685586, 29.323938892948572], [-104.30319170213743, 29.317141580565615], [-104.64432559389758, 29.508624966211123], [-104.79848499438523, 29.664639857481458], [-104.81594251912698, 29.86415107037992], [-104.9364602830101, 30.155046730519032], [-104.84892959099122, 30.151416591032906], [-104.6695901656025, 30.322206216329477], [-104.61065550577379, 30.28702827489089], [-104.53998175988896, 30.02995814274899], [-104.36936662981408, 30.010893547004617], [-104.20679502168464, 30.143240593997053], [-104.07321942391403, 30.101888126995668], [-103.9858212460438, 30.219200787916414], [-103.8312965578161, 30.294255568978834], [-103.75808835198731, 30.543617763573273], [-103.6287593130412, 30.541764975685087], [-103.52758070186201, 30.612234741132905], [-103.50225615560956, 30.574241278306793]]], [[[-109.93182872703065, 30.332564369490235], [-109.53859543315032, 30.348428971135966], [-109.32175288572653, 30.228677815233517], [-109.56630075814421, 30.255043403862857], [-109.66279353566858, 30.14895574632944], [-109.77706985826788, 30.135845828941807], [-110.0223700665665, 30.223656231359424], [-110.04813188153894, 30.303812510989626], [-109.93182872703065, 30.332564369490235]]], [[[-109.21088276718842, 30.36621969042091], [-109.13870846448116, 30.278243483064838], [-109.30112047653209, 30.31003816878888], [-109.43753524325157, 30.537033920001594], [-109.22005012756142, 30.48877684455909], [-109.21088276718842, 30.36621969042091]]], [[[-104.0437030182299, 30.69442826754353], [-104.03067979714467, 30.62903781067329], [-103.91451723318387, 30.543043760515964], [-103.92959544842594, 30.39218704608257], [-103.99947314734125, 30.35642165902129], [-104.26108505794666, 30.404037457936717], [-104.29953033317703, 30.499723021666068], [-104.23818836670685, 30.625891944332075], [-104.26045275490053, 30.729036794210057], [-104.21354378892116, 30.756292629657523], [-104.0437030182299, 30.69442826754353]]], [[[-111.33402328721502, 31.184753525663645], [-111.18672680685081, 31.12750228969562], [-111.14839975761494, 31.051541433272753], [-111.35593335500202, 30.914262286453297], [-111.53652112731889, 31.09264641254722], [-111.47305705232999, 31.293007514936072], [-111.38227203524552, 31.28857794030672], [-111.33402328721502, 31.184753525663645]]], [[[-111.21147850194791, 31.455286403792115], [-111.06266316467611, 31.44104138105796], [-111.0495741796924, 31.390517325388977], [-111.12775784923026, 31.318335050330095], [-111.2330629455401, 31.325757408901072], [-111.28158074675711, 31.404995843599195], [-111.21147850194791, 31.455286403792115]]], [[[-110.1581928000986, 30.883929836211053], [-110.13455850648775, 30.76105020906806], [-109.78028267429703, 30.517604822566483], [-109.79550522033134, 30.75388565256073], [-109.88001346075244, 30.855469575749485], [-109.88389865466418, 30.909960161786465], [-109.83836585889698, 30.913466340648455], [-109.749093038016, 30.80003763093241], [-109.73115900057907, 30.623301561516932], [-109.63980547734006, 30.48402835929832], [-109.66593673644923, 30.428797616043713], [-109.97890337488948, 30.517612682568128], [-110.16052251666446, 30.640339938902486], [-110.29354053300936, 30.61759679968589], [-110.50106366524115, 30.77871971047663], [-110.46471528702608, 30.81666589186556], [-110.36565547676811, 30.780613741598835], [-110.38842091335589, 30.84416576895383], [-110.73092064666648, 30.943608906354463], [-110.75549006584569, 31.035786161618027], [-110.86043684810488, 31.134802023464044], [-110.83816102964904, 31.186860149483948], [-110.76688381910554, 31.197476240505758], [-110.54863858217522, 31.03329614587153], [-110.58144683815581, 31.13701519152288], [-110.54193944979481, 31.163101645165714], [-110.43430617380348, 31.02140597104673], [-110.3570549428934, 31.09005827512177], [-110.31696477932935, 30.96553809549515], [-110.1581928000986, 30.883929836211053]]], [[[-110.82564739829924, 31.789353470608145], [-110.75199188951466, 31.71261439860639], [-110.75997612309627, 31.552286682009154], [-110.58634233501508, 31.337326124683337], [-110.59190896747562, 31.245624993241517], [-110.94170014966579, 31.377086503605376], [-110.9796588987233, 31.548583511038434], [-110.8970138185696, 31.660629778176407], [-110.89486672075827, 31.76266803693857], [-110.82564739829924, 31.789353470608145]]], [[[-110.04695250934962, 31.758618307904445], [-110.01696933814671, 31.77774704332287], [-109.9973954225818, 31.630134615130466], [-109.87129876788401, 31.531962652416848], [-109.87066265400559, 31.425454226175635], [-109.94297700865279, 31.37110105369273], [-110.02872733479114, 31.393272615825467], [-110.18964653295053, 31.631517128894227], [-110.18698488473115, 31.688034329153226], [-110.04695250934962, 31.758618307904445]]], [[[-115.33465118892158, 34.747955946843014], [-115.45134752723114, 34.56100406331453], [-115.62961082741182, 34.598175808137356], [-115.927587020777, 34.50936248583601], [-115.90928042711106, 34.60242764164276], [-115.83437600578922, 34.652183118164395], [-115.58930805632885, 34.69890790444785], [-115.44057020096221, 34.656272626218005], [-115.3628728615664, 34.82547805031293], [-115.33465118892158, 34.747955946843014]]], [[[-115.04131576596531, 34.71542683126196], [-115.10933672526406, 34.65837881666837], [-115.20884930606456, 34.653734432943544], [-115.1770311273704, 34.838417061299445], [-115.05973308552983, 34.90800795020945], [-114.93138624179305, 34.90569173670904], [-114.91642547642454, 34.80717635339579], [-115.04131576596531, 34.71542683126196]]], [[[-114.38799223807878, 35.25941929459731], [-114.3600056620642, 35.17236334707955], [-114.39859291987956, 35.144249634397255], [-114.62314323828411, 35.215988105816734], [-114.55974511790524, 35.30098434846021], [-114.38799223807878, 35.25941929459731]]], [[[-88.60010960721111, 33.42045089794629], [-88.39552011548122, 33.520567945903466], [-88.32238119772354, 33.49209568100513], [-88.4843116546257, 33.25047408641724], [-88.44420701286015, 33.1961717961566], [-88.1964481659264, 33.36283318618842], [-88.03341404004506, 33.39320629908393], [-87.99907066514865, 33.55640437061454], [-87.9534104764056, 33.57984258710129], [-87.75881263845585, 33.4278518794227], [-88.06250630088435, 33.16878263761601], [-88.25339509676995, 32.72121973980061], [-88.41437585084418, 32.636036351888755], [-88.68927880281497, 32.76186472218164], [-88.8614107263143, 32.68571165249084], [-89.01030346972928, 32.794131840041516], [-89.0343879451251, 32.9382765263889], [-88.77594834501058, 33.24200476557199], [-88.80257600741977, 33.31327947061385], [-89.14915939768565, 33.17546986786733], [-89.24354988200867, 33.16761634363975], [-89.29484513005714, 33.22913533635674], [-89.24305476750568, 33.29564961199403], [-88.95447344954887, 33.367937210618926], [-88.99584068534423, 33.545975134310595], [-88.770923605227, 33.71271530743382], [-88.668980884217, 33.46233976286686], [-88.60010960721111, 33.42045089794629]]], [[[-110.33537674184028, 33.13073775058915], [-110.3034885390507, 33.117190591637225], [-110.28991660797665, 33.060404241287955], [-110.3747686786554, 33.0915205658026], [-110.33537674184028, 33.13073775058915]]], [[[-110.63217671558833, 33.08445413462484], [-110.76757327411045, 33.07519988602956], [-110.82815317295895, 33.13124418242418], [-110.76184553571517, 33.1625292930675], [-110.63217671558833, 33.08445413462484]]], [[[-110.56954054091442, 33.16539602205035], [-110.74042690114538, 33.24544613853838], [-110.74732585774053, 33.28999772257572], [-110.40182623660937, 33.38692473886379], [-110.34381768004404, 33.248182831729395], [-110.4743506213339, 33.131232148901546], [-110.55616483142863, 33.10675549151551], [-110.56954054091442, 33.16539602205035]]], [[[-101.18850659753133, 33.50592138161313], [-100.96614307006988, 33.59089362349188], [-100.85174802808815, 33.55546401312663], [-100.79391357948982, 33.464217542128466], [-100.81368946641406, 33.38677488321625], [-100.97132652473222, 33.23769373058226], [-101.16074053381537, 33.13107579942974], [-101.25939593782623, 33.12820853012965], [-101.33246302704808, 33.308796823727], [-101.18850659753133, 33.50592138161313]]], [[[-114.57897253940044, 33.91629356925446], [-114.54397337940715, 33.87283520017347], [-114.6092787041117, 33.821071892345266], [-114.73640661591755, 33.90095035038814], [-114.57897253940044, 33.91629356925446]]], [[[-87.95201194536202, 34.01441552716192], [-87.88808526423502, 33.873539451605296], [-87.9245761917621, 33.77415380544687], [-88.02188268060533, 33.80095229534321], [-88.05559359948566, 34.023239348275055], [-87.98484932250248, 34.049161277960216], [-87.95201194536202, 34.01441552716192]]], [[[-91.96640528324654, 33.90074582120145], [-92.14426323764283, 33.78439383392284], [-92.22698384797849, 33.78253448105678], [-92.25651069453379, 34.013469920161576], [-91.96640528324654, 33.90074582120145]]], [[[-113.0230658480072, 33.67284814450017], [-112.99949735682114, 33.5820167388261], [-113.12425870335767, 33.5617704426211], [-113.27708572812197, 33.66960032561331], [-113.26340546778074, 33.7818435331263], [-113.31077260611107, 33.85068755721273], [-113.15365510563976, 33.8809323258401], [-113.0230658480072, 33.67284814450017]]], [[[-111.94400011966977, 33.63436167748974], [-111.94081851594478, 33.56480733526382], [-112.06462717051619, 33.58412562040322], [-112.03958941999295, 33.63865145410458], [-111.94400011966977, 33.63436167748974]]], [[[-108.49204657899698, 33.52647381408769], [-108.58451060247447, 33.482072477150496], [-108.62058179182094, 33.51321208353263], [-108.49103934466984, 33.59992072068441], [-108.45341972369643, 33.574027045980436], [-108.49204657899698, 33.52647381408769]]], [[[-107.23838464733616, 33.27402573689468], [-107.24336698535178, 33.13151637982858], [-107.32401374341813, 33.11032249306328], [-107.40315842808575, 33.25369341207207], [-107.49961636285627, 33.187951769883334], [-107.61794333880586, 33.21479862468216], [-107.6743525301614, 33.14081825915739], [-107.75546592724002, 33.126365874999166], [-107.91742038116374, 33.26529340470956], [-107.76005646192431, 33.52316703908963], [-107.65629894130218, 33.46034137903388], [-107.58404113567963, 33.56351242637905], [-107.48750670896594, 33.42135660733405], [-107.43213245997133, 33.41295392050587], [-107.46924390712977, 33.5670079014268], [-107.42081924393277, 33.64045023292654], [-107.37376739834788, 33.517527752704396], [-107.2835804972434, 33.46295058569816], [-107.23838464733616, 33.27402573689468]]], [[[-108.2374470912266, 33.44017870336013], [-108.1114171991714, 33.38118599059231], [-108.08748650121028, 33.32317162973873], [-108.170184902584, 33.30563477072925], [-108.2683937985665, 33.35435246648088], [-108.31247573905057, 33.43859074107603], [-108.2374470912266, 33.44017870336013]]], [[[-100.74281115373192, 33.61438894537206], [-100.76713039459541, 33.655282796404], [-100.63760072295918, 33.73428549188893], [-100.54323628685874, 33.624971342744075], [-100.62726984354696, 33.57016784465975], [-100.74281115373192, 33.61438894537206]]], [[[-111.56887085364374, 33.94744145237209], [-111.48186556150819, 33.876182565545314], [-111.47019144352741, 33.729223969409546], [-111.56233473460227, 33.719142369238725], [-111.62688933549501, 33.84320792137892], [-111.71437458393724, 33.89374280195475], [-111.77511549745294, 33.823981093970595], [-111.78144084037132, 33.60770871709691], [-111.87983375710333, 33.866709713648035], [-111.74614713772638, 33.992094055569396], [-111.56887085364374, 33.94744145237209]]], [[[-106.73636961535027, 34.016155389740575], [-106.81995199791143, 33.86102042536363], [-107.15855361150638, 33.64659416749574], [-107.25432588911715, 33.66566568710124], [-107.05730727328583, 33.85112105766323], [-107.33895345541444, 33.80050560184222], [-107.21306137346689, 33.91023619368354], [-107.31686953212788, 33.95344577458217], [-107.30978047858794, 33.99680342005293], [-107.16858965196441, 33.96809520317986], [-106.73636961535027, 34.016155389740575]]], [[[-104.98951085445272, 30.918049898722167], [-104.94511454352251, 30.89036929967397], [-104.97307982091762, 30.83846974898319], [-105.24199623742061, 30.849646138630437], [-105.41016848431394, 30.784005363008102], [-105.4538428267781, 30.7318535966025], [-105.42511873929291, 30.468389153886594], [-105.65235010889558, 30.31985963727697], [-105.7159872007204, 30.337207865401407], [-105.74935047950329, 30.431318838072965], [-105.87505076417231, 30.455882294113437], [-105.7553883791367, 30.61214688934671], [-105.8217308285656, 30.728901932901795], [-105.96934094645866, 30.79962811917444], [-106.10103185799535, 30.652664482899095], [-106.22061921831352, 30.793635566975265], [-106.10604769835972, 31.033382806813268], [-105.92728765931057, 30.9498398290708], [-105.7938208247272, 31.087224799546807], [-105.5674671096011, 31.130570683216128], [-105.49522898438474, 31.23099372162069], [-105.29176174150685, 31.157384005943694], [-105.34629201913361, 31.353173025171415], [-105.4444189999972, 31.360148945198716], [-105.59397337716705, 31.29159018249718], [-105.93787942566736, 31.501340007345426], [-106.02809429943763, 31.65858304497685], [-105.9816930372538, 31.832882543328214], [-105.74386868158052, 31.980689085252806], [-105.67449488315637, 32.10258407423988], [-105.57602370679781, 32.15353063249123], [-105.55175958715462, 32.34178948537982], [-105.49123136875349, 32.39575973418832], [-105.26153437370273, 32.104312735783274], [-105.07476671274695, 31.98041321382742], [-104.91634452273541, 31.733265303949327], [-104.94012406791497, 31.6635533790894], [-105.09949296462517, 31.672367243219036], [-104.92374549183337, 31.464525280558902], [-105.01408720825354, 31.286525632169422], [-105.18328458200412, 31.308311325894916], [-105.21582640121805, 31.154336751661287], [-104.97528118153605, 31.068246026038054], [-105.01313816630272, 31.0097323752727], [-104.98951085445272, 30.918049898722167]]], [[[-99.11158930664828, 32.68131330535428], [-99.26488487422789, 32.58310102713876], [-99.28897575949698, 32.49990679228833], [-99.08751605148365, 32.510511623640205], [-98.91060000050214, 32.61822518063149], [-98.52884973437367, 32.73931655999218], [-98.29383897807728, 32.75419121648615], [-98.26194402663494, 32.7041593162292], [-98.32884275763118, 32.63960392001547], [-98.2848714159505, 32.48625839976998], [-98.15916267033634, 32.452741789072824], [-97.93863928811356, 32.479078723785236], [-98.14235569764377, 32.58738948072943], [-97.96790644521309, 32.63427923782783], [-97.82820193920854, 32.78863840346293], [-97.62830178918915, 32.711625055188904], [-97.68169452932419, 32.460722161288174], [-97.50346038881531, 32.22128396672957], [-97.55153302996631, 31.994119692788985], [-97.35363575806018, 31.424850170604675], [-97.41450646214724, 31.39832311130978], [-97.7257755533764, 31.628394091890648], [-97.7394997175944, 31.731793064138483], [-97.87320035829012, 31.670612762814823], [-97.98854469142557, 31.700258580395342], [-98.08648862815302, 31.902141976124156], [-98.33196860108711, 32.08812832718544], [-98.42030087741134, 32.10116478613583], [-98.4493698609309, 32.036051754751064], [-98.21193241724102, 31.78889934991037], [-98.34596065367768, 31.697460628580604], [-98.33532653579687, 31.51280152624163], [-98.40352490390919, 31.315252979253298], [-98.25342159272249, 31.057340074274915], [-97.81252457622243, 30.987128130039693], [-97.59676911737985, 31.050742603707633], [-97.4615236708469, 31.024346258779687], [-97.44781078816551, 30.76023601427796], [-97.30568564631191, 30.501461076839625], [-97.0151752432992, 30.53422787899267], [-97.05119963317331, 30.18535480627221], [-96.92684627101276, 29.931492495244964], [-97.02053747354428, 29.77797265481169], [-97.2671712857483, 29.688805279286708], [-97.9949788182011, 30.15677260671823], [-98.08998069333487, 30.376321560826806], [-98.46454601687594, 30.70567973745976], [-98.55968343026171, 30.714033164897515], [-98.71232600913285, 30.6139501894653], [-99.01639899949015, 30.71829725521697], [-99.05496850098126, 30.78637795306943], [-98.9298120945395, 30.94520019969368], [-98.57273565447926, 30.968380977517626], [-98.58812718211182, 31.067808338196365], [-98.65774721580121, 31.11697057457148], [-98.7980304622361, 31.149828471054228], [-99.1726570548108, 31.123726946225627], [-99.27539997594646, 31.305929376712378], [-99.35119929751237, 31.354756518000777], [-99.46433491210571, 31.30443534102742], [-99.64277189638526, 31.09441213925212], [-99.9550574817166, 31.145745297692287], [-100.20317109199685, 31.32476103529202], [-100.63724247268159, 31.284602627787862], [-100.71070102977737, 31.306007049288297], [-100.82475375668176, 31.450586922922025], [-100.83224772256042, 31.658741118815783], [-101.059409059606, 31.723630579589464], [-101.04854051803072, 31.789201605982786], [-100.9388996042362, 31.744418313054858], [-100.73824577454114, 31.91639118657486], [-100.58235444725186, 31.913232692879525], [-100.43736243787977, 31.753079945462378], [-100.23076902849586, 31.7933099098165], [-100.14929047303492, 31.694210109581373], [-100.13516672117518, 31.557297764966048], [-100.06792622506728, 31.513692287768336], [-99.83157850083954, 31.551304822970845], [-99.66873663253931, 31.727602559784604], [-99.75876947362994, 31.92624443579208], [-100.01006297460006, 31.96417605126796], [-100.3356014497976, 31.870467898418912], [-100.40796580507534, 31.93375580985085], [-100.41342085598778, 32.112327035729834], [-100.51863611847077, 32.16551517430538], [-100.71359222791321, 32.03757372266971], [-101.04681201646426, 32.04716562343069], [-101.09445615422278, 31.9396168196302], [-101.18767406149172, 31.95068429214416], [-101.2517108054399, 32.039355583580466], [-101.20192496879687, 32.15094860056803], [-100.40878697057522, 32.638158027659614], [-100.28225853802978, 32.670252398297094], [-100.00779295382439, 32.640807414820486], [-99.83181988402728, 32.69029847273546], [-99.51522800145395, 32.659712926238356], [-99.2834709908668, 32.89668872811435], [-99.16075905695168, 32.94155668340929], [-98.64480829268479, 32.986621294666286], [-98.58431416614256, 32.94230644477024], [-98.62766608510343, 32.87732383167556], [-98.97211838513088, 32.77349556911214], [-99.11158930664828, 32.68131330535428]]], [[[-106.76911899809969, 31.655825866099747], [-106.5156842873319, 31.620842520615632], [-106.47156316538992, 31.561099469913668], [-106.60558688308532, 31.573452895260115], [-106.6310460252373, 31.48662916889102], [-106.7157907010762, 31.43944496468391], [-106.9231665156632, 31.535912102330705], [-107.01873400820995, 31.5128716343275], [-107.12317923248521, 31.561765828253296], [-107.2058822578183, 31.52908066804464], [-107.10797894382672, 31.505783369079857], [-106.99923243471788, 31.374345386272697], [-106.8792626172234, 31.323170251467516], [-106.60102615114296, 31.28440980644205], [-106.55199873893753, 31.2235148794544], [-106.57621462432516, 31.08261999825898], [-106.52335558184107, 31.036150942031234], [-106.28233015157696, 31.033193852096648], [-106.25581326653703, 30.91902617858481], [-106.40718835579084, 30.796853823487943], [-106.4450281128676, 30.676962174823213], [-106.61851977028937, 30.614107062852383], [-106.77175236101166, 30.711279903768006], [-106.79112828078304, 30.81070524107716], [-106.6946140010533, 30.9297389075204], [-106.8860070337516, 31.10840138292886], [-106.83254739825534, 31.216687449176916], [-106.86866751095152, 31.25749393576056], [-107.09929043135185, 31.303299069883742], [-107.26704051830573, 31.4241727638817], [-107.6003013079277, 31.514057820390065], [-107.65404899243502, 31.462208539103653], [-107.65683865213138, 31.360561289262822], [-107.78408373075214, 31.35761379926443], [-107.8020356299428, 31.31424050522531], [-107.19782727290149, 31.07555318018379], [-107.08908017805574, 30.946493437038736], [-106.9491485812095, 30.90576698675754], [-106.94063056970931, 30.810921524484243], [-107.0077762071011, 30.66932180702932], [-106.8094076525426, 30.55007188259918], [-107.04763034427843, 30.46967170549828], [-107.2249595555862, 30.51516561476481], [-107.57793297979052, 30.32266544889469], [-108.3681192253565, 30.22122157200482], [-108.47471097052703, 30.411065315764187], [-108.3581676052264, 30.50384061739715], [-108.36781395968983, 30.55860284638926], [-108.53414327856098, 30.773516571755064], [-108.80766908598454, 30.770526564581452], [-108.83238740806976, 30.732254883693706], [-108.83550284400496, 30.68936826335181], [-108.64608314893327, 30.543682422828613], [-108.67199773950674, 30.380373628030114], [-108.55569997981935, 30.25699647931106], [-108.64487382487219, 30.23280576703238], [-108.89754678611334, 30.386424187112617], [-108.85999235002868, 30.475858973460447], [-109.01291067645367, 30.71974356616125], [-109.23751443249886, 30.763228265139393], [-109.29383775072475, 30.943472636616267], [-109.67809755264516, 31.228649781707663], [-109.7027746560896, 31.330302982065596], [-109.61015608851649, 31.430225527932954], [-109.66989998266027, 31.663228519025626], [-109.78468778091205, 31.637646097802154], [-110.07663223580394, 31.850613324799692], [-110.19099703072675, 31.83684045455197], [-110.37344821627396, 31.653067124660684], [-110.44688474538131, 31.704814052152937], [-110.34935366258172, 31.88173447500443], [-109.9687124310913, 31.990731383453383], [-109.89179199202385, 31.91618707727118], [-109.60598041518323, 31.889534844743373], [-109.58471640209667, 31.74346475423236], [-109.52853148397521, 31.723315927277596], [-109.4372124968343, 31.785405448376846], [-109.38452115207693, 31.96147336395801], [-109.3434277139766, 31.97224007043496], [-109.22629748682579, 31.961611211190274], [-109.09587831303678, 31.816895170029646], [-109.1777387883393, 31.94331722436154], [-109.17156705118582, 32.01701114300614], [-108.87296270571095, 31.87775387026307], [-108.74207890788063, 31.91132082463139], [-108.6469320230274, 31.86130889440722], [-108.62918319770345, 31.961059792506862], [-108.53501339961683, 31.90486134976179], [-108.43500241512288, 31.952377910200553], [-108.36205824487637, 31.913572723767764], [-108.36416130651813, 32.08407342452416], [-108.53352577539502, 32.1703537599757], [-108.54437505513629, 32.228210110702605], [-108.27954606116347, 32.26665338540088], [-108.20366920209574, 32.33381213970317], [-108.03179855207408, 32.206397178947036], [-107.88239995646536, 32.19823807831961], [-107.79163603022849, 32.09897262528932], [-107.72351687207674, 32.17929879247643], [-107.6385829862553, 32.17625686374992], [-107.37707333536609, 31.889312921286674], [-107.05317053942764, 31.91294614823596], [-106.91415041177218, 31.974162265662645], [-106.76911899809969, 31.655825866099747]], [[-108.33548195080104, 30.865387326787086], [-107.82035282100107, 30.56871534421494], [-107.71422049288624, 30.57650825429129], [-107.67044300860121, 30.645913370392766], [-107.56994922542509, 30.53812096931934], [-107.40170473420753, 30.61466773657753], [-107.24839207355875, 30.565048480778028], [-107.21439242614844, 30.593965567746487], [-107.43289375151718, 30.720929054616395], [-107.45595994925591, 30.975504797865604], [-107.81578872326386, 31.01806712333511], [-108.36188980058947, 31.59786025213543], [-108.42385886666409, 31.55263622608784], [-108.5326369789452, 31.593341738799527], [-108.75569977970719, 31.49677788522494], [-108.88523855580011, 31.545149045841583], [-108.98877378437867, 31.519874670209347], [-108.96997953887688, 31.386787337942064], [-109.02611693900425, 31.23385874510727], [-108.86686440211241, 31.235612836117827], [-108.82201432685864, 31.06490167627785], [-108.7475330695345, 31.055457492635817], [-108.72422538941238, 31.255725139001417], [-108.67551777075556, 31.311290483927863], [-108.62308192536516, 31.29429384875299], [-108.53818298069885, 31.216064149125096], [-108.54102849898234, 31.071116112587614], [-108.3051964628223, 31.014663671383456], [-108.34227779013817, 30.949714419029966], [-108.48001829996859, 30.933834109388922], [-108.33548195080104, 30.865387326787086]]], [[[-96.70600295418751, 32.168724272977464], [-96.75665750557435, 32.032220755511155], [-96.82959669704175, 31.974655486698826], [-97.13383361169461, 32.06790551301429], [-97.1546952685092, 32.399756236909205], [-97.07443032141859, 32.53071459935249], [-97.03486109932263, 32.734667450010384], [-96.94119774018043, 32.804498834066095], [-96.84716699810075, 32.79584154251874], [-96.77643015049603, 32.68149411459938], [-96.70600295418751, 32.168724272977464]]], [[[-108.74410896938468, 32.62804620309419], [-108.71747222441809, 32.59016769975597], [-108.71563633824314, 32.526519580712986], [-108.83684059373284, 32.61595817087686], [-108.74410896938468, 32.62804620309419]]], [[[-108.70508592796259, 32.32761103339418], [-108.64390384769176, 32.29117953352502], [-108.80229092688666, 32.33098056569239], [-108.77091808954823, 32.355363447960904], [-108.70508592796259, 32.32761103339418]]], [[[-109.0266432016108, 32.41940626610662], [-108.9982427469473, 32.36416889846216], [-109.10273943673107, 32.428667108123655], [-109.07394290283744, 32.44554467606486], [-109.0266432016108, 32.41940626610662]]], [[[-108.36351017133767, 32.34256940235827], [-108.56404092908909, 32.48154749764705], [-108.5395603741097, 32.545162636419356], [-108.42304024756798, 32.50602893762217], [-108.36351017133767, 32.34256940235827]]], [[[-110.26280170613579, 32.568057343954216], [-110.15213072605557, 32.665181800914176], [-110.05838390545267, 32.587077883984634], [-110.11432288876185, 32.53736123761938], [-110.26280170613579, 32.568057343954216]]], [[[-101.54276604873718, 32.78486311404769], [-101.41543326416277, 32.70074127696095], [-101.43871757784166, 32.57382011932156], [-101.79744369276379, 32.497254825148325], [-101.8481563741932, 32.54111416532673], [-101.91222357712768, 32.91235162727214], [-101.7940234831414, 32.958101870783054], [-101.69885529883213, 32.8125721633828], [-101.54276604873718, 32.78486311404769]]], [[[-108.43013465860872, 32.611775576762014], [-108.62570186552915, 32.78143327182015], [-108.61198271756703, 32.80919340513939], [-108.4862699239776, 32.78825565259682], [-108.40426755710973, 32.719854023175444], [-108.25398418828853, 32.50241628719296], [-108.43013465860872, 32.611775576762014]]], [[[-106.38823628773606, 32.58301985814276], [-106.51575440647073, 32.57238542855304], [-106.49230651470592, 32.75550681178598], [-106.37465852851228, 32.698303512177944], [-106.38823628773606, 32.58301985814276]]], [[[-107.67687468904204, 32.720303597439525], [-107.7064470497033, 32.63403899185494], [-107.65531539214372, 32.55929463311275], [-107.71587222051029, 32.46385403279821], [-107.59395773087695, 32.33153892688266], [-107.67770576694925, 32.368659764637314], [-107.75677706805966, 32.31065754630806], [-107.86879621191088, 32.53366034243178], [-107.78313678183211, 32.62564028824439], [-107.8475432182945, 32.810114862231686], [-107.72438950840629, 33.03838654629768], [-107.67747818525926, 33.01582043548231], [-107.67687468904204, 32.720303597439525]]], [[[-109.3544558368953, 32.861276599671285], [-109.34746911972412, 32.75880067231642], [-109.17192996320485, 32.816234000147276], [-109.0700985117302, 32.79414940276275], [-109.13677907522894, 32.570301026584914], [-109.42021130625734, 32.63046787571852], [-109.44812856689896, 32.739176874586576], [-109.5385838752395, 32.81814578217783], [-109.44131308706633, 33.04356248806181], [-109.34429978756062, 33.12113937642171], [-109.27284607268135, 33.10989595197143], [-109.25197831107764, 32.943321039824355], [-109.35528142031832, 32.90507852020129], [-109.3544558368953, 32.861276599671285]]], [[[-108.69525513397942, 32.751049125779744], [-108.89592543077694, 32.737435725154036], [-108.93567617155273, 32.79557675941628], [-108.77721297445039, 32.82438476708812], [-108.69525513397942, 32.751049125779744]]], [[[-99.70197429774497, 32.889363860568686], [-100.01481075951824, 32.966698125022475], [-100.12500562948134, 33.11642308583507], [-100.23480892415245, 33.523178804707946], [-100.12178935427748, 33.67591031266986], [-99.96396118222144, 33.692458771982345], [-99.70133739443213, 33.558778318927764], [-99.29060547169901, 33.5955909165278], [-99.18452828052696, 33.52346587285654], [-99.26462781630593, 33.17071932796967], [-99.70197429774497, 32.889363860568686]]], [[[-96.23279067296792, 33.41712220689076], [-96.43632686843436, 32.68632590160142], [-96.50055408574786, 32.77237677116219], [-96.57732462950219, 33.089382267655125], [-96.8942474066663, 33.13629227855918], [-96.97219676178979, 33.186975398823265], [-97.01723955565608, 33.35466935844649], [-97.24653120143554, 33.530649254699526], [-97.32125496840926, 33.76617165299672], [-96.69642168338248, 33.6371816028575], [-96.23279067296792, 33.41712220689076]]], [[[-110.06784845677892, 32.98371146992653], [-110.15375216526694, 33.08442995007598], [-110.09647370026691, 33.136637252907114], [-109.98814500145791, 33.14082598075204], [-109.94442065163082, 33.07134952738577], [-110.07811109176963, 32.77316454003377], [-110.18077576719003, 32.73581567447464], [-110.21059177941824, 32.899016285095996], [-110.07892375476257, 32.9364625801597], [-110.06784845677892, 32.98371146992653]]], [[[-101.41126036084098, 33.04831405756753], [-101.23442944281688, 33.046371492081626], [-101.34147925210965, 32.93072648633672], [-101.51519477766192, 32.89628848065162], [-101.53226439810886, 32.967665884604465], [-101.41126036084098, 33.04831405756753]]], [[[-107.56819559091127, 32.91041546824414], [-107.53745231716243, 32.985090682150286], [-107.47937401491079, 32.97258480213781], [-107.45189981228971, 32.79002178899545], [-107.54346228246624, 32.72116906584778], [-107.59741292960072, 32.75793312058366], [-107.56819559091127, 32.91041546824414]]], [[[-108.57798178647018, 33.04096230401701], [-108.52995092823134, 32.99977441804078], [-108.6838407403453, 33.033223973629], [-108.72774687731234, 33.155267208623755], [-108.82368086921649, 33.2010907408171], [-108.96407459150723, 33.109014676407824], [-109.02763711717881, 33.15873851598215], [-109.03929310686088, 33.24156782887838], [-108.8647070449381, 33.301696630388946], [-108.66671557451501, 33.25363451323156], [-108.46722459209418, 33.35725979439491], [-108.52709953271118, 33.20207497983208], [-108.35950922316422, 33.27482517300757], [-108.25170520115083, 33.1456597713706], [-108.11603536992052, 33.22112694252693], [-108.07351981867312, 33.20577685227498], [-108.08058028065555, 33.104280114884666], [-107.93646229868156, 33.167149439439996], [-107.85437423121402, 32.972866325560915], [-108.06224462339523, 32.9267212187837], [-108.39710722842793, 33.00293149320947], [-108.54399482118393, 33.09128814565024], [-108.57798178647018, 33.04096230401701]]], [[[-99.22325936173752, 34.14219240313774], [-99.05053480887034, 34.06813960585604], [-99.0165034262539, 33.8685932178244], [-99.04339837465496, 33.8207020766133], [-99.25559136500449, 33.84690464342886], [-99.44241389512372, 33.74068590158965], [-99.43833411757103, 33.86161679153671], [-99.52814146119952, 34.007679999405], [-99.22325936173752, 34.14219240313774]]], [[[-107.42057922876901, 37.49387287939477], [-107.54095034302053, 37.483884822853796], [-107.60439288019096, 37.52214641043571], [-107.60830998424807, 37.59575239168427], [-107.43825825216135, 37.688837866382194], [-107.42057922876901, 37.49387287939477]]], [[[-107.07379315208713, 37.786376052850564], [-107.06023738472167, 37.73960356328337], [-107.16981795861577, 37.57721752406744], [-107.17486126005981, 37.42261679955928], [-107.31871034953846, 37.46998406216539], [-107.31585736458997, 37.58839568256402], [-107.07379315208713, 37.786376052850564]]], [[[-109.08040812323328, 38.908824916978084], [-108.89171870957153, 38.851740265726505], [-108.55915588161265, 38.8555782363918], [-108.23766570818259, 38.761454875311706], [-108.0297170263714, 38.86263826076005], [-108.14189058567989, 38.728052322463334], [-107.68283729010196, 38.56632873288464], [-107.73333601633038, 38.27689339215722], [-107.88797571871855, 38.330294551112516], [-107.86674374412586, 38.370713594287515], [-107.94200992851225, 38.47127062807266], [-108.30933389559999, 38.678730494134506], [-108.54066728336208, 38.73887543765755], [-108.60546198501217, 38.692753747961326], [-108.79397257922125, 38.760132942475664], [-108.9855106686215, 38.744299471321874], [-108.99273049179848, 38.66223769439588], [-108.80177370839495, 38.52649220854652], [-108.71192195086962, 38.544745492390426], [-108.84824394957194, 38.642351478214685], [-108.81948593652625, 38.693905321587515], [-108.57939666408666, 38.58560759788908], [-108.07475940738294, 38.23474801343569], [-108.09793743726564, 38.15403464632425], [-108.32396623140176, 38.02087522017544], [-108.4678112321609, 38.247042553698805], [-108.58395262281368, 38.24428269792176], [-108.64030399970478, 38.19189921647488], [-108.80650518024164, 38.29080232485341], [-109.17049206707074, 38.63767978716553], [-109.22805572974977, 38.6168162807741], [-109.13300632965439, 38.49069152913133], [-109.16954794183498, 38.48455234511615], [-109.29531126773128, 38.5429988268934], [-109.38043578325656, 38.5117049477013], [-109.58384994657943, 38.60588161496927], [-109.6064783204195, 38.80443048835771], [-109.54134017059137, 38.861964797628296], [-109.08040812323328, 38.908824916978084]]], [[[-108.08765223944529, 38.41530345305877], [-108.20343738708713, 38.445097363884265], [-108.37471229647274, 38.57413249504797], [-108.29056986158204, 38.58016535197711], [-108.08765223944529, 38.41530345305877]]], [[[-88.47581775681125, 39.8712831535837], [-88.80146725634006, 39.92571410206467], [-88.96448382511795, 39.772079836323066], [-89.13337893289105, 39.73505707959427], [-89.23817100401908, 39.783887043361986], [-89.25238563775373, 39.845225310333994], [-89.20063320091542, 39.9303695485683], [-89.05965299622467, 40.00752248260145], [-88.39834593472675, 40.076544765521284], [-88.33967301863171, 39.980073363652934], [-88.47581775681125, 39.8712831535837]]], [[[-105.34308254564762, 40.252364206833555], [-105.38270396350775, 40.21568494721253], [-105.37379921171082, 40.12170033339915], [-105.44771577057251, 40.05755246314374], [-105.55055815518539, 40.07948240864256], [-105.56749561226682, 40.18107157704465], [-105.71142497372679, 40.185275038011284], [-105.69536929460163, 40.395077393659044], [-105.64586614160775, 40.43571937605403], [-105.6726966825058, 40.50969021565484], [-105.59095712143215, 40.51818161258692], [-105.33765206735752, 40.406577693514556], [-105.34308254564762, 40.252364206833555]]], [[[-103.30517131989791, 40.47798535691901], [-103.51903931227594, 40.46851652467067], [-103.68074207316151, 40.35667334387573], [-103.76897920303537, 40.384181130789656], [-103.85772046287826, 40.52178875211417], [-103.51872134174077, 40.67620450216076], [-103.30517131989791, 40.47798535691901]]], [[[-99.93623199973901, 40.17629997803948], [-99.88496451880607, 40.062674540822194], [-99.69060052216567, 39.9197291622316], [-100.061908051668, 39.79364460560544], [-100.34771757338152, 39.77790470668261], [-100.40220323757337, 39.82858187111005], [-100.7983174023261, 39.86156394930316], [-100.89647189099905, 39.967069679693296], [-100.84627400163711, 40.18327737386211], [-100.50767070396162, 40.33550886078582], [-99.89170948784361, 40.436458716311876], [-99.83916535337269, 40.366316122526925], [-99.93623199973901, 40.17629997803948]]], [[[-85.88521736966509, 40.403379051737346], [-85.65275547759134, 40.33732974697851], [-85.55977854796743, 40.24180495243009], [-85.59812036817686, 39.98333293460993], [-85.82542855469993, 39.97847672630917], [-85.9471767692417, 40.04829751957785], [-86.09247837718314, 40.29949880769536], [-85.93551213423143, 40.4141008088871], [-85.88521736966509, 40.403379051737346]]], [[[-101.02253697282778, 40.44174251082259], [-101.26097203467619, 40.45972567183307], [-101.51754874213775, 40.6860038648472], [-101.06250313056886, 40.72498528354234], [-100.94860454905242, 40.65253542041429], [-100.88970472363388, 40.46204996759396], [-101.02253697282778, 40.44174251082259]]], [[[-106.34264319689437, 40.740274263211504], [-106.58360601742082, 40.55615158016569], [-106.82109982046545, 40.57588892535108], [-106.3871371349483, 40.77074334572917], [-106.34264319689437, 40.740274263211504]]], [[[-94.96972429019101, 41.968357578279324], [-95.33020526509063, 41.93735345792583], [-95.60312997025468, 41.77334725767749], [-95.75334552707108, 41.578490259234535], [-96.21274731572433, 41.490015115469504], [-96.25716683745172, 41.510325051863106], [-96.25608709961486, 41.60798638273841], [-96.0844182631114, 41.76508096965551], [-96.08263632988749, 41.831862006060476], [-96.2041331082526, 42.10160088312681], [-95.94377699283433, 42.21435994577563], [-95.71116586946151, 42.3806854515368], [-95.65412282061472, 42.43679956624972], [-95.65743595568733, 42.522610623983475], [-95.70878973275806, 42.58452843198677], [-95.82168513190895, 42.59556344659522], [-96.02354088458569, 42.55820129170505], [-96.2687931525079, 42.410504852038976], [-96.51560279886928, 42.380577337670914], [-96.52515748105134, 42.416859083131925], [-96.21728286114478, 42.612756966799054], [-95.79545329499622, 42.70942055668676], [-95.62027148966769, 42.82108651201236], [-95.49835907994272, 42.80092646714421], [-95.05342037244563, 42.631736286541226], [-94.96972429019101, 41.968357578279324]]], [[[-96.8863053650392, 42.363833336100456], [-96.81452819855377, 42.3207252407592], [-96.8327447691961, 42.233818916658805], [-97.00165822735967, 42.27092874936454], [-97.00063026120547, 42.341174576437695], [-96.8863053650392, 42.363833336100456]]], [[[-86.75728058509793, 41.193650676138525], [-87.06122434604865, 41.08882722656829], [-87.15578570351819, 41.12367520600715], [-86.8710809043297, 41.280674095374266], [-86.76732832639938, 41.28062204883566], [-86.75728058509793, 41.193650676138525]]], [[[-105.48807517788829, 40.86138100829066], [-105.18366711757754, 40.90584717369876], [-105.10822412519873, 40.86876386330203], [-105.34072287168975, 40.759309902959004], [-105.6713344950646, 40.7715815136136], [-105.63676966654374, 40.88677602626484], [-105.48807517788829, 40.86138100829066]]], [[[-105.21587116635287, 41.533435828401174], [-105.17417308232568, 41.39005571055926], [-105.32792480770944, 41.17244890947533], [-105.37214988261604, 40.9686662623383], [-105.5103184790782, 40.91788961824875], [-105.68130102114043, 40.980341263921225], [-105.8680945834058, 40.87541123138971], [-105.92691976605576, 40.98562578487083], [-105.90301515962015, 41.05762776741738], [-105.63274829511549, 41.12251346007191], [-105.49052816703225, 41.21256489332528], [-105.43119558196905, 41.344557991614835], [-105.49719164191113, 41.48650900080041], [-105.25573639683552, 41.734551005813266], [-105.21587116635287, 41.533435828401174]]], [[[-82.584408905362, 42.71974203366966], [-82.77938048415676, 42.840812089423316], [-82.8029295559811, 42.934201242602825], [-82.76111851365522, 42.9832283789189], [-82.67919962632293, 42.965843974134586], [-82.5304104480721, 42.806520576588554], [-82.53051801017436, 42.71959409092783], [-82.584408905362, 42.71974203366966]]], [[[-84.87736029219671, 43.02973816606061], [-84.91145861035955, 42.945153314281804], [-85.1939838792519, 42.89050683479862], [-85.10014876834838, 42.7886390459721], [-85.13303356258984, 42.632088489272725], [-84.59122763718136, 42.6044635359516], [-84.25229340723608, 42.464611035278644], [-83.89759807018228, 42.06345632405965], [-83.90232408016611, 41.92272691230283], [-83.65655257771493, 41.775863345994026], [-83.6353380748632, 41.70201413903036], [-83.67643137539174, 41.637283958110515], [-83.81361035538984, 41.60669571816507], [-84.01763660656954, 41.662298532557166], [-84.122238036584, 41.460912340350234], [-84.31760806088607, 41.409593959420945], [-84.50106717916323, 41.515943724576694], [-84.67059616205002, 41.29262997270993], [-84.69583261700502, 41.16470810461702], [-84.8563354677969, 41.25515687196898], [-85.01309481108653, 41.19887914491136], [-86.00069448362768, 41.798525801558725], [-86.35057407117381, 41.51971092960805], [-85.6660350628462, 41.00384833539402], [-85.76592195065071, 40.973811044388235], [-85.94178130507844, 41.00486869103381], [-86.05113977811652, 40.90259264692336], [-86.17232874160592, 41.07846111542908], [-86.15460880143694, 41.2538432014712], [-86.32078240373363, 41.40052082635041], [-86.76670826594284, 41.37086641272187], [-86.67574007351026, 41.49114145734081], [-86.45293132406393, 41.58806233565046], [-86.46560741999654, 41.62270330247633], [-86.92332600055784, 41.55319808393391], [-86.64857667150758, 41.69720045174528], [-86.54018175797013, 42.02738223301452], [-86.38446148056872, 41.897488988496164], [-86.28707510792489, 41.98354833397244], [-86.13453521945452, 41.99798839799711], [-86.16040860914653, 42.16380661491133], [-86.35447716685125, 42.25837766814746], [-86.24396662558858, 42.44710492390204], [-85.72566347460425, 42.15310965394731], [-85.41705707673884, 42.16615147732724], [-85.44288401968933, 42.038521541039415], [-85.38607689995612, 41.99651784670842], [-85.1021403830314, 42.01939747117824], [-84.9250649624869, 41.98369336294056], [-85.21017512157952, 42.244460535532156], [-85.53773815941972, 42.273617847420944], [-85.51582802651713, 42.36716937944977], [-85.2780778409664, 42.55457971878557], [-85.27319763625933, 42.61719832019254], [-85.3755264361098, 42.69236214993353], [-85.33761680906913, 42.866679917347156], [-85.37004971530749, 42.89352201270207], [-85.58631617955788, 42.83718477090517], [-85.65723634982038, 42.90956630748463], [-85.40731095352547, 43.137976502252556], [-85.05323019714218, 43.108714572758366], [-84.87736029219671, 43.02973816606061]]], [[[-85.95367585582231, 42.99429581626702], [-86.13508658367576, 43.0238226441829], [-86.21365155137192, 43.08469139412386], [-86.47034378224363, 43.54832644907126], [-86.460056589247, 43.703753271972516], [-86.29655804658248, 43.758475867053775], [-86.03915795249685, 43.744603105011066], [-85.91042500171902, 43.57733863113438], [-85.89468697534554, 43.44809538503553], [-85.55942021019669, 43.2383618499597], [-85.58370865431641, 43.143095291014745], [-85.7492120617404, 43.120543568943084], [-85.95367585582231, 42.99429581626702]]], [[[-83.1473460132373, 42.61980560891031], [-83.21758664668846, 42.53510271506667], [-83.40780506957849, 42.59876350281784], [-83.52118158485011, 42.56380516469258], [-83.6115051312876, 42.641874313399015], [-83.57634029783023, 42.72087128463976], [-83.7036563414577, 42.79785481167708], [-83.70208127206558, 42.8734922440992], [-83.46175877068622, 42.91947082329178], [-83.34359319564055, 43.073029290111634], [-83.21998443050266, 43.06369220898886], [-83.15176356966916, 42.9922953291723], [-83.21513607393366, 42.675310180449856], [-83.1473460132373, 42.61980560891031]]], [[[-84.27158274296266, 37.83067729522035], [-84.34915961578919, 37.81279941420447], [-84.59209052842932, 37.74639752151708], [-84.41824841503569, 38.0026726679317], [-84.29471476078764, 37.97882049922703], [-84.27158274296266, 37.83067729522035]]], [[[-106.78698561364295, 37.69082964552725], [-106.83775171637326, 37.67057579402791], [-106.90385100940266, 37.7373757182658], [-106.84230429594784, 37.83761455353218], [-106.78698561364295, 37.69082964552725]]], [[[-103.32178289018675, 38.583244366095016], [-103.06772264002755, 38.583309661132574], [-103.0513645261703, 38.23714201714835], [-102.93680241921564, 38.207056443969925], [-102.8413102428379, 38.26167625899173], [-102.75487869595693, 38.14407035206145], [-102.65294581219908, 38.118907738525714], [-102.56520549200805, 37.99980682599702], [-102.58479979126052, 37.8645691367493], [-102.76259759070273, 37.839895504903694], [-102.85314656870482, 37.71393562559938], [-103.0115063116027, 37.69073656028072], [-103.54492658856007, 37.7928297943557], [-103.65411006328085, 37.94623482986108], [-103.63060458158917, 37.99784791470358], [-103.49893809782323, 38.04310290083372], [-103.49113183484165, 38.09834692746904], [-103.71410054975937, 38.102503845634025], [-103.83091083026255, 38.1730067572223], [-103.97626740545701, 38.09116188840891], [-104.3531077953939, 37.69691728225977], [-104.8260416255413, 37.65235150906492], [-105.19054445639456, 37.796287551575276], [-105.30581113919797, 37.929962791299275], [-105.52369538160305, 38.035354947608305], [-105.6507898918305, 38.173597625153214], [-105.72024647370907, 38.41484249117356], [-105.55211390922159, 38.29513972769527], [-105.49591048845068, 38.40499631728082], [-105.36045843359142, 38.39204605270062], [-105.2788349219015, 38.35040267262728], [-105.21902516058833, 38.22250736563563], [-105.12648374812012, 38.194981286673375], [-105.0728419377051, 38.20006658748788], [-104.9042281563898, 38.51517699300948], [-104.47239064883179, 38.43626518435059], [-104.243304737181, 38.49429994181079], [-103.86454493023093, 38.478554986249954], [-103.55436119903452, 38.645164101287456], [-103.40156112191347, 38.64008575290905], [-103.32178289018675, 38.583244366095016]]], [[[-94.70281687851092, 38.390342273453115], [-94.85822696132075, 38.400660043259236], [-94.92332746504425, 38.49008230885888], [-94.85259904880127, 38.51739393571279], [-94.70366743795684, 38.47399501815494], [-94.53852749537856, 38.51959587642727], [-94.45140362005846, 38.464394813245015], [-94.50696964097746, 38.3834134210782], [-94.70281687851092, 38.390342273453115]]], [[[-106.70377285312406, 38.981302183993265], [-106.81543417225089, 38.95011538768768], [-106.88624124383219, 39.007658538074246], [-106.73209734220909, 39.1718032312698], [-106.47992237839013, 39.27796302279156], [-106.22861079332345, 39.26549631559544], [-106.24534855758323, 39.18588298899865], [-106.70377285312406, 38.981302183993265]]], [[[-106.49813855365801, 38.236556205406835], [-106.35721798058877, 38.271876399792944], [-106.24967260206658, 38.1762153808781], [-106.02866311747793, 38.13928482372578], [-105.84744515383177, 38.03012466869551], [-106.1705696212191, 38.01718849340972], [-106.36322354431061, 38.100616864670464], [-106.39788217560633, 38.018224997037656], [-106.56094327880305, 37.90885781432014], [-106.54050974401916, 37.80414253262154], [-106.59289991544873, 37.755189286447774], [-106.81372037412592, 37.94845504788032], [-106.82368767603198, 38.01071927729704], [-106.66484862062546, 38.133442756986376], [-106.70784367944285, 38.22139874160613], [-106.63636132410893, 38.372134071955294], [-106.553147568998, 38.36580871767098], [-106.49813855365801, 38.236556205406835]]], [[[-105.52719734480462, 39.109598704393875], [-105.6014465627119, 39.11170214539516], [-105.72976238952867, 39.24126667875256], [-105.65076924544957, 39.382045248518125], [-105.59992789315731, 39.38451109814074], [-105.52719734480462, 39.109598704393875]]], [[[-85.02348700829299, 40.509760709334515], [-84.9895961981517, 40.15208599374016], [-85.0672775752493, 39.99537924706163], [-84.93663598298191, 39.84031741731611], [-84.8768309244343, 39.863868165627224], [-84.87156681763454, 40.12234790616238], [-84.69274825137349, 40.25170196046826], [-84.16175313935936, 39.83207099064427], [-84.17307546619674, 39.68831262235559], [-84.08352940974179, 39.671083238375914], [-84.05006686652695, 39.74297281397541], [-83.81371407285344, 39.553463444736416], [-83.73195721395842, 39.92912163841587], [-83.35160491817565, 39.88068721453599], [-83.10911402864674, 39.90848629601881], [-83.01873553957901, 39.60534473253492], [-83.07127696040966, 39.47005572119557], [-83.28950467077364, 39.4150004610096], [-83.26394989047223, 39.534842937832025], [-83.29555026585791, 39.54158364261533], [-83.41587374446695, 39.430524489199165], [-83.63376105929909, 39.33656382481281], [-83.70088219831275, 39.2164283441019], [-83.67745230369009, 38.87418911335419], [-83.6206664347073, 38.76304981304273], [-83.67318018592609, 38.62852818442447], [-83.65228104731067, 38.54935365754211], [-83.53254132128673, 38.529008390208865], [-83.31263138661666, 38.61633781432481], [-83.29411651267436, 38.81431189609626], [-83.46887076841551, 39.07466688708559], [-83.39741669260465, 39.277412458291764], [-83.23522465383539, 39.38738797995154], [-83.12504439955491, 39.33390722163347], [-83.2482250994418, 39.12360269109252], [-83.22790784463092, 39.06602259004488], [-83.0369307999012, 39.0210997955104], [-82.89777347446964, 38.73055175470405], [-82.76827764424634, 38.59574005364233], [-82.61982381485335, 38.53401580110962], [-82.46128430202833, 38.5815814649429], [-82.37251852820137, 38.67885059046801], [-82.17230141048412, 38.62590424416405], [-82.28218514070177, 38.84778159336307], [-82.1135635936453, 38.925076302517105], [-82.07518666840197, 39.077371928132344], [-81.99449184523137, 39.168399120826024], [-82.11366490728255, 39.343778100071845], [-81.97174949253902, 39.62266735154692], [-81.98573868798121, 39.813318400895085], [-82.05891785852529, 39.82916625206583], [-82.09137820376239, 39.7828645148], [-82.15600775477087, 39.55531990309814], [-82.24354235926235, 39.84308540819394], [-82.32417407665179, 39.93203618276251], [-82.55801878668815, 40.014981925613135], [-82.6077694227345, 39.99899929704106], [-82.6082111675363, 39.86409184315266], [-82.6717087734179, 39.84093011734213], [-82.68403804352623, 39.96853459621177], [-82.72963096883224, 40.004406941048764], [-83.24020314845579, 39.99405250008892], [-83.30932999672706, 40.07649456899002], [-83.48773806893081, 40.01206656528878], [-83.7102280827893, 40.03606706274634], [-83.67254347216031, 40.22005936701045], [-83.53151396065061, 40.24910633656522], [-83.46298594375142, 40.343954626667816], [-83.54876362377206, 40.63300077190493], [-83.42986388687223, 40.69422449344571], [-83.52954102687634, 41.0844322290346], [-83.4855211867552, 41.110261989672125], [-83.38533284590372, 41.012650847397744], [-82.93746912727356, 40.852427143632376], [-82.7547159207656, 41.147351145794524], [-82.5056781475472, 41.276158025117155], [-82.44175430240004, 41.379723661778044], [-82.10223073538704, 41.4747237781555], [-81.52046165119694, 41.51149138834478], [-81.94574259833436, 41.00944181313041], [-81.82617583671802, 40.92571323156788], [-81.7035842160694, 40.97356742878842], [-81.76045692117144, 40.79932501578764], [-82.05333934724868, 40.76241057850434], [-82.12787346260758, 40.62385569973054], [-82.06790121239547, 40.50964149442668], [-81.83103548319882, 40.49704829571744], [-81.80170708618708, 40.404216386516495], [-81.87317930787725, 40.241588195949106], [-81.85059339058279, 40.18474319785418], [-81.65364171389986, 40.19660446441184], [-81.60582278604403, 40.10257655696141], [-81.47794398676801, 40.06496183380236], [-81.453060397369, 39.95820260064839], [-81.30325782973925, 39.898437680965024], [-81.34311835055139, 39.731058635570406], [-81.29730884595729, 39.65747857583835], [-81.35774731548042, 39.55950699658782], [-81.65753360780106, 39.44045526931617], [-81.675811568661, 39.32075356992178], [-81.84274707463892, 39.22220554264135], [-81.54821759989231, 39.211297018862226], [-81.37683628683185, 39.49360224801858], [-81.27641329065507, 39.420307030705516], [-81.26354129386952, 39.302117496217036], [-82.151170445729, 38.48259057961072], [-82.43100661170008, 38.29625811361169], [-83.25513111793927, 38.044567223263414], [-83.20328771344359, 38.23699007300279], [-83.3056056061859, 38.28793951364338], [-83.36281816692777, 38.24663073242645], [-83.38220128908867, 38.134831490383064], [-83.49106534279514, 38.128466173136836], [-83.65106327277681, 38.000157163499345], [-83.70362290252316, 38.10013702858066], [-83.5935696184708, 38.30069805009316], [-83.66223704808189, 38.46958599375653], [-83.8779200674278, 38.483476265802366], [-83.97970495223016, 38.30508708515403], [-84.05695245179251, 38.279814824591206], [-84.23167535412806, 38.45238620877614], [-83.99915253094521, 39.058504290003164], [-84.16108690004464, 39.009484576912755], [-84.38013889997585, 38.77811639670011], [-84.57869353363391, 38.658177271009784], [-84.67052078262596, 38.653845851931216], [-84.70381973539791, 38.70953582671684], [-84.46357805227237, 38.86969509035726], [-84.36143101588587, 39.045016073769034], [-84.64317802923185, 39.10122857164119], [-85.07325882920394, 38.95674857093081], [-85.20820411506503, 38.999959738432445], [-85.36568793052513, 39.16740414528183], [-85.50831559583801, 39.16332888379152], [-85.57997344751097, 39.22481480748286], [-85.62637275601796, 39.37340483652047], [-85.51172834080641, 39.54176119095803], [-85.57722116342828, 39.62704340600597], [-85.55378214945212, 39.69656825742024], [-85.23698760634956, 39.58001042615389], [-85.13185066421191, 39.315463614848504], [-85.06725815144227, 39.289169769710576], [-85.03389425450338, 39.32379584932423], [-84.98300974224298, 39.60134020606306], [-85.13650172174077, 39.66391300419279], [-85.15848451420842, 39.7348123318703], [-85.10353968819626, 39.87258760007014], [-85.35228407576606, 40.13258425051674], [-85.29109444178287, 40.363441235877055], [-85.12924679384038, 40.591743367551864], [-85.02348700829299, 40.509760709334515]]], [[[-87.36642769246663, 39.60129449013259], [-87.39948936366042, 39.412191353744525], [-87.46742867174362, 39.31931862920949], [-87.67586153333883, 39.2178257263462], [-87.82232134345915, 39.24403253163694], [-87.9004737346217, 39.59301389240243], [-87.7325866140219, 39.83399182266765], [-87.65609694512348, 39.84952412484097], [-87.50630201819561, 39.788331734641815], [-87.36642769246663, 39.60129449013259]]], [[[-105.19838996104404, 39.59334586614761], [-105.23676734896813, 39.52031392859019], [-105.46190935024656, 39.59593559896632], [-105.22570278637322, 39.664553138108616], [-105.19838996104404, 39.59334586614761]]], [[[-96.23587410196946, 39.97178524109507], [-96.05889972165303, 39.67500477244044], [-96.23687901051356, 39.365727891342516], [-96.31064148586974, 39.35226800414744], [-96.50886692193542, 39.76985162904015], [-96.46623345794094, 39.93472004004424], [-96.31014267858649, 40.03402653841217], [-96.23587410196946, 39.97178524109507]]], [[[-105.71056642417314, 39.72131426977835], [-105.91829712001744, 39.637166003957596], [-105.9343769259493, 39.69829357099872], [-105.74744897285159, 39.84578800610131], [-105.67419591242871, 39.81206158248607], [-105.71056642417314, 39.72131426977835]]], [[[-88.30284778996841, 41.17103512287655], [-88.0799161409935, 40.94454578352099], [-88.13647849440864, 40.811544395351675], [-88.10898236164756, 40.77929134646368], [-87.89805904145737, 40.73779041336985], [-87.77572288909316, 40.65075803723864], [-87.56939009481985, 40.68712618344258], [-87.43361931962174, 40.63168087877424], [-87.4021527559593, 40.74060886091446], [-87.44812455150388, 40.81355849309831], [-87.71878876078628, 40.976875741516984], [-87.54580909744952, 41.07756068942597], [-87.57314892811199, 41.33283613120032], [-87.50094822984444, 41.36542066525978], [-87.37902087986288, 41.335684630070226], [-87.32896804276547, 41.234861817892444], [-87.35675732318789, 41.051571519585785], [-87.10228126907279, 41.00567755835746], [-87.09066783296191, 40.949664822355395], [-87.16856414860506, 40.85925888086612], [-86.89757020903374, 40.74726062650899], [-86.86855028559508, 40.69935421190108], [-86.90956188983205, 40.57349055209985], [-86.77291433621848, 40.5465095729316], [-86.7739500718101, 40.38872125845467], [-86.72454689204187, 40.34449567086067], [-86.48105472417176, 40.42303799772908], [-86.0746824091546, 40.66731221509147], [-85.83244078214207, 40.718188804852346], [-85.84209545455876, 40.624279862146935], [-86.27734921693336, 40.338874895009184], [-86.22791104625256, 39.92519050309557], [-86.28775717377872, 39.75339842930745], [-85.98635026868455, 39.51245179013093], [-85.9427613438149, 39.40700495947812], [-86.08221935036251, 39.23306403493929], [-86.36087598804568, 39.15143503638134], [-86.42570030500822, 38.979209669420506], [-86.07891080247214, 38.945636410845616], [-86.06086002644035, 38.70392201910785], [-85.97027888292796, 38.64219651783419], [-85.77640277785616, 38.6643544983448], [-85.77869035155278, 38.60937125022281], [-85.96631929773768, 38.455169442220026], [-86.32848602967329, 38.642841925556105], [-86.75994076909949, 38.52748255341223], [-86.90707464809888, 38.5489369893975], [-86.93500435584326, 38.63624289189784], [-86.69386974180757, 38.730720590105044], [-86.60029798600279, 38.8511994890888], [-86.71638781347156, 39.10905952976793], [-87.1733426829356, 39.158844078347336], [-87.30570463572948, 39.27738073881362], [-87.31466047666945, 39.3579564154586], [-87.13504278153823, 39.41286888578562], [-87.04581532727491, 39.594246089774266], [-86.93602805844932, 39.66939156189839], [-86.91687773042376, 39.93941729459207], [-87.09093364111986, 40.07926546408884], [-87.31364076061833, 40.116984723830065], [-87.62457512100104, 39.97112862542565], [-87.89259688169962, 39.95716751699919], [-88.08081925491678, 40.28406858354705], [-88.15067071007039, 40.29827657642045], [-88.29749896928305, 40.20027267171247], [-88.43272462053174, 40.254473658695275], [-88.4233023994968, 40.42212874670296], [-88.58142100289243, 40.56628088544806], [-89.01073416322835, 40.58997749384921], [-89.04772576320282, 40.53114575628935], [-89.0255347478349, 40.371896352748784], [-89.11717482310061, 40.356402595499716], [-89.25153045182755, 40.488124525971145], [-89.5024881505638, 40.576174648092405], [-89.76501764933984, 41.01494104655646], [-89.90271676950884, 41.02259192026501], [-89.90444948972977, 40.85281953650952], [-90.0728745308851, 40.795916975603284], [-90.29411412362988, 40.89469781596313], [-90.54838011028528, 40.91717285374865], [-90.59367845877317, 40.95212977191835], [-90.59885593971902, 41.1075000541067], [-90.73456707408789, 41.22845108703838], [-90.57081697303897, 41.248573778449455], [-90.43439643049209, 41.10308820237451], [-90.35957170914918, 41.10257364183957], [-90.33483444958125, 41.16638608417683], [-90.47871596220372, 41.37506080420256], [-90.41835720295428, 41.43013443257843], [-90.30791892049066, 41.42888960897476], [-90.14580504497395, 41.20223970651169], [-89.56626555671049, 41.17955299324412], [-89.50076651678867, 40.968951081109935], [-89.10094507764639, 40.87941041704303], [-88.93105550012662, 40.7763729749729], [-88.85490508378346, 40.78628059088514], [-88.91111312348397, 40.93966188121491], [-88.75264711070636, 41.10783235896511], [-88.7871272235527, 41.20021434345599], [-88.93386592518578, 41.17414347702763], [-89.07208905523409, 41.06153915752054], [-89.21111815811194, 41.1071593488607], [-89.2924238887212, 41.18880486325343], [-89.27346785225728, 41.58002153142012], [-89.16857654040082, 41.62671185398144], [-88.49237310604038, 41.352161180241374], [-88.30284778996841, 41.17103512287655]]], [[[-99.24080125565153, 41.74446619063142], [-98.79445420624417, 41.712419907375526], [-98.5094256356842, 41.586074180487216], [-97.69212870372209, 41.38303146226147], [-96.54965770469924, 41.320149598836565], [-96.51837726692214, 41.25469005201314], [-96.77812083131437, 41.07830296368925], [-96.91012082078176, 41.14194759172127], [-97.05922913467455, 41.12134871073372], [-96.94667076926596, 40.917431724740716], [-96.9996056462703, 40.8383248903039], [-97.15076682252091, 40.770059272333725], [-97.12556853238767, 40.60663674331085], [-97.19871030326152, 40.50515258835282], [-97.18043475381516, 40.44868960444986], [-97.05263645619004, 40.436746514243914], [-96.94517800850427, 40.33067315838359], [-96.85232627303718, 40.31067623774166], [-96.44041703181409, 40.40374601277677], [-96.37252509417395, 40.303612521160126], [-96.35720870258797, 40.14418676257856], [-96.48532352080217, 39.96905750813927], [-96.70115419106608, 39.89158643073594], [-96.7760503779837, 39.89369488667212], [-96.95701508290175, 40.06664881231207], [-97.16721662064697, 40.05272671559837], [-97.39237676762146, 39.904704200775], [-97.58056018309267, 40.02959942081363], [-97.77257714905767, 40.082337644580576], [-98.13826892017859, 39.96941662830239], [-98.1774573637581, 39.88476781785097], [-97.62401846458091, 39.79201639187512], [-97.84659255064773, 39.585478080203934], [-97.7343832078324, 39.51056258908881], [-98.11763955452089, 39.11099100468241], [-98.27987675790756, 39.08719851361163], [-98.53685183104287, 38.82516450799128], [-98.58839822456406, 38.81344767614449], [-98.67197114719943, 38.882359241627405], [-98.85033683720467, 38.84565381267443], [-98.86423958963877, 38.71609886210006], [-98.76050279564227, 38.560648664836144], [-98.9816292616462, 38.49793265554735], [-99.0853992890928, 38.52658162996597], [-99.13494104654926, 38.82031733571838], [-99.25565395687647, 38.978631417452476], [-98.81503144794684, 39.06916495364694], [-98.77652908303227, 39.11971438833192], [-98.84246086271203, 39.20838668670736], [-99.34682438444278, 39.17370965239265], [-99.43088508056941, 39.07997270957702], [-99.82697830562527, 39.11211158656497], [-100.1841269938119, 39.27729132902439], [-100.17432128340008, 39.32825402556352], [-99.87005375925595, 39.39624147616757], [-99.75623886463089, 39.51030173257195], [-99.63496467225374, 39.452863079502904], [-99.55399864585017, 39.3460563139067], [-99.38895940729665, 39.346850707670924], [-99.24465905789592, 39.45252692921285], [-99.4367571764647, 39.61505685866608], [-99.29964344705355, 39.72766200234524], [-99.19183663976588, 39.71461173719859], [-99.07601318680746, 39.556286074047385], [-98.89689438250795, 39.53311143819845], [-98.79486418342827, 39.55371064197703], [-98.58063617275101, 39.790562123490865], [-98.61472371253828, 39.886679974819096], [-98.80696479909639, 40.00922076757363], [-98.72380634949383, 40.1626940609304], [-98.73279937013335, 40.327953029907626], [-98.8348942340045, 40.37224553545356], [-99.02111858743773, 40.33383960349362], [-99.10232182124409, 40.29436558237619], [-99.17859950382307, 40.154465134799715], [-99.25488671244986, 40.16887371939127], [-99.31228374061128, 40.263388820103025], [-99.26169210563464, 40.46837100371647], [-99.0564045102101, 40.695314438044875], [-98.77983947512455, 40.91370862824365], [-98.49556198141268, 41.02328174732282], [-98.46492173133309, 41.08135930333657], [-98.8214869205922, 41.41022859406142], [-99.3358829572792, 41.662380067883255], [-99.34323202110684, 41.732998638006464], [-99.24080125565153, 41.74446619063142]]], [[[-77.25075274751178, 43.93520443430249], [-77.38932348498143, 43.96343312381984], [-76.98273742962655, 44.2028945854723], [-77.25075274751178, 43.93520443430249]]], [[[-77.7615289559217, 44.026200488898404], [-77.94053836415212, 43.98340973940685], [-77.94436756501388, 44.06752175956958], [-78.02269276311559, 44.144270137995875], [-77.84945398916219, 44.20166523027699], [-77.7349839958841, 44.53568286701088], [-77.67190278983527, 44.54521849084068], [-77.62290917750089, 44.36824184066027], [-77.69025737077908, 44.282841668186016], [-77.70246776239769, 44.104046574198776], [-77.7615289559217, 44.026200488898404]]], [[[-77.22170342049561, 44.32954081805849], [-77.30948021423845, 44.32681317097397], [-77.37079533684287, 44.44824974303728], [-77.49415955585299, 44.48590145846504], [-77.46814259375356, 44.54539454480282], [-77.29541984295582, 44.55564468381386], [-77.20542354892059, 44.486361981770216], [-77.22170342049561, 44.32954081805849]]], [[[-77.40619582786192, 44.651720627538175], [-77.52526332838839, 44.59171639744324], [-77.5815872051843, 44.621943650503006], [-77.3595612967268, 44.78776242327135], [-77.28916222968058, 44.76902169663488], [-77.28266118937832, 44.71728511898942], [-77.40619582786192, 44.651720627538175]]], [[[-77.61553976943912, 44.93117023925896], [-77.65308985561936, 44.8209325795092], [-77.54160044864733, 44.852216362768246], [-77.52236059141971, 44.799173125399264], [-77.60832821718877, 44.748064698442185], [-77.69103661424543, 44.603473788350975], [-77.75359974557723, 44.64150990589859], [-77.84229197892293, 44.596087696355305], [-77.81201967994977, 44.72238654953741], [-77.89543200959493, 44.755327604108714], [-77.89637745549881, 44.817808890845384], [-77.79552577774324, 44.84624142074076], [-77.73763689469314, 44.98417991896954], [-77.65360557466582, 44.984117079056524], [-77.61553976943912, 44.93117023925896]]], [[[-78.34473720457669, 45.735594914802405], [-78.44347839388881, 45.83817017452224], [-78.43405591089889, 45.880110350127865], [-78.324228206731, 45.960514103540184], [-78.2199308338917, 45.95029131635318], [-78.19227934266142, 45.84183749432595], [-78.30816440983058, 45.71370407005045], [-78.34473720457669, 45.735594914802405]]], [[[-72.91036826936718, 48.25121598871303], [-73.16707643575427, 48.106541998087266], [-73.2634929044457, 48.140263576644955], [-73.29053657717022, 48.21029779360726], [-73.203501325005, 48.36137687678652], [-73.0310192359676, 48.41810739123806], [-72.9167519246285, 48.37959839312358], [-72.91036826936718, 48.25121598871303]]], [[[-68.02482181019347, 49.221846696426994], [-68.12120225441369, 49.256971416059365], [-68.16008540581124, 49.36881480447287], [-68.4630055484027, 49.40928802719105], [-68.51740394918949, 49.509378105558945], [-68.68769737117307, 49.55104094656636], [-68.95374094063348, 49.49605114216293], [-69.24664398828082, 49.33566544511375], [-69.3567363013585, 49.386512255963716], [-69.43266649534661, 49.58040541432819], [-69.34380350013916, 49.75436421055508], [-69.20446933171553, 49.804681112901264], [-68.99252167721596, 49.65814545012513], [-68.18377132107078, 49.59927886089689], [-68.01159737959962, 49.446885514437085], [-67.96713249751775, 49.30257880789552], [-68.02482181019347, 49.221846696426994]]], [[[-67.39226746678456, 49.46210724266258], [-67.51060960374062, 49.47905349090687], [-67.673243861299, 49.58047905567719], [-67.70043057241793, 49.689546696101566], [-67.414983424256, 49.88267883219582], [-67.12528699945597, 49.87644571394003], [-67.40105551155314, 49.58114300582877], [-67.34919948650135, 49.48025791979837], [-67.39226746678456, 49.46210724266258]]], [[[-78.30699725406782, 46.27523674012096], [-78.18329758812244, 46.2488357620366], [-78.05631220318764, 46.12818573927516], [-78.11324734816057, 46.12561781828864], [-78.12966141842107, 45.99750482453664], [-78.20322510990593, 45.98584316671253], [-78.33568833526789, 46.128019194524974], [-78.42422718464394, 46.14974708121863], [-78.43920394464408, 46.06676726829511], [-78.65328399414149, 45.956942848448506], [-78.64732150684365, 46.00698918554799], [-79.11136534739329, 45.97216954909042], [-79.07957536370675, 46.019758743388785], [-78.91085063288322, 46.032697690540324], [-79.00261970108208, 46.11813768585142], [-79.11033138497862, 46.06198954007265], [-79.33301892600178, 45.694030607078616], [-79.49003262909542, 45.62196938192919], [-79.5805253828727, 45.69699313567122], [-79.45989127515989, 45.833460566442724], [-79.49726925298248, 46.035146962270616], [-79.56356357815626, 46.12791728924121], [-79.46933207908849, 46.147363235127024], [-79.49064204907366, 46.20701031887886], [-79.37494655366814, 46.22389635555155], [-79.38275765356362, 46.29494728356885], [-79.12272928374581, 46.253302308902285], [-79.0489098593952, 46.36914356705352], [-78.85952275551679, 46.33261817999013], [-78.75051082686994, 46.39244471322312], [-78.59385516883577, 46.32871696473474], [-78.60948614404764, 46.389663114530585], [-78.4213857027649, 46.35916981541335], [-78.30699725406782, 46.27523674012096]]], [[[-78.00524872227815, 46.224517214396485], [-78.16587804986966, 46.273452759850315], [-78.15629784535085, 46.32776294947111], [-78.12576038991257, 46.3265843076279], [-78.00524872227815, 46.224517214396485]]], [[[-66.05591807115798, 50.3503632795245], [-66.26282812912238, 50.22206822742482], [-66.38816231922819, 50.25029135240408], [-66.44296832558143, 50.197643155403235], [-66.49488731762499, 50.326413100413625], [-66.42975316977032, 50.44816865449052], [-66.22743355264039, 50.61046938881165], [-66.18995113621494, 50.76285303005793], [-66.03142778506958, 50.689980153239844], [-65.90793862928285, 50.4726904700493], [-66.05591807115798, 50.3503632795245]]], [[[-68.7933217652467, 50.64248221552798], [-68.72247947363148, 50.717718682340795], [-68.64258400943679, 50.69703924619076], [-68.62167851743038, 50.63567624040612], [-68.72900321497393, 50.54107137649661], [-68.7933217652467, 50.64248221552798]]], [[[-69.60268335054155, 50.734316160712915], [-69.46134000427158, 50.624329966788125], [-69.47892590854057, 50.555725972569476], [-69.88244015913713, 50.57727739634627], [-70.16406545330405, 50.77869847585387], [-70.07222846278148, 50.844725533148015], [-69.89846727620815, 50.85200692116083], [-69.60268335054155, 50.734316160712915]]], [[[-70.29322844211173, 50.92025913095283], [-70.42028741837018, 50.79409279409801], [-70.6408452544959, 50.78206675513546], [-70.78902702784097, 50.98688382367586], [-71.17581835329803, 51.23641610478774], [-71.25654800734814, 51.350119117652206], [-71.1581089599959, 51.44774089301111], [-70.73475286152372, 51.47664163717512], [-70.65244801045685, 51.41250668576499], [-70.55330247229344, 51.1670623136971], [-70.29322844211173, 50.92025913095283]]], [[[-59.393546841580466, 52.24515445866169], [-59.451000029107995, 52.098017715455676], [-59.33236579865631, 52.110703392637326], [-59.28855421945349, 52.04110971731278], [-59.12111629343218, 52.016362763077666], [-59.116228824220755, 51.98271875162004], [-59.36745112191038, 51.91340852325094], [-59.577119410231305, 51.93863212193715], [-59.9878377118294, 51.860806693238345], [-60.15096091295908, 51.87349517310686], [-60.08687515189187, 52.00501841721826], [-59.82728040766833, 52.2384329946517], [-59.73912222732658, 52.42835161883824], [-59.393546841580466, 52.24515445866169]]], [[[-78.47578854217116, 45.52544033636187], [-78.36327304642333, 45.448728308012036], [-78.36427951688586, 45.42041442665665], [-78.44726726948373, 45.43888673054547], [-78.47578854217116, 45.52544033636187]]], [[[-78.73111240268537, 45.564362843706554], [-78.80338674710356, 45.47434718230166], [-78.9224273794614, 45.51931920912105], [-78.84063190777172, 45.499489269776014], [-78.73111240268537, 45.564362843706554]]], [[[-79.03567845873782, 45.52391720437435], [-79.10620861133312, 45.51955076557533], [-79.15342838195258, 45.57300408160013], [-79.08520878885918, 45.593099763285984], [-79.03567845873782, 45.52391720437435]]], [[[-77.34384038641922, 45.99096690537301], [-77.3518916749516, 45.92730592474633], [-77.2575206166127, 45.96351977198273], [-77.09212929895415, 45.75228931803383], [-76.99481875108921, 45.703612341201755], [-77.07786186181367, 45.6414421396362], [-77.07604759857112, 45.58269378114618], [-77.23364841998432, 45.632913164750455], [-77.48478914243184, 45.42956854818096], [-77.48973625314734, 45.35810482930851], [-77.7712029815944, 45.31995078734721], [-77.83683588204553, 45.23505641902844], [-77.99383085365542, 45.30635599617834], [-78.00144066963115, 45.36690130470208], [-78.07563733110888, 45.40469083082831], [-78.04007033647099, 45.43787736148406], [-78.19718987608114, 45.59069448315904], [-78.13399233606256, 45.82454722235666], [-78.03907795152409, 45.79606716470665], [-78.13256028257368, 45.961068987178486], [-78.04749375410172, 45.990559769333444], [-77.97484916681387, 45.94370870883526], [-77.94246412410551, 46.028372049081746], [-77.82777951935725, 45.97907562894712], [-77.8067209513916, 46.02558055534846], [-77.7244795504794, 45.99834845142863], [-77.64126006869189, 46.05070413749822], [-77.49651801361942, 46.01658793921244], [-77.53366341540853, 46.10728890974284], [-77.34384038641922, 45.99096690537301]]], [[[-78.65944496577947, 45.02205997957942], [-79.0017100302263, 44.597705500629274], [-79.1648061517002, 44.31104012918046], [-79.30901523428271, 43.839141869627944], [-79.2773307334564, 43.70326301954252], [-79.49385949085337, 43.577048406135226], [-79.67129482358249, 43.3358909512654], [-79.64357084536245, 43.224985361487434], [-79.36131595837209, 43.176427329080106], [-79.58459617734248, 42.84654103366048], [-80.17435812028371, 42.72450004262241], [-80.50456714886522, 42.55085891017807], [-80.8861606591058, 42.61296878845845], [-81.28087345151764, 42.60465531482047], [-81.5573781517193, 42.48851337799817], [-81.94030208434685, 42.23594513697843], [-82.30584858701378, 42.09787557556039], [-82.46334205286578, 41.947259368060365], [-82.50549885927921, 42.0904490489536], [-82.44978828304994, 42.25185554330644], [-82.13428043036113, 42.587133635373355], [-81.72451712727519, 42.76626461190482], [-81.67564878202835, 42.89435081205895], [-81.5896779501114, 42.89917645696712], [-81.52296117744207, 42.79964456921726], [-81.3080088597882, 42.82319445064231], [-81.14452956835395, 42.91960960133106], [-80.88044672240706, 42.962521348999765], [-80.69543921561849, 43.07122301537423], [-80.73271734327506, 43.20682121376447], [-81.01830932879399, 43.26360479983517], [-81.08138410420521, 43.25054836165057], [-81.15533078597288, 43.13174721294512], [-81.2221314479876, 43.188559661214384], [-81.01224692832703, 43.53516071092361], [-80.77479643729811, 43.58721463000018], [-80.63116729641315, 43.74143250876825], [-80.43038160831902, 43.85660096657104], [-80.40454561556842, 43.82566595771782], [-80.46552966589303, 43.61640354390738], [-80.43654852572026, 43.45816558689239], [-80.34303998987669, 43.33625555821452], [-80.34845752057342, 43.2224717206692], [-80.24399445317736, 43.12485515011111], [-79.97678635225051, 43.29633930624795], [-79.82998776820716, 43.65447359428535], [-79.53304824992021, 43.8410361730113], [-79.51333222591464, 43.9330948718828], [-79.55277446482803, 43.95244872374171], [-79.7248366177853, 43.943778678813615], [-79.86933825855009, 43.99439064597965], [-80.06788520180602, 43.62383975019225], [-80.28774262822176, 43.55831347089821], [-80.3501205199442, 43.64604834677088], [-80.33819495165358, 43.76833125633013], [-80.09351395894635, 44.14071820194779], [-80.04505896060091, 44.31633448770051], [-80.32990280736729, 44.35105306754406], [-80.53668312405415, 44.196307233994574], [-80.62849081786626, 44.21014746323689], [-80.65648882642414, 44.29411855672658], [-80.58700028536137, 44.380068482244795], [-80.59339127141111, 44.5300786190706], [-80.53801610294659, 44.58736260533958], [-80.09933357080764, 44.47924312846612], [-79.92405484190787, 44.6301896115085], [-79.80982084655328, 44.57600830102011], [-79.68487991610974, 44.398995042681136], [-79.50634267550497, 44.371499061182796], [-79.43095856461805, 44.457581438047164], [-79.26949231143048, 44.85742049266258], [-79.09773675904974, 44.96002567895924], [-79.0499444235779, 45.11546134798137], [-78.82292070403263, 45.131135565689775], [-78.7061539089548, 45.1936231391018], [-78.72876466544479, 45.06373883243687], [-78.65944496577947, 45.02205997957942]]], [[[-82.52108088949946, 43.22870541660687], [-82.63621580835901, 43.105817359959666], [-82.79343948145375, 43.060599386286185], [-83.10455456185997, 43.14218975960398], [-83.42124607596084, 43.4139174302728], [-83.39223522469857, 43.57870589850578], [-83.439441884787, 43.699931428772636], [-83.16595614811514, 43.81952127032798], [-83.19077182288443, 43.98883104972648], [-83.03516761379606, 43.977267304532766], [-82.8914896736445, 44.05368830942019], [-82.79678890063279, 44.02737096261971], [-82.64411571817757, 43.92000005262573], [-82.54324353503743, 43.718259561449194], [-82.52108088949946, 43.22870541660687]]], [[[-84.74857887607646, 44.3122255252083], [-84.47255818821493, 44.221214620925736], [-84.26813069633975, 44.22638102256437], [-84.22589059648449, 44.144234358896746], [-84.26360283797028, 44.00571269437133], [-84.14823894021453, 43.92377417351782], [-84.04304080459919, 43.96585359365707], [-84.00712001662698, 44.0960856807564], [-83.89932437390824, 44.07207234097056], [-83.91799637718039, 43.878048843604994], [-83.82972274306384, 43.64037541668661], [-83.98935433957703, 43.58593726165754], [-84.12281608032757, 43.75941306030631], [-84.3592556465801, 43.75902894972243], [-84.51567424609284, 43.829512764552305], [-84.6706549014496, 43.97360710332702], [-84.98718987416193, 43.90835841230889], [-84.98869181364314, 44.47805182921177], [-84.74857887607646, 44.3122255252083]]], [[[-88.62548211917228, 44.38563929581213], [-88.91267902339335, 44.33037940313972], [-89.54322020509687, 44.61016999763834], [-89.3956737031059, 44.8299023982982], [-89.43616259151611, 44.89362483819533], [-89.3358067238567, 44.91725289400184], [-89.06572449833422, 45.33781423712039], [-88.92243133503116, 45.33623516602815], [-88.72840361486455, 45.41208964704599], [-88.29337732098799, 45.41527756050351], [-88.11857298009274, 45.229532560869394], [-88.12105091143277, 45.03757385239536], [-88.28946652794248, 44.78655929480307], [-88.45447805732455, 44.687877916388885], [-88.62548211917228, 44.38563929581213]]], [[[-79.57574218964243, 45.155555952391516], [-79.44396981727002, 45.18571896290044], [-79.28473899592889, 45.06572970963191], [-79.38405824844182, 45.060015183923696], [-79.57574218964243, 45.155555952391516]]], [[[-83.9395688782895, 44.401639160729204], [-83.61655169844931, 44.354491349853156], [-83.48792119910298, 44.13855640235583], [-83.65024249405079, 44.032168770377105], [-83.80285906536825, 44.24848400909334], [-84.06830320675643, 44.23604353166623], [-84.1193469270642, 44.28566110671622], [-84.09739135060727, 44.41796610194138], [-84.35405587740804, 44.50513798072094], [-84.3457586948584, 44.55688828783729], [-84.25357451307788, 44.590456461077935], [-83.97505787774243, 44.55915553830162], [-83.9395688782895, 44.401639160729204]]], [[[-85.89982943344414, 44.73278743434905], [-85.64090593264018, 44.769619578639364], [-85.45848600127786, 44.71441080918747], [-85.43285978420914, 44.09938244947534], [-85.70335570394246, 43.86042543622942], [-85.73436421123719, 43.77258963090173], [-85.88705543635112, 43.824479827136955], [-86.01520313412213, 44.04740983013582], [-86.28953927583477, 44.127816093183284], [-86.30293223305324, 44.208692270179114], [-86.17009051044145, 44.48833060256635], [-86.19704930893002, 44.71347760578738], [-86.0375799429918, 44.76097740222225], [-86.04432175072054, 44.875214941618], [-85.89938371215796, 44.839723681841626], [-85.89982943344414, 44.73278743434905]]], [[[-81.37331525895833, 44.43809635748396], [-81.24428194747435, 44.39568800302408], [-81.23915927979961, 44.318656592854836], [-81.40871195533192, 44.249295506338676], [-81.55648458255803, 44.252161303693754], [-81.55205272632166, 44.307563266796585], [-81.37331525895833, 44.43809635748396]]], [[[-78.05966057905732, 44.40719121323999], [-77.97021149720278, 44.37185788285597], [-77.98525442166496, 44.29151519948548], [-78.12386772167915, 44.158088682493876], [-78.20893460967955, 43.9247617164774], [-79.14752612394315, 43.77077088866977], [-78.89169318884845, 44.36544523013792], [-78.72192325329544, 44.44746551257068], [-78.63105964809249, 44.57427824589129], [-78.52790417211135, 44.49915131271521], [-78.45078934648235, 44.54688124108279], [-78.28311487210546, 44.923289040138314], [-78.2083568738212, 44.97213460595112], [-77.99372181381501, 44.94549803456057], [-77.92167294061528, 44.870678864904505], [-77.99267698040157, 44.61876056021996], [-77.85208283389312, 44.54377966992859], [-77.85695785643354, 44.50371770101172], [-78.05966057905732, 44.40719121323999]]], [[[-83.32269889299786, 44.61554705612408], [-83.35413637721399, 44.46307756340158], [-83.76098453965454, 44.47940480670116], [-83.81819110882742, 44.51738284342054], [-83.61137061390085, 44.63948706597157], [-83.51081429358308, 44.82151746130152], [-83.37028022266489, 44.78360927784209], [-83.32269889299786, 44.61554705612408]]], [[[-79.60290030554012, 45.020553202983166], [-79.33996088261586, 44.888283848191], [-79.35953044908868, 44.77880837064051], [-79.62785146480738, 44.739348611599254], [-79.65177344855931, 44.78691317353376], [-79.60693778695367, 44.827243476318934], [-79.73320392342991, 45.00627056815829], [-79.70612764999048, 45.03509423594204], [-79.60797285586736, 44.94914406471357], [-79.63878181216016, 45.021406866928295], [-79.60290030554012, 45.020553202983166]]], [[[-94.59853670309269, 34.647339564122035], [-94.67802842377444, 34.57739959234359], [-94.86670026408908, 34.578512849700765], [-95.10755786310844, 34.79699044219805], [-95.2495508050709, 34.838273830213275], [-95.69996298830783, 34.386810220028934], [-96.12076551019757, 34.33337897233563], [-96.16246943868565, 34.36049055935996], [-96.18817599790967, 34.60942323324421], [-96.3980668818567, 34.908175598508386], [-96.38795138265463, 35.17197893613778], [-96.44611376554114, 35.176158347493335], [-96.5903581260813, 34.910043962169055], [-96.35107438307107, 34.383464689055565], [-96.2042016426473, 34.33674243566016], [-96.54016826815763, 34.14450287532626], [-97.05711515549633, 34.37627463742506], [-97.13836793815803, 34.595712478403954], [-97.55997524799696, 34.91389488210701], [-97.59659819100524, 34.99633946977005], [-97.57080919240177, 35.09763204719419], [-97.45487538795089, 35.15686943623839], [-97.3095518302549, 35.45777491849608], [-97.19449442528588, 35.47122593515872], [-96.95357912519748, 35.34752570432484], [-96.82559712423179, 35.345576544936186], [-96.15262372041651, 35.58975954848608], [-95.66627277886646, 35.42999500821989], [-95.36329445799082, 35.437457196953865], [-95.15172364053765, 35.5562669737372], [-95.18650945655452, 35.68614205154094], [-95.36733767429273, 35.707975319350716], [-95.37722092929823, 35.848890110220545], [-95.5137511340216, 35.9638320720368], [-96.00130101010905, 35.895421405068724], [-96.20572607407819, 36.23007849022874], [-96.45232563189417, 36.331379125715536], [-96.59559921958319, 36.27128033275075], [-96.52079255151818, 36.046175965443965], [-96.80341877279949, 35.999831218806406], [-96.94796327952427, 36.14019324403879], [-96.97420051535221, 36.316286548359116], [-97.14126478741731, 36.392125765644884], [-97.76375307897507, 36.32582632247461], [-97.89421661195986, 36.38060860711809], [-97.98013509817828, 36.49273984091396], [-98.1406011940983, 36.41770049263513], [-98.26480921260368, 36.44868965362521], [-98.33477585515675, 36.547720649481974], [-98.32187289255495, 36.64363102304852], [-98.41325638363857, 36.709915110655885], [-98.96374265512716, 36.65385740607199], [-99.02952000619284, 36.69226835701551], [-99.0584416066087, 36.7915098636328], [-98.7834433283182, 37.00934774911017], [-98.76032075263797, 37.091609737962415], [-98.87510891162576, 37.194667234070884], [-99.01432714865888, 37.21823126377522], [-99.39285940232102, 37.23436534974823], [-99.62612708543134, 37.19553554838498], [-99.92814592741665, 37.299961478283635], [-100.29734096154512, 37.25787289622868], [-100.69995532925127, 37.33091399535953], [-100.90833335510871, 37.274173921122035], [-100.87423886242485, 37.05604192283162], [-101.131577222834, 36.85100471054218], [-101.11882235478745, 36.80453425236088], [-100.87368741314255, 36.79591047730084], [-100.80824883306985, 36.88567512955792], [-100.69363514720412, 36.90581286695553], [-100.65781867323125, 36.81671411275826], [-100.6738231110593, 36.575889707811804], [-100.57257187778058, 36.55506294637433], [-100.40322844654912, 36.61497073462328], [-100.14785580239499, 36.56799495164229], [-100.02752774159829, 36.61273755929375], [-99.98294284431007, 36.75737770367237], [-99.7158261708944, 36.893908221218524], [-99.54210152946905, 36.640012085434705], [-99.54870664008675, 36.54005182711416], [-99.89030179983202, 36.580655834238684], [-100.07555694679775, 36.47292893615149], [-100.16887742403954, 36.27285359395614], [-100.46409258651647, 36.32158213500754], [-100.52726590479602, 36.26113195466249], [-100.465845547003, 36.21284747309351], [-100.1404645980614, 36.213463570559725], [-100.54786443190332, 36.004038774101815], [-100.7586104730205, 36.19293482740359], [-100.86236373794796, 35.960744262342516], [-100.99560020095203, 35.99604517393284], [-101.13182087196469, 36.14223858105912], [-101.21873513956419, 36.13515750530738], [-101.2410624748869, 36.090293425649996], [-101.15859964201512, 36.048559756131255], [-101.1807991054613, 35.99436504795887], [-101.35044433640884, 35.98011876250653], [-101.48108364736669, 35.86335708149378], [-101.64932096297163, 35.859088835150374], [-101.76104137610224, 35.72152581241192], [-101.488840797287, 35.732468671324376], [-101.4080481557029, 35.699185415717515], [-101.35820381691244, 35.61152164850782], [-100.27419851144732, 35.44425357091118], [-100.20724625446233, 35.369556326096365], [-100.29911342080065, 35.10853518561253], [-101.1857933595912, 35.36751368518652], [-102.08175112512802, 35.50001381010034], [-102.26133363085191, 35.55632678424044], [-102.55721601510434, 35.79651477602634], [-102.86103752170133, 35.800248415160624], [-102.8950741151492, 35.843091753667196], [-102.80866356344634, 35.88086561764895], [-102.67305042495597, 36.14989313215154], [-102.52388362632207, 35.97451633486788], [-102.3419348755768, 36.041718622273045], [-102.25586204135524, 35.822398221576535], [-102.16756683213048, 35.741983054030776], [-102.00616249123256, 35.84270646462398], [-101.899492123533, 35.79944841953791], [-101.84688821456625, 35.84261422059784], [-101.85941977038738, 35.961517215744195], [-101.95243007265503, 36.10294997548551], [-102.17522300989116, 36.199671460762225], [-102.36058390697855, 36.17498786520194], [-102.4958672887076, 36.22119584585277], [-102.54868674908909, 36.33915474888655], [-102.47948108394776, 36.528481181147335], [-102.54263063739616, 36.70442940226896], [-102.49988568327811, 36.754284994188566], [-102.3765733696545, 36.75416731219253], [-102.28744337095345, 36.68711766373979], [-102.26570088485843, 36.449382533344256], [-102.04353145208724, 36.40840770236965], [-102.08674167530107, 36.24888174332451], [-101.85724651906406, 36.28442364191379], [-101.7153810493042, 36.07482050278992], [-101.66238510381638, 36.11261979922594], [-101.67963624978636, 36.309546383510906], [-101.92339164717058, 36.58109152210125], [-101.90132619887747, 36.684650409531166], [-101.75661199230198, 36.750385208916754], [-101.65679073692706, 36.61949949266578], [-101.39744519981171, 36.6201776125839], [-101.29589102464587, 36.535313454630206], [-101.23203449181601, 36.54128346134388], [-101.38559255937359, 36.78307245716688], [-101.3632959383616, 37.009594827324555], [-101.25870369265381, 37.070292993033725], [-101.16998345318504, 36.991810349520385], [-101.08097568729725, 36.996623948748855], [-101.07214994104875, 37.33774426592348], [-100.9315489602523, 37.5605617225306], [-100.73861170562016, 37.59907330355481], [-100.66229603280662, 37.76756935036652], [-100.48630433063559, 37.773733643591676], [-100.67395066999408, 37.82410616517933], [-100.7887819054316, 37.92775265582983], [-100.85304494293645, 37.88485339632983], [-100.86992035961984, 37.80159601243221], [-100.96337789598697, 37.78848712613875], [-101.02472836081438, 37.71191048706878], [-101.29353542321462, 37.6774293315428], [-101.34751101079544, 37.70866288201029], [-101.20405340549217, 37.786273218934994], [-101.18267235357484, 37.84309047121345], [-101.42905145519195, 38.01192158100798], [-101.41396198355118, 38.1571336714633], [-101.46125861396239, 38.282125745698565], [-101.38616630828271, 38.34493791343809], [-101.1182342601044, 38.300046317784044], [-101.0134756034296, 38.3522889680795], [-101.00767046944085, 38.419546941246], [-101.21628547264187, 38.65985964833308], [-101.2021863587367, 38.76081043363921], [-101.0520418908801, 38.84184107434464], [-100.80337769758565, 38.84912164833216], [-100.12444951853936, 38.591835409945034], [-100.05911756343015, 38.616647425386965], [-100.01632596612313, 38.79352087013242], [-99.92139223462198, 38.81118123068776], [-99.72552909851782, 38.60396011008407], [-99.43449348058094, 38.640056275881825], [-99.0558170785363, 38.4554481236612], [-99.00525204686568, 38.38862355940665], [-98.71572791574789, 38.290199037224994], [-98.28764484959751, 38.2920644582241], [-98.13227785803927, 38.399694543252394], [-98.08619672838742, 38.249336081058466], [-98.17665743088533, 38.19065469166941], [-98.25502777361301, 37.86475386308523], [-98.16379156963079, 37.7386867724335], [-98.36363132167207, 37.72256201131208], [-98.29321463630042, 37.571942109952616], [-98.4962247340327, 37.466149708092665], [-98.15865551890076, 37.49804264764069], [-98.04094939947674, 37.42280552380943], [-97.98471260098498, 37.325046514226045], [-98.0504668504869, 36.91100459708659], [-97.95987631297184, 36.81412962833707], [-97.79715982979049, 36.825894926345995], [-97.68895819598359, 36.904519549277744], [-97.70183505345929, 37.08372822714543], [-97.63802984542727, 37.13381316957386], [-97.67483542530651, 37.307626033143], [-97.56362861337841, 37.39632684162289], [-97.4774282958082, 37.55438981231266], [-97.36360085226083, 37.38616675049662], [-97.27680452937129, 37.3973984707316], [-97.05479630764022, 37.573928303530145], [-96.92730173723, 37.49295005436099], [-96.7057681593808, 37.466444181621], [-96.6299168413981, 37.35285413002295], [-96.46869551269211, 37.34374652182851], [-96.31071095431287, 37.23187789538285], [-96.19850120231753, 37.27524487883557], [-95.59381655584492, 37.29382983382122], [-95.50323411023521, 37.335859737936865], [-95.54558557308053, 37.45767173925699], [-95.81433967312779, 37.51882739824455], [-95.78993035277837, 37.5927263602146], [-95.63759220472303, 37.64582241868812], [-95.76264096579851, 37.81311566629494], [-95.60396613055181, 37.77797162505371], [-95.51415107887557, 37.85813492893717], [-95.25728619976762, 37.82752736048189], [-95.24066943718304, 37.913333807487504], [-95.71389520681163, 38.237940828584996], [-96.01983424136108, 38.25166567442824], [-96.13849940429441, 38.397847911149405], [-95.78414850687513, 38.5888599496319], [-95.86405258276959, 38.6429078716321], [-96.06219838810567, 38.62764992553616], [-96.01639244462066, 38.89137154261636], [-95.93015039778084, 38.88955609240592], [-95.65613894874792, 38.744716481869446], [-95.59542613954835, 38.765707260428215], [-95.98256148179127, 39.01586376022519], [-95.96903723910602, 39.07007824003775], [-95.83982959803247, 39.13533665422932], [-95.83158361209718, 39.19902792396982], [-95.98820876834671, 39.31040755918313], [-95.82710120969571, 39.350106275094255], [-95.7158708033747, 39.23321349585944], [-95.71082909856736, 39.04572747212382], [-95.58958838524053, 39.07609704893137], [-95.5392133468483, 39.25914155501565], [-95.62210761973299, 39.67991797781122], [-95.59677251022663, 39.72316262965694], [-95.52562052201131, 39.705314575761804], [-95.27465472293692, 39.432471184219324], [-94.85155230529521, 39.474948913729534], [-94.76574664377996, 39.438543255930135], [-94.84920870897434, 39.24223398563047], [-94.81372237368387, 39.07433899824791], [-94.91344494644953, 39.09851587724582], [-95.08683082255186, 39.266484569741344], [-95.2622845444828, 39.30517863897521], [-95.34833547402519, 39.249331791832326], [-95.38982914846757, 39.04974278233045], [-95.43887427930083, 39.00630745246572], [-95.4163453042569, 38.847217097325405], [-95.22025165316445, 38.732324287647636], [-95.15819479721536, 38.529693811347826], [-95.22718561218524, 38.49414618998379], [-95.40375407421688, 38.58032852735155], [-95.43381451952595, 38.50356582828911], [-95.26123091058439, 38.449001738188876], [-95.0705234549119, 38.27361662151486], [-94.85300313253077, 38.15724753426875], [-94.90720661815324, 37.82230842441827], [-95.17215646739267, 37.604332379257855], [-95.18517634029612, 37.49319105393594], [-95.13067697502534, 37.47815619825113], [-95.03456847841602, 37.58465147753161], [-94.87983049753242, 37.49660421469088], [-94.70381829652676, 37.63187884660121], [-94.41896375666168, 37.5303282637311], [-94.16478520318289, 37.58776952023397], [-93.99254089911014, 37.694204566418875], [-93.73279155054904, 37.6341324150108], [-93.70212681137008, 37.7371210377061], [-93.91760955166195, 37.89381376891078], [-93.94285754793005, 37.96139284991648], [-93.90078187295754, 37.99060236514149], [-93.47740655541128, 37.74577312442372], [-93.39169617601137, 37.77119928873856], [-93.43635406970144, 37.87832149920436], [-93.41010837401114, 37.909395477086306], [-93.25977116960532, 37.836917543266175], [-93.00061609576049, 37.83451199780717], [-93.01598972320933, 37.95048217723403], [-92.82925033033057, 37.92408543368334], [-92.71836506365968, 38.00671258762734], [-92.70873245903155, 38.132768811923036], [-93.08184550407768, 38.58133010700915], [-93.91082553277045, 38.887541884263385], [-94.52051951900228, 39.04577377010263], [-94.57887825393306, 39.1403830613935], [-94.42276330046958, 39.338827933020546], [-94.51140613095195, 39.46865128140892], [-94.39932243418819, 39.57492771155406], [-94.42647348546951, 39.629730412554366], [-95.11321706417051, 39.59560351160318], [-95.29290227408381, 39.672830392259975], [-95.28008092215053, 39.79444240944349], [-95.37168636407293, 39.91213357013452], [-95.3500120560814, 40.008971899483335], [-95.21501761664138, 40.07906849449371], [-94.7783649502923, 40.086911425290324], [-94.73395238150829, 40.13257788652168], [-94.85546175121353, 40.39279500288494], [-94.83218314531841, 40.731289033947384], [-95.0286753873229, 40.92131455445024], [-94.82507033442558, 41.17212039463208], [-94.4392346980217, 41.42439908660722], [-94.2256299245876, 41.32870426416395], [-94.09097647493661, 41.178466661785706], [-93.70142983023078, 40.90474719181081], [-93.56628381022573, 40.665352402686466], [-93.36957242498559, 40.66682438627495], [-93.09966930087654, 40.89334852673134], [-92.39774071965648, 40.74150165586705], [-92.25602083770919, 40.63371205869474], [-92.15940655867487, 40.63648848525556], [-92.10953933450072, 40.658410501012945], [-92.07576056238335, 40.82412731003118], [-91.88622705687946, 40.99490935771373], [-91.80476507158099, 41.1398091069523], [-91.6023030298714, 41.293987802271225], [-91.6203354100878, 41.38861654952522], [-91.75644343724635, 41.44413626086314], [-91.74820579147297, 41.48708669374051], [-91.58425195655812, 41.560136538271166], [-91.3868884911112, 41.837771580808855], [-91.06442290458547, 41.96222687569812], [-91.18438214342747, 42.15819333256493], [-90.87873526511198, 42.32486224270531], [-90.84317733343975, 42.529358980740064], [-90.29850477376672, 42.49864831196753], [-90.09933128327069, 42.535351675228114], [-89.90504549719965, 42.609448123917325], [-89.86976944517937, 42.670572468280184], [-89.89867893113981, 42.76852549716639], [-89.72018135569196, 42.893458955695856], [-89.01577653235802, 43.01593855307487], [-88.35743326261951, 43.01633846316146], [-88.14301104150984, 43.0727823470844], [-87.90670991799269, 43.22763075116181], [-87.77725450021634, 42.723896173936346], [-87.94967195266734, 42.53975186939391], [-88.13255401244331, 42.482337472705005], [-88.84741963449282, 42.45581694643458], [-89.00026879450832, 42.370145646852485], [-88.7110185936367, 42.29136123061496], [-88.67955359302849, 42.09097108075059], [-88.43193506657073, 42.01696919243227], [-88.36721922811496, 41.93489629039646], [-88.38090495039503, 41.870127026277224], [-88.4721526166437, 41.83577487216353], [-88.64212853268505, 41.88470457488965], [-88.73137085353054, 41.74140123099575], [-88.92360545785196, 41.87549392134582], [-88.93684686500988, 41.758980076238494], [-89.1183826083304, 41.65872544829049], [-89.18016209887442, 41.70036833521405], [-89.16147186883451, 41.83095876553293], [-89.6318925294035, 41.79015923963227], [-89.7987147740906, 41.952227578189756], [-89.98815428677763, 41.95451380979005], [-90.17777130162814, 41.84128597347224], [-90.24100341174832, 41.64810397569074], [-90.32686506726968, 41.5587700500031], [-90.86482784357521, 41.420415172303535], [-90.99040166975443, 41.30194128966967], [-90.91336623331901, 41.13692586319589], [-90.95338670868134, 40.93617547946612], [-90.80508876208212, 40.89786341597947], [-90.84235450573573, 40.755206236286355], [-90.99932707062953, 40.6378974810964], [-91.02713097608644, 40.560633911416055], [-90.84024603190801, 40.29032696548367], [-90.57732125558172, 40.21740199975796], [-90.32327136118411, 40.35110377369124], [-90.09864327340465, 40.36102160712442], [-89.93553444646898, 40.168149525470234], [-89.83589120689547, 40.15406049416674], [-89.8634992015626, 40.29147924487008], [-89.78740603016617, 40.38263824728627], [-89.80345785132825, 40.44758939706417], [-89.97668469667448, 40.50525041313569], [-90.61099975178888, 40.49550831992796], [-90.64578468977096, 40.59367283342273], [-90.44246395816448, 40.65497883924706], [-89.91866119677766, 40.63646748683574], [-89.78167498651086, 40.70238250949447], [-89.7063865519149, 40.61621816551443], [-89.7152130072345, 40.45821346392523], [-89.37318562373613, 40.39782158841477], [-89.39587207188661, 40.28747102209383], [-89.84583170590328, 39.80034302595706], [-89.82377416441388, 39.72959365391663], [-89.6582089476816, 39.58913506679945], [-89.67745492127055, 39.54059871970673], [-89.91454358852764, 39.55502267478036], [-90.04033171756994, 39.3463622272075], [-90.16858875711, 39.31900895390773], [-90.2596722386141, 39.32541857101176], [-90.6161289991742, 39.549522476720924], [-91.12806618711797, 39.517268557177864], [-91.14825206570099, 39.559857919937976], [-91.07236059040036, 39.683737145502604], [-91.33748712067586, 39.71457003174624], [-91.37664106814984, 39.78503213796983], [-91.0306208824476, 39.832732140916455], [-90.74794259369948, 39.65018767474233], [-90.5060136985128, 39.629165976154866], [-90.34749230080931, 39.709935535885236], [-90.27825672660072, 39.907897462030704], [-90.30183883851574, 40.01973540798734], [-90.38061508962461, 40.083275582869774], [-90.72004234365004, 39.982821017248405], [-91.03048927848968, 40.17296150272444], [-91.17629721233861, 40.40405252561023], [-91.2126359812707, 40.69418648319314], [-91.46865104296008, 40.52945796603353], [-91.59208664672433, 40.27900521969135], [-92.08132065574254, 40.324357187812005], [-92.2547003002617, 40.20105805850813], [-92.26518856583547, 40.13950680280041], [-92.21123890795955, 40.113350617879135], [-92.03411755221717, 40.19659100821972], [-91.97400727075207, 40.150029029618985], [-91.98659720573762, 40.08733269655951], [-92.30053792749555, 39.842517622655215], [-92.08156919951138, 39.71510961168449], [-92.0389384391825, 39.594304985788334], [-92.08303063437727, 39.523171109874944], [-92.36333213690443, 39.4625676739623], [-92.37253200532255, 39.394299136491476], [-92.21610644736802, 39.312357380292035], [-91.77598276504926, 39.30043929280048], [-91.45132461947406, 39.16832505078007], [-90.60529661279789, 39.17544584129485], [-90.43332226717025, 38.99063954864851], [-90.08350843854346, 38.831563149720466], [-90.14985124844327, 38.58436637622387], [-90.31777212118968, 38.353992817829784], [-90.27324837872777, 38.20118607512021], [-90.19845691190312, 38.150779056007025], [-90.1073325993873, 38.20984401440152], [-90.11881175229503, 38.47915416110564], [-90.0092056181619, 38.5687467624956], [-89.95776926702732, 38.69667696572458], [-89.7662605143994, 38.747870133259305], [-89.70244543333621, 38.84117938526343], [-89.5501400717122, 38.91216294339323], [-89.48083214424864, 38.81405906776171], [-89.46350071952698, 38.602645549947475], [-89.11237487959734, 38.474778179051], [-88.97467420839033, 38.7084371168125], [-88.82438039813604, 38.56171181997786], [-88.57560363047287, 38.54214727809161], [-88.51203422775978, 38.39050311493231], [-88.42410418290531, 38.52229784002711], [-88.25184108525012, 38.601382630812125], [-88.16099598107719, 38.590904425437074], [-88.08035728821264, 38.50161349000421], [-87.90890601260749, 38.50282898355435], [-87.82146919373241, 38.57102851191198], [-87.82084893387407, 38.78650451667434], [-87.63894829924837, 38.84331659614064], [-87.46588392234054, 38.82338742692493], [-87.32775724056604, 38.736812817094844], [-87.32198467052399, 38.65046795771996], [-87.51271065795896, 38.57608142393154], [-87.46990563635575, 38.5178638340875], [-87.31894905751136, 38.4977753947422], [-87.17668767833362, 38.39634073304832], [-87.12931109637951, 38.1637938306491], [-87.00250698334946, 38.165051023492055], [-86.95324083999287, 38.32009587708641], [-86.8660824351296, 38.35064294370445], [-86.68606750094523, 38.2871527447237], [-86.71510846765297, 38.154913882186676], [-86.93674853423208, 38.02083180203969], [-86.94432126570125, 37.97054188102272], [-86.8097504195571, 37.78520691294964], [-86.3334500045927, 37.73704485065651], [-86.11479743110338, 37.980751920142296], [-86.12643610208879, 38.16995745271039], [-86.02571198562391, 38.26950773391216], [-85.72416213079188, 38.30732340891284], [-85.43390025140711, 38.43602260654731], [-85.27446020815934, 38.41089542976053], [-85.21768901613912, 38.29191972330246], [-85.26880136182716, 38.19039977168342], [-85.70150464653966, 38.03595621313708], [-85.71169722624607, 37.9314829294778], [-85.90681550222916, 37.7689690984874], [-85.93159060177989, 37.64843452985202], [-86.1687404629578, 37.50832789968105], [-86.19845794830373, 37.44533845828247], [-86.06926652876662, 37.32750403283284], [-86.04958166875578, 37.19232931693976], [-85.93710306425814, 37.161242442621095], [-85.73643559968768, 36.50025436152674], [-85.24259501659644, 36.74367123460683], [-85.29302166307072, 36.611932747533274], [-85.26627361601484, 36.49429742187762], [-85.3643432401814, 36.29670165449331], [-85.2569847900504, 36.17613328405889], [-85.0833902198422, 36.25405322624419], [-84.99665392545464, 36.16588032511433], [-84.94133269033665, 36.178749912036174], [-85.03556809409632, 36.51632138195272], [-84.82400167510691, 36.71593103393529], [-84.83386729639156, 36.941984151986325], [-84.17886752429746, 37.135288038494004], [-84.15510176936831, 37.04123004793651], [-84.04808207426885, 37.02522502337232], [-83.97066389257897, 37.18252868554678], [-83.66578568339337, 37.244715842280335], [-83.54280324731477, 37.06718512314579], [-83.4651033090177, 37.049657247074464], [-83.35483282871209, 37.12738960269872], [-83.26603483390079, 37.29275499707953], [-83.19515913552279, 37.27984991844178], [-83.21024591684733, 37.12947523173291], [-83.1546591309204, 37.07135888208085], [-83.04721118496101, 37.100447938816316], [-83.03820830501809, 37.19525710658041], [-82.75420740679596, 37.20031669586055], [-82.89991173450022, 36.72267193907797], [-85.18065115217595, 35.01412557070577], [-86.20213726356768, 33.476854094637744], [-86.57926562087442, 33.405947625458964], [-86.99418304343544, 33.09384651146953], [-86.99285076614728, 32.978020512116196], [-86.911175193395, 32.94648843675877], [-86.42839903298945, 33.17171425298362], [-86.8354352211896, 32.574919335842466], [-87.22788299540551, 32.17549842706121], [-88.07218231429111, 32.39051490506226], [-87.8857234007473, 32.54359947447501], [-87.79097840842546, 32.755099451090864], [-87.63022330327334, 32.86727819415746], [-87.5336685350162, 33.03557049952837], [-87.5711349249153, 33.187513492528836], [-87.32955001504783, 33.367831615867374], [-87.3270022295072, 33.50002147430954], [-87.26256287986746, 33.59014859734749], [-87.35986935167476, 33.72565274285227], [-87.64495674563439, 33.67659650611048], [-87.76606105307962, 33.71164108592876], [-87.71101125375327, 33.84434736532298], [-87.55371086562108, 33.93805085646633], [-87.55280362132162, 34.01349239002769], [-87.66780160799446, 34.139303012594276], [-87.54553758531173, 34.28070513559229], [-87.91549506507172, 34.47664964430054], [-87.94425623760785, 34.644997707309614], [-87.80373668689211, 34.70783000949813], [-87.7303587166959, 34.45934722173792], [-87.62649471087293, 34.42875342244889], [-87.48394281049508, 34.66491202927583], [-87.04867197058877, 34.95071111876981], [-87.22365699466506, 34.43083404800717], [-87.05558859878523, 34.34020336130602], [-87.13433379830157, 34.15347563815016], [-86.9300313309208, 34.16711998145131], [-86.82236480357747, 34.273589070739824], [-86.6951638508886, 34.56288622820732], [-86.3666098145275, 34.85052591563295], [-86.2688299888608, 34.83646412034277], [-86.27242653119421, 34.7130372565438], [-86.14078114896229, 34.605339769464535], [-85.69635879541943, 34.78481211633288], [-85.35698082307694, 35.201420293190154], [-85.15200864987322, 35.58400564716915], [-85.0008014703967, 35.63736985718101], [-84.96651370965498, 35.752447992796256], [-85.16178926750159, 35.93660528810143], [-85.28483375454705, 35.93360134629504], [-85.27423952858521, 36.145742300209434], [-85.45820751407682, 36.14737579982186], [-85.520550265034, 36.335708050058564], [-86.03184247363538, 35.80298040600056], [-86.21645674547698, 35.8658513161387], [-86.2568914432068, 35.93783924237386], [-86.19426156870344, 36.10187464131133], [-86.21870875409603, 36.274537203279344], [-86.07462049696478, 36.360021024031475], [-86.0365750247581, 36.47081762083532], [-86.10863102869124, 36.489009937885115], [-86.22740131073967, 36.42454809199784], [-86.41107772579629, 36.46203342478848], [-86.34523662774863, 36.70757695588142], [-86.38944610705441, 36.848983825375086], [-86.33184888246103, 36.94643768189923], [-86.38718207864649, 37.033611402885704], [-86.26445248564696, 37.16132932352097], [-86.43578973471048, 37.25440244424089], [-86.42495092085112, 37.39140937912987], [-86.36068204477687, 37.353202756257396], [-86.31593371384504, 37.39237776746979], [-86.69920196562614, 37.53138931632892], [-86.81747248709794, 37.49092378637766], [-86.97179148750105, 37.61310061157464], [-87.12028465938116, 37.65783305656673], [-87.2559289796844, 37.600177191634764], [-87.55487722558337, 37.63442813647765], [-87.67764164379675, 37.58111561784282], [-87.78397872917988, 37.62054853542591], [-87.63327659190274, 38.07048260309399], [-87.64713536874349, 38.318313712420796], [-87.50871974158088, 38.46369727949623], [-87.86153979909452, 38.453870387544235], [-87.95770197270792, 38.39862157753333], [-88.54116439697412, 37.548415905978885], [-89.93744240070609, 38.04220685057676], [-90.15568104284316, 38.02715688462716], [-90.04671620745455, 37.843902229951595], [-90.16579627970236, 37.82209855939999], [-90.23727697834936, 37.88951853161783], [-90.4382262357657, 37.95073552930231], [-90.44723265381533, 38.224285773568724], [-90.66532847764336, 38.261872499429664], [-90.73804776092828, 38.43936838689901], [-90.88448595397213, 38.45034982461982], [-90.93812612058271, 38.38947852078435], [-91.06706348619527, 38.38680502380807], [-91.14919841473107, 38.30390943910023], [-91.04144108730084, 38.17998512870617], [-90.84475353222987, 38.34119581872377], [-90.763126474573, 38.33353431587459], [-90.7981719919429, 38.07608011409695], [-90.67194604911026, 37.98472966580111], [-90.64118857130994, 37.8027857695707], [-90.47671851969098, 37.86536160744998], [-90.33996384259646, 37.72706574967987], [-90.12545912453474, 37.732598613631865], [-90.00727096655521, 37.614786423266516], [-89.95103032920785, 37.38785921354188], [-90.07684157806314, 37.16510030511642], [-90.4100589707099, 37.270336774717066], [-90.62101343238139, 37.162241852876356], [-90.7021936231207, 37.20678882207114], [-90.68329893125237, 37.399837060929194], [-90.72943723725929, 37.44023081448771], [-91.04673650198426, 37.455378233301786], [-91.18184682860961, 37.65480305009355], [-91.08214591536422, 37.757487113036575], [-91.07229201284363, 37.866976856886204], [-91.25621103403095, 38.08099108097424], [-91.27738698844077, 38.20635212574707], [-91.43932948526925, 38.04606175597335], [-91.52477916399941, 37.86694890214741], [-91.51098795333209, 37.774334692457515], [-91.30279286267955, 37.53237242469122], [-91.39615605561706, 37.37391930963227], [-91.47342007365425, 37.33608499002269], [-91.64961525685275, 37.4038682021864], [-91.76798525748022, 37.37185264108227], [-92.00509898692111, 37.51092834753045], [-92.33648617814306, 37.521383253681755], [-92.55156746510161, 37.6525276039624], [-92.657427189811, 37.777290004870906], [-92.70675108497917, 37.733754768026714], [-92.68553470146594, 37.60191297357514], [-92.82546321826067, 37.57869358616569], [-93.13742149923866, 37.322894367197314], [-93.33212891254246, 37.31841145770439], [-93.50961673637285, 37.48054203012812], [-93.67476703377129, 37.49849158017246], [-93.59607197822368, 37.30171458837608], [-94.00326643660782, 37.21066929556749], [-93.98385272428736, 37.14537377950847], [-93.68777454925903, 37.01969259652648], [-94.10068486102725, 37.013458339312706], [-94.21597493071947, 36.788145509890676], [-94.41637996713688, 36.770187535942036], [-94.55367809290802, 36.697806600958565], [-94.5736792613517, 36.52937498576742], [-94.44953236371914, 36.43050156413894], [-93.98980834778936, 36.84616008678412], [-93.78456154291399, 36.66722959368517], [-93.57820404811883, 36.64709634997453], [-93.27075748670677, 36.6934094623], [-93.24100514649331, 36.62632871333433], [-93.42612212035556, 36.55345718025761], [-93.19637230108563, 36.51817152085866], [-93.08323132236254, 36.416189465585944], [-92.90873177667302, 36.349512744441164], [-92.80777593258429, 36.09059818864119], [-93.13888224925849, 35.97432821067129], [-93.36622977910541, 36.06441197914212], [-93.69521495881287, 36.029610135031604], [-93.78230473708255, 36.18576238560265], [-93.84213927009972, 36.2097610976041], [-94.0607605663879, 36.01958871888411], [-94.04178751313742, 35.9840009287961], [-93.80192519714151, 36.00351668555411], [-93.99116209982785, 35.86428868547698], [-93.96305005878476, 35.82098959893612], [-93.83857540121899, 35.81295173427193], [-93.37862961773288, 35.92929537441027], [-93.31644408319966, 35.89952280500179], [-93.30432493254042, 35.820760875437216], [-93.41540122690867, 35.75053354978294], [-93.38595316015454, 35.70392585566074], [-93.20801390339773, 35.61843956385704], [-92.96619413376055, 35.61468036092781], [-92.73498610456973, 35.88256136114866], [-92.63875596951905, 35.88600252309619], [-92.38432921772983, 35.7784441343418], [-92.27568029813034, 35.88936408541837], [-92.08376758482058, 35.8700066091699], [-91.9726255977012, 36.01012860289636], [-91.85204026225571, 35.934960168048704], [-91.54671183384748, 35.89505176861259], [-91.41429696970933, 35.79066043281166], [-91.29969084593188, 35.61201802112989], [-91.08532248393435, 35.526455490716934], [-91.8991048344016, 34.8559268803531], [-92.2863788473713, 34.90255780957617], [-92.69768579777839, 34.8713123358295], [-93.9817229067337, 34.59876630050228], [-94.16894516486312, 34.61631376461778], [-94.43943255691183, 34.72377035088573], [-94.59853670309269, 34.647339564122035]], [[-91.43932948526925, 38.04606175597335], [-91.5990814969759, 38.20811200956738], [-91.83967144624403, 38.31513710426247], [-91.830722913962, 38.37746442800379], [-91.69440456595771, 38.4037911532549], [-91.66210664535315, 38.45244083345551], [-91.75072287609618, 38.59365910263132], [-91.69247018771377, 38.71691501823665], [-91.74905221762322, 38.92181320190657], [-91.84602349258553, 38.99613306057602], [-92.08803622827007, 39.03089806638523], [-92.2007786074917, 39.15848985058578], [-92.25633539635767, 39.126231215964175], [-92.24445116629316, 39.006982890361364], [-92.3819281144739, 38.92612668990709], [-92.42737651733208, 38.82413616012883], [-92.76793996650153, 38.736357935925305], [-92.8357558737051, 38.65206992051132], [-92.70863103995138, 38.54819555159881], [-92.53507813337794, 38.09859228774376], [-92.4153513034879, 38.013673373879996], [-92.12367227381493, 37.94191461217008], [-91.9609577342039, 37.97580681289433], [-91.92013710506731, 38.05393226205053], [-91.95750498786676, 38.1104743964108], [-92.34090809187725, 38.12726225374457], [-92.35746164142512, 38.25878708997477], [-92.47972272206474, 38.32670996087673], [-92.49117242794759, 38.3814280375231], [-92.47409959532781, 38.45379988734379], [-92.37894157321188, 38.48809615954348], [-92.22521436202878, 38.39247427886734], [-91.95463910264763, 38.359109507376274], [-91.98074327620317, 38.20950800654367], [-91.77963557994636, 38.140048252097415], [-91.64884811147816, 38.022852654486606], [-91.48419591067652, 38.001467818062665], [-91.43932948526925, 38.04606175597335]], [[-96.62952477292093, 34.282281194300026], [-96.48353235412404, 34.33977729425321], [-96.4587940777574, 34.42878858806827], [-96.79513514683215, 34.42468280796965], [-96.87965055741662, 34.32507680332116], [-96.62952477292093, 34.282281194300026]]], [[[-86.9373766835167, 35.340597888956644], [-87.24103086006689, 35.4473321963519], [-87.30622934111331, 35.52966612541077], [-87.28865251415901, 35.590305275071294], [-87.11200983668806, 35.61450292047049], [-86.8829921655498, 35.728768300954805], [-86.69744849926226, 35.68720245251828], [-86.69213037054332, 35.625725367054535], [-86.76169807180362, 35.55022097718849], [-86.90795449096065, 35.47194286142307], [-86.879826273133, 35.36949973676252], [-86.9373766835167, 35.340597888956644]]], [[[-113.31802516254821, 34.62482782654785], [-113.44404002946773, 34.694433850047226], [-113.42867321387001, 34.730665066628674], [-113.28600426752895, 34.70107671724334], [-113.28050848668832, 34.62899398348205], [-113.31802516254821, 34.62482782654785]]], [[[-105.62559712265416, 34.482498133022155], [-105.78738069911088, 34.49446421788803], [-105.46466810611744, 34.671667384675274], [-105.49192395699549, 34.52396696693722], [-105.62559712265416, 34.482498133022155]]], [[[-104.63987396163546, 34.832145843270816], [-104.57114190469716, 34.79091934637914], [-104.73096240723585, 34.5656439666226], [-104.94773370746992, 34.572856858227354], [-104.76524705149858, 34.77858877374001], [-104.63987396163546, 34.832145843270816]]], [[[-113.9321084059535, 34.61801905983491], [-113.94841602832093, 34.83253624394015], [-113.88809696738606, 34.91148788589007], [-113.78952452662982, 34.656559892816205], [-113.88105879281746, 34.5682019904863], [-113.9321084059535, 34.61801905983491]]], [[[-112.84004381725504, 34.89259459888359], [-112.7491291041854, 34.85192777874608], [-112.85815066641798, 34.72787210125411], [-112.9423265858746, 34.87781997787615], [-112.88543927230091, 34.93274012615756], [-112.84004381725504, 34.89259459888359]]], [[[-113.80016778066047, 35.16885274270094], [-113.76849569509353, 35.12402465884184], [-113.81998065097375, 35.07025311159248], [-113.873159706369, 35.17018873476107], [-113.80016778066047, 35.16885274270094]]], [[[-113.19049302716421, 35.23929339903439], [-113.08328396363918, 35.19383282953774], [-113.07760152293262, 35.158982224107454], [-113.27223376224725, 35.16062464606645], [-113.19049302716421, 35.23929339903439]]], [[[-114.03457250766037, 35.147487779473316], [-114.15473847745037, 35.102523611178256], [-114.13093503183032, 35.20021131528916], [-114.00002219164885, 35.33240095874042], [-113.9266178606423, 35.24124267329019], [-114.03457250766037, 35.147487779473316]]], [[[-105.94270953140534, 35.15723623311073], [-106.44055947044701, 34.991311268726975], [-106.50282778563485, 34.99765924294624], [-106.55838641652122, 35.103569374608334], [-106.46263815677837, 35.25153932026005], [-105.96038461076783, 35.50229522733382], [-105.76165808612922, 35.451789144119594], [-105.37142569725971, 35.62880404428255], [-104.56240744364774, 35.85570593884462], [-104.48590989932134, 35.47933377910983], [-104.58970299679049, 35.384239015651325], [-104.5985600906264, 35.30016105594876], [-104.28035378002402, 35.42167416370158], [-104.02080059491726, 35.369185933502685], [-103.89753088691063, 35.40487581422219], [-104.08663568338733, 35.54751987361931], [-104.04182842890395, 35.6979372236215], [-104.26386331810957, 35.8819589412055], [-104.54096386458517, 36.28675605254781], [-104.52096127245593, 36.57594539230422], [-104.44915689121082, 36.65122633750789], [-104.30595038159946, 36.65091667463877], [-103.8449784187334, 36.34471159436025], [-103.73129497134741, 36.201441068715496], [-103.71576209497114, 35.9969930459209], [-103.5042640131012, 35.824650535698915], [-103.23288420319533, 35.728003627122774], [-102.98780212752065, 35.52394070422171], [-103.03037555142281, 35.444673913600916], [-103.33120351122963, 35.40136591620611], [-102.90335306285697, 34.943183539175415], [-102.92540954435248, 34.818659375463554], [-102.85039124154429, 34.558814280580286], [-103.10826149355411, 34.583854653527425], [-103.42474991970475, 34.86828531962598], [-103.7208502943672, 34.94675483689778], [-103.8457005242058, 35.24524750511671], [-103.95019277418784, 35.31134007270995], [-104.08734145607038, 35.26319265206295], [-104.19529585967577, 35.07018788725001], [-104.34049724780036, 34.965656110563046], [-104.57505827172683, 34.996297133110374], [-105.60805643904744, 34.863265517843075], [-105.75326507972582, 34.86009241313738], [-105.85124147023252, 34.91593580999074], [-105.94270953140534, 35.15723623311073]]], [[[-112.45155989524446, 35.55795456479553], [-112.10718201778441, 35.590853524850054], [-112.01031214299837, 35.65732954311241], [-111.86947863815809, 35.480505105174075], [-112.22269057793258, 35.173910854490416], [-112.43568788354287, 34.898422693674746], [-112.57843935130508, 34.87954622985434], [-112.65084181894407, 34.96418143365598], [-112.50326401525744, 35.34493764728986], [-112.60241681921357, 35.550219186366995], [-112.52441206641252, 35.63969927984032], [-112.45155989524446, 35.55795456479553]]], [[[-113.84666894430624, 35.422131060334024], [-113.78765120553388, 35.388942997074054], [-113.76461143272583, 35.35506199158861], [-113.84151562547423, 35.33837137378547], [-113.84666894430624, 35.422131060334024]]], [[[-89.493724385896, 33.099675823924564], [-89.54339323451802, 33.01576612816383], [-90.0733511663426, 33.24452192902186], [-89.98477690361028, 33.32421990467988], [-90.10117521944582, 33.448258157656575], [-90.28123767241874, 33.35877339104206], [-90.54938926300939, 33.4473312057174], [-90.55033184949671, 33.77967229054732], [-91.05438550117732, 33.72086444996543], [-91.56486567457615, 33.841743236383174], [-91.62465701890653, 33.92565044644855], [-91.39962917934399, 34.231355726219554], [-91.05193795173992, 34.12932362891417], [-90.95181429481126, 34.01916882776361], [-90.78110590247834, 33.94715833085173], [-90.65230487766253, 33.95790443620522], [-90.58794542579058, 34.1450986044471], [-90.6371786349286, 34.22503649158261], [-90.3558183412408, 34.482139386644974], [-90.07500282513166, 34.41474366283349], [-89.87685174333396, 34.294481668663465], [-89.70863852704015, 34.28997680357864], [-89.60104075634261, 34.61521708105837], [-89.65606690881174, 34.688773670337376], [-89.51686723837047, 34.782992538231426], [-89.48587026435388, 34.86480203192895], [-89.526484827965, 35.00478774591477], [-89.4153250202993, 35.08075703557229], [-89.13553285568928, 35.00985726781858], [-89.15521062679547, 34.840252095540315], [-88.85057560119535, 34.873901097511975], [-88.73939799405149, 34.777873766788794], [-88.57191966682647, 34.75241153788373], [-88.48547920863308, 34.650098921133136], [-88.14517810431641, 34.66283743886413], [-88.1416805038207, 34.54557614561067], [-88.25455691489277, 34.43856691806977], [-88.66776026787836, 34.34298522760641], [-89.01762640834247, 34.20397473797575], [-89.00656755581954, 33.99994814798107], [-88.96505543265584, 33.95669543082568], [-88.59984174901781, 33.93972962050261], [-88.57641310054032, 33.83707125583901], [-88.65354851487409, 33.71034056185808], [-88.88110536047856, 33.743270887069706], [-89.24235597783024, 33.67275256190933], [-89.33285113391884, 33.70462917033854], [-89.3562741899827, 33.76896738173125], [-89.65862401252679, 33.573103337057645], [-89.493724385896, 33.099675823924564]]], [[[-106.55505323397718, 33.068101285123504], [-106.65016327415329, 32.975875335436925], [-106.5935652321351, 32.83249348180215], [-106.62288140252706, 32.77120412997339], [-106.82014581334623, 32.68150123241928], [-106.95125101095795, 32.69193433173865], [-106.90148471754105, 32.56263930449189], [-106.7058334602356, 32.48326504924245], [-106.71212342055465, 32.38113674522714], [-106.96257627988852, 32.37674206990448], [-107.00979341880416, 32.269825954905464], [-107.08549823265164, 32.225214333351396], [-107.34281794339049, 32.239036768443], [-107.436820041211, 32.5639010875243], [-107.54158705418874, 32.582001553538014], [-107.5478656374211, 32.63290037465338], [-107.47962727457264, 32.68408583547902], [-107.28833449035562, 32.69903250524441], [-107.23059731454174, 32.759606011564756], [-107.25788999930863, 32.878802214622425], [-107.16755256954134, 33.1425823630303], [-106.79437825150872, 33.024750410478184], [-106.7936767976955, 33.27599743496858], [-106.66776099644656, 33.27966650277724], [-106.64956642150703, 33.42163746056455], [-106.44726202009727, 33.597911036490345], [-106.37336973079711, 33.759739349265274], [-106.06043325112913, 33.988464502996436], [-105.99376578018386, 34.26426811318553], [-105.9054187974138, 34.32089054705754], [-105.90325030481426, 34.22730892733015], [-105.70915540943167, 34.173254155169616], [-105.71293626112542, 33.99054891153549], [-105.77943320903299, 33.91564135534746], [-105.95081878947187, 33.90380167754057], [-106.0024107759334, 33.84897478345853], [-105.841111257508, 33.78536736311015], [-105.62835610735846, 33.90440767465079], [-105.56078621367547, 33.89775052137143], [-105.55314925912386, 33.81753416498764], [-105.61819229067638, 33.7387462191263], [-105.42304117157994, 33.621094983222704], [-105.4909064131199, 33.55431772757491], [-105.89114079187988, 33.63810215010352], [-105.90127754072019, 33.44462491011099], [-106.02580786927169, 33.3731410430949], [-106.06689035290498, 33.3929564419856], [-106.07167756092481, 33.59832492536512], [-106.11695954133288, 33.636860925829545], [-106.16488501107982, 33.59656964268344], [-106.21657928918637, 33.360827419382275], [-106.55505323397718, 33.068101285123504]]], [[[-103.7318611010676, 34.23151895203018], [-103.49322214307344, 34.283586602507555], [-103.23667783729604, 34.173346558970934], [-103.13514683348404, 34.05135479095941], [-102.78618286519585, 34.03881826000311], [-102.57949770774377, 33.90296369555748], [-102.35236414749417, 33.59113183182792], [-102.27654886179482, 33.564263674148094], [-101.98954015033874, 33.600643911537304], [-101.85795209705837, 33.71165805655047], [-101.70648010867633, 33.72327431790402], [-101.59634183108938, 33.62014039813895], [-101.67062818593668, 33.31684631027848], [-101.49132512190856, 33.12076435263882], [-101.66451539079662, 33.08026658570038], [-101.83216994786171, 33.172303857709764], [-102.13512262301255, 33.12233679582772], [-102.21751890956666, 33.03745948860421], [-102.20493035317799, 32.9884402234848], [-102.01997815227179, 32.84930589763709], [-102.02428685129755, 32.753479604740036], [-102.25591800454234, 32.630516339375035], [-102.54725502399377, 32.58664353072107], [-102.61685374816487, 32.25176079598487], [-102.8801359434012, 32.15068847636058], [-102.97684151896115, 32.41573096049408], [-103.1331091416731, 32.63919328559409], [-102.94224947671053, 32.89236006825811], [-102.81633731699267, 32.898666521428225], [-102.53765749210929, 32.70446661198886], [-102.43423257564942, 32.76806909775617], [-102.43955125414791, 32.90337634223955], [-102.60476360468847, 33.01672098758257], [-102.61170858260687, 33.25138735743305], [-102.78327505253708, 33.40662238927591], [-102.9598372133786, 33.43461397867975], [-103.32611399811086, 33.68922302625898], [-103.52374045398729, 34.12692255421971], [-103.6667701014484, 33.988618283270576], [-103.44621029338086, 33.50806033763802], [-103.2670846655117, 33.3262868737412], [-103.31549786711543, 33.22877086532897], [-103.48532639212594, 33.180384627499], [-103.53770110765738, 33.10309246935745], [-103.44593105513619, 32.96323331606284], [-103.42121386107199, 32.78593008043478], [-103.21043412365447, 32.63553568532575], [-103.31281005700075, 32.57500073498395], [-103.3529213325256, 32.445865412033044], [-103.20922250697518, 32.030162273902754], [-103.23558013449129, 31.970703573688613], [-103.46849014377275, 31.857710107802916], [-103.8437107863003, 31.851099168459736], [-104.00198543237414, 31.680761276793632], [-104.23665538887808, 31.698299647517732], [-104.3458631864911, 31.833861592394065], [-104.48361852755463, 31.892930412836407], [-104.69227435447074, 31.749310315517175], [-105.0132086853021, 32.15565559157292], [-105.04911167963058, 32.624079543703], [-104.97219306436271, 32.930636967347596], [-104.9297502750972, 32.99301982941281], [-104.78610499373467, 32.97769068188092], [-104.60316321255847, 33.08925387938565], [-104.4981156918992, 33.272091653878356], [-104.48283305342086, 33.48408858776601], [-104.38292536073902, 33.558851550722736], [-104.29796013443404, 33.48436986563172], [-104.16684380068246, 33.4857151327533], [-104.08673668278908, 33.26957142080915], [-104.26894660566211, 33.12106188177011], [-104.18604924736451, 32.92077265972918], [-104.2262390788754, 32.77389408199867], [-104.15623952162575, 32.73436090871549], [-103.90620547801112, 32.85236152222851], [-103.8990067041407, 33.02745216800875], [-103.96869218227167, 33.11215739467383], [-103.80155229146612, 33.44721795785731], [-103.98969264607143, 33.54599903379904], [-104.08849809994364, 33.678873657951996], [-104.03465409166594, 33.75916851108984], [-103.79077501831641, 33.82868865060024], [-104.16433550662492, 34.25944834178016], [-104.00802479908045, 34.366219709297035], [-103.7318611010676, 34.23151895203018]]], [[[-87.80102046896046, 34.17815963531099], [-87.78587887134464, 34.105087853409366], [-87.87684027005712, 34.08275673269381], [-87.98653941870569, 34.27689661986362], [-87.89163432126382, 34.277433479322696], [-87.80102046896046, 34.17815963531099]]], [[[-92.68300537579003, 34.37393550788021], [-92.72658061327103, 34.30326296668358], [-92.82402281639821, 34.278496187170006], [-92.94382691996672, 34.41592716921651], [-92.79008239757518, 34.46342171300971], [-92.68300537579003, 34.37393550788021]]], [[[-92.35695580974343, 34.3902913606947], [-92.50040328745459, 34.26152053687945], [-92.55647973190548, 34.42726506656131], [-92.13415756909401, 34.658773922017275], [-92.35695580974343, 34.3902913606947]]], [[[-114.19913774947145, 34.39923557044084], [-114.10483347385224, 34.35812800623498], [-114.11781600027928, 34.28292538065478], [-114.22784079790283, 34.25654017735609], [-114.62221068161058, 34.32557840690086], [-114.5132376065517, 34.403093855146665], [-114.4683331896079, 34.54243239834385], [-114.33759055794516, 34.4148861372782], [-114.19913774947145, 34.39923557044084]]], [[[-106.48068279247555, 34.08007120580448], [-106.4048596188173, 34.024466023997455], [-106.40347818495268, 33.96737322530102], [-106.51836297995003, 33.92361536203333], [-106.59781814914116, 34.157722305014154], [-106.49667158969322, 34.17408705372676], [-106.48068279247555, 34.08007120580448]]], [[[-105.53674204041414, 33.96869843338879], [-105.34474859755181, 34.14385256144096], [-105.17671755962101, 34.179547289132074], [-105.09728231562507, 34.28254494492913], [-105.08035115473189, 34.419764315894966], [-104.93327274778952, 34.44506477820833], [-104.82772971173317, 34.35044804561543], [-104.99611289354661, 33.98771428353623], [-105.2713854636385, 33.74004346404975], [-105.3517868465559, 33.72736356011352], [-105.43917786371209, 33.79387114737033], [-105.38879237147661, 33.96523733102989], [-105.53674204041414, 33.96869843338879]]], [[[-99.74533329208755, 34.771065246086806], [-99.62915728730691, 34.68144171930387], [-99.61495972145075, 34.513737953398234], [-99.68221660240516, 34.28991925441358], [-99.82650168441198, 34.178886098274674], [-100.11428360838944, 34.21194017725409], [-100.13604628936035, 34.37134129569975], [-100.02674455154587, 34.65039502168409], [-99.91355978443333, 34.74931316017542], [-99.74533329208755, 34.771065246086806]]], [[[-102.17035103919679, 35.38160086124763], [-101.9192111804737, 35.38781291790024], [-101.61651828445028, 35.211910891937436], [-101.36401778935229, 35.25226400385444], [-101.16269637599017, 35.21123978820343], [-100.86156937128298, 34.96870832080833], [-100.83899922457245, 34.8571205866335], [-100.8855758927476, 34.764647929114346], [-101.33937679365516, 34.76834288966533], [-101.45076873266073, 34.753343849828575], [-101.49475765906399, 34.69008051789543], [-100.89171793460903, 34.45091687740058], [-100.84545111455233, 34.321844844600975], [-100.72195400438997, 34.25009035118728], [-100.70980333394611, 34.20898681617947], [-101.1072652998994, 34.10408986094841], [-100.93065713292799, 33.90360085771744], [-100.93935326785817, 33.83882978473661], [-101.39464818341676, 33.95019735324662], [-101.55886538591007, 33.92470029850863], [-101.66238991509834, 33.8057132057729], [-101.7721331794817, 33.77477714704576], [-101.96694823223973, 33.875727888727795], [-102.04766722476946, 34.00771725207832], [-102.05244285952169, 34.20562935638851], [-101.85041708220963, 34.3539105065527], [-102.17039394308497, 34.47998562600063], [-102.1346692959528, 34.74915365407531], [-102.26658917154965, 35.14268544657853], [-102.40860068513858, 35.26537469282466], [-102.9192740085653, 35.44615855880852], [-102.8737229373626, 35.51191685538617], [-102.649249841359, 35.53665576777727], [-102.17035103919679, 35.38160086124763]]], [[[-89.2588912338231, 35.519338822878524], [-89.15602697629194, 35.27096662088075], [-89.2181952877601, 35.22536333297019], [-89.55078622824091, 35.22859582370927], [-89.82242601948703, 34.99177122309206], [-89.96404598763998, 35.00894393516731], [-90.07053178321605, 34.76409310784607], [-90.57054172326484, 34.544910354467454], [-90.62014851642132, 34.46617230732701], [-90.61129549119906, 34.364453034522796], [-90.72011082817491, 34.29022821382583], [-90.87613596943537, 34.2860084574491], [-90.93999906041832, 34.445594302951015], [-91.0898708261595, 34.49280123953359], [-91.08223584725386, 34.58553940844139], [-90.75478270895695, 34.891208459140714], [-90.3324565116134, 34.9878706221625], [-90.26997026270313, 35.17611337640488], [-90.02766958296074, 35.29687372798096], [-89.88114941551015, 35.47732001718524], [-89.7079532938972, 35.56420553731032], [-89.2588912338231, 35.519338822878524]]], [[[-114.14980522876456, 36.06625515099379], [-114.27978096400201, 36.16407340487001], [-114.07753120215388, 36.283669218545405], [-114.1217964087594, 36.085244202134035], [-114.14980522876456, 36.06625515099379]]], [[[-113.71003191718596, 36.11131383422798], [-113.6920459586305, 35.92023982605465], [-113.78288825153062, 35.85141853082109], [-113.84208221139087, 35.909796267538454], [-113.81430110780161, 36.06785445352699], [-113.71003191718596, 36.11131383422798]]], [[[-106.62895553172716, 35.9717028284904], [-106.61226710178504, 35.89201427876789], [-106.69971013093159, 35.72493938974659], [-106.68691995549128, 35.60221357816111], [-106.75104684897845, 35.585311643543825], [-106.82246778018592, 35.90162620065431], [-106.7779832819243, 35.95312325699167], [-106.62895553172716, 35.9717028284904]]], [[[-86.84526978126506, 36.763352339694926], [-86.96720941250913, 36.749747457119156], [-87.13150740235434, 36.95639745927086], [-86.73896608629214, 36.99534567334205], [-86.84526978126506, 36.763352339694926]]], [[[-87.18130222673162, 35.93623965401449], [-87.70487462683752, 35.640616008070346], [-87.8203392993465, 35.400689170783636], [-87.79359793413728, 35.26803630537958], [-87.85909914258237, 34.96359692581438], [-88.04709098016968, 34.79807694144936], [-88.24785117367992, 34.80829120752175], [-88.3884499185601, 35.07711764647334], [-88.82327420874984, 34.996512641968806], [-88.9092233617432, 35.067117823698766], [-88.79590486693485, 35.1801943477471], [-88.58143864144094, 35.27226651487609], [-88.30955329207244, 35.24433935969236], [-88.30566841384699, 35.351478518306564], [-88.1360877479875, 35.345946717412254], [-88.19460290881695, 35.598887085020614], [-88.25639928796308, 35.61945676247964], [-88.48355362456067, 35.50363728520018], [-88.94552628957574, 35.7257184806013], [-89.44779727942417, 35.74559858447308], [-88.69173591670773, 36.33878163823013], [-88.57640228683927, 36.23195155694813], [-88.36833160535127, 36.20520765282852], [-88.50769141740307, 36.09360258491011], [-88.47132216423003, 35.92467794276469], [-88.5527851334125, 35.89404278378737], [-88.54724872865286, 35.837309252360896], [-88.00788435779853, 35.80642796997219], [-87.7656051804149, 35.85704727294285], [-87.54093568107822, 36.01805266123203], [-87.30907199268034, 35.962875654687295], [-87.26852049758187, 35.993785598957885], [-87.35455041754184, 36.12011338794151], [-87.3234129119717, 36.22582804850852], [-87.13874252393957, 36.01497980502846], [-87.18130222673162, 35.93623965401449]]], [[[-98.95801025963691, 36.26762746992819], [-98.904191549251, 36.13471200438011], [-98.59587514279515, 36.087819822658425], [-98.42099289848176, 36.153265651853246], [-98.36151220082138, 36.25671606429785], [-98.29329759001966, 36.27407572655047], [-98.25113582260633, 36.214299110007936], [-98.3310683844458, 36.052021446031794], [-98.3116088722342, 35.98835253921204], [-97.99563387457326, 35.80175862215924], [-97.63757851449506, 35.80511400125614], [-97.57311243837509, 35.65028508384273], [-97.75674834309427, 35.62567262793777], [-97.8180903682821, 35.46338173163281], [-98.0754244631809, 35.36167259702564], [-98.35274291048182, 35.62899438510147], [-98.59921425262878, 35.75391869360818], [-98.68297368814449, 35.964019586209005], [-98.76391321192064, 35.96420231635162], [-98.8199314041843, 35.89484434834399], [-99.67827859322323, 36.1309629350151], [-99.71339123051948, 36.18728666689211], [-99.58223491877277, 36.33765629876608], [-99.4907026533089, 36.22036087100854], [-99.40724313263627, 36.21997655605753], [-99.16383043944, 36.54397180445369], [-99.10780159448728, 36.55765397594674], [-98.96188329856386, 36.50012031238788], [-98.95801025963691, 36.26762746992819]]], [[[-87.63319676449602, 36.380725833209446], [-87.55247604323743, 36.30321836657806], [-87.55993973951246, 36.24464664436464], [-87.7886714092772, 36.26377480006211], [-87.84240342064516, 36.31266437509225], [-87.63319676449602, 36.380725833209446]]], [[[-89.68505675267814, 36.4187388555354], [-90.46794944029519, 35.8852054036607], [-90.96541011631078, 35.62368819628778], [-91.00217318073571, 35.76537589705133], [-91.16310611473016, 35.84180817020093], [-91.1662539865791, 35.98101795758503], [-91.40065893571357, 36.021067309805744], [-91.33987693336563, 36.08022734586117], [-91.00021625538344, 36.19227488909925], [-90.89516415865677, 36.16985977310421], [-90.83398128568967, 36.01434605266721], [-90.6266837231614, 36.038842529669346], [-90.57169486269937, 36.22677077122929], [-90.72484090615919, 36.32780359850405], [-90.3901549700299, 36.43494510374245], [-90.29663087917996, 36.39512504769923], [-90.29350465619974, 36.34490128360923], [-90.36090577611735, 36.29959342549618], [-90.31919265705928, 36.27332449214106], [-90.04103323787744, 36.460245134174336], [-89.68505675267814, 36.4187388555354]]], [[[-87.91287127872472, 36.43227358318809], [-87.9560552624095, 36.346816075930626], [-88.10501143416006, 36.32022078912457], [-88.39964883234039, 36.33996271017404], [-88.45614544099767, 36.40011160385229], [-88.33086440833317, 36.46645047639901], [-88.08594254096737, 36.44351067811772], [-88.06535691261725, 36.499218183261156], [-88.16856401393247, 36.761455211285956], [-87.92207602412556, 36.88727471169827], [-87.8034010313734, 36.595915218797565], [-87.82557635948683, 36.50672810840876], [-87.91287127872472, 36.43227358318809]]], [[[-89.48585577559749, 36.78706958784235], [-89.30320601052892, 36.765414370453726], [-89.4893946008667, 36.53514832381372], [-89.99485420492753, 36.66210102311455], [-90.04583014761114, 36.74686424310788], [-90.02621857561286, 36.80024888756458], [-89.93494244935027, 36.81364919912091], [-89.90870457397672, 36.94773280598841], [-89.74052194484251, 36.989896912218065], [-89.57426827877839, 36.98625793514786], [-89.5507915783967, 36.81232618372882], [-89.48585577559749, 36.78706958784235]]], [[[-92.24514891033996, 37.33053473640548], [-92.11743715196057, 37.29641447178742], [-91.99480131092974, 36.996155999059056], [-91.7992750983164, 36.96020371547408], [-91.56150258330405, 36.83630269623978], [-91.49527931951413, 36.71123672838202], [-91.8419299457198, 36.661140716331545], [-92.12117300444558, 36.81363191630014], [-92.49667461468215, 37.27616351790498], [-92.43554710380901, 37.35225693704468], [-92.24514891033996, 37.33053473640548]]], [[[-103.81943440556196, 36.881954204597726], [-103.70722688342414, 36.914376403357444], [-103.63392922219137, 36.82163220548197], [-103.49251482133072, 36.80422598439085], [-103.5445275919052, 36.89409196685563], [-103.84157709632196, 37.05441279004865], [-103.82201568405726, 37.142834319797096], [-103.67072051620038, 37.213767950722655], [-103.40748280921063, 36.97748799887493], [-103.26393059396865, 37.056099179548966], [-103.07580151029089, 36.968511359094364], [-103.14898182526544, 37.17949116693542], [-103.06937269828518, 37.29224216305534], [-102.87833146481405, 37.13826571652279], [-102.86478771043298, 37.057999323489206], [-102.92189164449975, 36.94232942806133], [-102.8009199373622, 36.87186623024715], [-102.85439135395329, 36.820069191473664], [-103.17892890298015, 36.74446881329532], [-103.20606064229398, 36.40693524597397], [-103.39003115459337, 36.37779228835908], [-103.4495130429143, 36.44464770051321], [-103.36923698164742, 36.55038638121005], [-103.45221736610081, 36.63942182374929], [-104.09157439636077, 36.59510096790143], [-104.32436486886265, 36.75761109867195], [-104.67941425251333, 36.86544621001374], [-104.65701331017578, 37.08772077087319], [-104.39753590453049, 37.198594791941844], [-104.29779875872983, 37.32129758345784], [-104.03051366244311, 37.08060225154515], [-103.95617185357943, 36.920766001120654], [-103.81943440556196, 36.881954204597726]]], [[[-91.30092440241964, 37.256586308521776], [-91.20468002433279, 37.24454162246274], [-91.05796935010551, 37.111516786746556], [-91.03387994457246, 36.99261762724313], [-91.33598126841639, 37.048498125403], [-91.37634642234467, 37.17476655285367], [-91.47382634902975, 37.25373477467508], [-91.30092440241964, 37.256586308521776]]]]}}, {"type": "Feature", "properties": {"unit": "2.0 - 1.8 Ga juvenile arcs", "category": "Paleoproterozoic", "color": "#f4a6c0", "appearance_age": 2000}, "geometry": {"type": "MultiPolygon", "coordinates": [[[[-111.39325097812961, 30.76153606478978], [-110.56004240775232, 30.377288209265352], [-109.82804249670737, 29.988545303637462], [-110.15260724044448, 29.706680106342354], [-110.22674757807161, 29.689076465403062], [-110.62875500999341, 29.77302700047126], [-111.28176082679359, 29.746653165520076], [-111.83770992062179, 29.93592646288883], [-111.86748063302765, 30.01623239804295], [-111.69657477854864, 29.970545987487863], [-111.33662491597647, 29.98804921686443], [-111.2542231508744, 30.045659623282607], [-111.22418043889151, 30.147088822993116], [-111.05710763776277, 30.049668548402924], [-110.86396235651722, 30.206912214111266], [-110.92553808137681, 30.23778939335125], [-110.9184347271658, 30.341154920743026], [-110.96214903577427, 30.396946077012057], [-111.23242960504739, 30.216921868127837], [-111.33748789157445, 30.299641915585084], [-111.77172311367521, 30.372369074807253], [-111.80728307114208, 30.42496207065961], [-111.65740869454933, 30.54307620255988], [-111.41132536108951, 30.62643197475858], [-111.59898575184376, 30.74829681136046], [-111.69263379235677, 30.918335839145712], [-111.39325097812961, 30.76153606478978]], [[-111.2378476564896, 30.42548264670576], [-111.14005154728505, 30.40693880115926], [-111.09966287676338, 30.453681869141555], [-111.12601788929949, 30.501876995302865], [-111.24947822707308, 30.52538442828682], [-111.39844987539442, 30.44740739290789], [-111.36167948126763, 30.38219274963841], [-111.2378476564896, 30.42548264670576]]], [[[-111.94654613767256, 30.676710917665208], [-112.00601584623632, 30.66934734841345], [-112.07124938974914, 31.015882187631675], [-111.96421068518633, 30.883883248191026], [-111.77677231955467, 30.870716252707876], [-111.66879000346424, 30.75635840505165], [-111.70804463484319, 30.70234548702926], [-111.94654613767256, 30.676710917665208]]], [[[-113.93245063998425, 32.09598802038423], [-113.96812400864012, 31.990752493403782], [-114.04879656103623, 32.04029003834818], [-114.05962630785672, 32.4246158507392], [-113.84804016221216, 32.34456047306806], [-113.93245063998425, 32.09598802038423]]], [[[-113.67601589468562, 33.15796201928316], [-113.82716081786842, 32.46565400391311], [-114.06367504901922, 32.56203204504823], [-114.07644786598925, 33.33153941120219], [-113.67601589468562, 33.15796201928316]]], [[[-114.04019818974729, 33.47000495879802], [-114.08163904449168, 33.45518013323761], [-114.0799000785866, 33.62813677431881], [-113.94639295821507, 33.554639544836434], [-114.04019818974729, 33.47000495879802]]], [[[-113.35067450940419, 35.928974913818294], [-113.3647513064003, 35.83140453383651], [-113.15885691698688, 35.85143769412455], [-113.30464905416424, 35.693169059995405], [-113.25442365566914, 35.633310381996736], [-113.03298136178556, 35.68930666716076], [-112.84489285371116, 35.808185873438354], [-112.65835986268189, 35.784606555139796], [-112.54462451400273, 35.89097296236054], [-112.35918158923393, 35.90751879913445], [-112.59031981165711, 35.58974117797611], [-112.69163936376691, 35.28569506016181], [-112.864529305689, 35.23952195546021], [-112.85807037643289, 35.19927446789568], [-112.72740699551426, 35.19843897782038], [-112.84004381725504, 34.89259459888359], [-112.88543927230091, 34.93274012615756], [-112.9423265858746, 34.87781997787615], [-112.88186712363226, 34.77868509001408], [-112.93400310841162, 34.69037687921669], [-113.00660961840575, 34.71120092128813], [-113.42582420227136, 34.496808291021104], [-113.56479241397494, 34.608135774800964], [-113.66959455863636, 34.61382480060829], [-113.56091650174776, 34.55793301230135], [-113.60168441684736, 34.46671532707184], [-113.56858205840368, 34.41102344242808], [-113.39709467883132, 34.35835445679548], [-113.13020450136493, 34.35669821600546], [-113.32543280207393, 34.0581998750193], [-113.46363713273591, 34.03222307711448], [-113.56763256004777, 33.93162719598313], [-113.52363392428583, 33.866894815254355], [-113.40401701538674, 33.91921134813554], [-113.5631937628972, 33.5118537010966], [-113.65440418406281, 33.69423357478708], [-113.78429906912719, 33.67422764608713], [-113.87620550827279, 33.74189482661893], [-113.91373034557867, 34.02639678998059], [-114.02424396949634, 34.05251435167602], [-114.0247481941504, 34.16970948610718], [-113.91870497073413, 34.22176442701562], [-114.02255439005341, 34.337694871385786], [-113.89915258363037, 34.36472151242525], [-114.02727050267845, 34.409402200373954], [-114.03457250766037, 35.147487779473316], [-113.9266178606423, 35.24124267329019], [-113.95185391953213, 35.30715674585045], [-114.0276894875615, 35.32700335982524], [-114.03511232906177, 35.45012613225791], [-114.01026720321109, 35.60038032768937], [-113.9288001947459, 35.62273211273757], [-113.82728177937452, 35.559421372583984], [-113.73468603740547, 35.57031746946802], [-113.47035493146248, 35.93049093621461], [-113.35067450940419, 35.928974913818294]], [[-113.32102567504714, 35.50303227723396], [-113.39761153052751, 35.433006549422984], [-113.38481042508708, 35.386708100129646], [-113.19359138731997, 35.41904823802544], [-113.18933190901669, 35.45363441587607], [-113.32102567504714, 35.50303227723396]], [[-113.84666894430624, 35.422131060334024], [-113.84151562547423, 35.33837137378547], [-113.76461143272583, 35.35506199158861], [-113.78765120553388, 35.388942997074054], [-113.84666894430624, 35.422131060334024]], [[-113.46657325354039, 35.27925008214362], [-113.53244147101906, 35.260946592954035], [-113.42058724792956, 35.14397863026352], [-113.344577343584, 35.16617035968322], [-113.26952041190462, 35.26460164432081], [-113.46657325354039, 35.27925008214362]], [[-113.19049302716421, 35.23929339903439], [-113.27223376224725, 35.16062464606645], [-113.07760152293262, 35.158982224107454], [-113.08328396363918, 35.19383282953774], [-113.19049302716421, 35.23929339903439]], [[-113.80016778066047, 35.16885274270094], [-113.873159706369, 35.17018873476107], [-113.81998065097375, 35.07025311159248], [-113.76849569509353, 35.12402465884184], [-113.80016778066047, 35.16885274270094]], [[-113.9321084059535, 34.61801905983491], [-113.88105879281746, 34.5682019904863], [-113.78952452662982, 34.656559892816205], [-113.88809696738606, 34.91148788589007], [-113.94841602832093, 34.83253624394015], [-113.9321084059535, 34.61801905983491]], [[-113.31802516254821, 34.62482782654785], [-113.28050848668832, 34.62899398348205], [-113.28600426752895, 34.70107671724334], [-113.42867321387001, 34.730665066628674], [-113.44404002946773, 34.694433850047226], [-113.31802516254821, 34.62482782654785]], [[-113.73381046818716, 34.36654951472049], [-113.76251904054064, 34.421950736844714], [-113.8138358438639, 34.427054386491356], [-113.80877466573978, 34.344010748426], [-113.73381046818716, 34.36654951472049]], [[-113.5621288090451, 34.3016811305579], [-113.69948193509873, 34.28756998314377], [-113.73435014072682, 34.140548495465225], [-113.69205202642877, 34.076414068713966], [-113.37731618850715, 34.175600954318774], [-113.5621288090451, 34.3016811305579]]], [[[-113.81643553584065, 36.86930561824996], [-113.98608910265683, 36.67968060090194], [-114.04083032727547, 36.64026462055043], [-114.00177288693551, 37.02003496708873], [-113.86798375442312, 36.96093841420484], [-113.59139758553185, 36.933658296533466], [-113.50332020366999, 36.8420689070173], [-113.81806508264256, 36.772593330141795], [-113.81643553584065, 36.86930561824996]]], [[[-111.40896830112045, 37.49435243961639], [-111.57263838569719, 37.178013085862624], [-111.6711135735624, 37.285513906081064], [-111.47858418447312, 37.48652646807897], [-111.40896830112045, 37.49435243961639]]], [[[-113.93495570930222, 36.01961858676638], [-113.94740790674834, 35.95354175496081], [-114.07065040432204, 35.812102956078775], [-114.07844779345008, 36.06800284291987], [-113.93495570930222, 36.01961858676638]]], [[[-112.9220898946543, 45.55020725773658], [-112.06160142801278, 43.06088167333596], [-112.16460434730269, 42.98576256960875], [-112.28533284034145, 42.996831843827906], [-112.50784833738844, 42.9264392460448], [-112.57258632009493, 42.841917216546236], [-112.51501118951077, 42.73719371503811], [-113.42117024735559, 42.2216366409718], [-113.73132132549871, 42.27426100620052], [-114.67918583210616, 42.035470075088966], [-115.51893055431924, 41.98020989553396], [-116.06091144769395, 41.829603761520495], [-116.09927194163356, 42.76218239729336], [-116.17095991889416, 43.16176799108095], [-116.16685294716193, 43.849668143741766], [-116.08141775055876, 44.713081820639346], [-116.28846448823644, 45.60995977377373], [-116.5449175948424, 45.91789908265262], [-116.84244833598964, 46.10461138996575], [-117.41909648262504, 46.35809484729634], [-117.70741969795894, 46.73521078227419], [-117.74519539615014, 47.122400677729956], [-117.11231212912915, 47.09291101083755], [-117.06939260674447, 46.9268049130781], [-117.09769035532456, 46.858370375761716], [-117.05319009042812, 46.81416989286109], [-116.65345915244173, 46.91496706814977], [-116.44082714867373, 46.91401291670136], [-116.40590884611971, 46.81276877958815], [-116.54729243337307, 46.604038262124824], [-116.45018572820379, 46.50449052404788], [-115.98294407541653, 46.49227546434035], [-115.8879145448516, 46.55794607675056], [-115.81911474055036, 46.712044457331025], [-115.69997077661661, 46.75166858529853], [-115.18141056220306, 46.63353275803129], [-114.75603183463576, 46.745805433683095], [-114.37515512150323, 46.70859645243703], [-114.2606510329398, 46.64623979700808], [-114.133336342348, 46.40975694276192], [-113.91884068253687, 46.22307600355905], [-113.65821863784771, 46.180356111555085], [-113.56842874036103, 46.02113293819294], [-113.45600878821293, 45.981587149151586], [-113.16824281368177, 46.21183306321186], [-113.24935093409314, 46.345330304432615], [-113.18936797453802, 46.49002445236959], [-113.21126579900734, 46.59149946974019], [-113.42453477523291, 46.751578991148016], [-113.42347029943164, 46.797238876133214], [-113.12020520500049, 46.917606350701845], [-112.78516258235956, 46.78816105800476], [-112.24914940298456, 46.70793881337311], [-112.05668308568085, 46.616003508469824], [-112.05174148667271, 46.684794293862346], [-111.99380184951904, 46.70722642794801], [-111.51750900036276, 46.57268160170174], [-111.40779527912993, 46.52207748616855], [-111.21383985251211, 46.291301993029734], [-110.88247614742615, 46.23600094695274], [-110.93769588456702, 46.57941726460873], [-110.75361191653435, 46.66423592856915], [-110.50507224983842, 46.57603651824899], [-110.41661140312421, 46.589632005614476], [-110.30400575647768, 46.6660071726871], [-110.2860365390698, 46.744538467676044], [-110.61096274275229, 46.714537034425334], [-110.73900691763464, 46.803188729344555], [-111.00433705116613, 46.81992594357571], [-111.09712864992747, 46.71985645258098], [-111.24373944811595, 46.71294334879939], [-111.59926677978552, 46.83407775236643], [-111.88148262958255, 46.86756512241093], [-112.04216379532181, 47.05905471296126], [-108.6528260721798, 48.25646208861283], [-106.29377072726132, 49.1979468741591], [-105.57866589213835, 48.30584104295642], [-107.49855553572803, 47.609800392729234], [-108.25582610613698, 47.2444005869407], [-108.74163877193975, 47.089039488151414], [-110.89309588273697, 46.17934038270748], [-112.9220898946543, 45.55020725773658]], [[-115.67571270058383, 45.50763380262295], [-115.63526945419781, 45.33208451375007], [-115.55276138156778, 45.44542730865183], [-115.50763328632638, 45.33866934885304], [-115.5989922964447, 45.10200051424206], [-115.42405911608148, 45.08883933056632], [-115.53876943472257, 44.94186033240609], [-115.5469780352293, 44.77445408866394], [-115.48669030429339, 44.74417258271426], [-115.33172452578225, 44.86683318207432], [-115.34737813115461, 44.966743185011524], [-115.1714924119113, 45.04103193730237], [-115.09437703278218, 44.91403341375644], [-114.97437461935317, 44.85037142056389], [-114.8749878191915, 44.83321250220857], [-114.78152046084699, 44.8826625944788], [-115.0040333856315, 45.16576388106542], [-115.31698951132587, 45.21992753588061], [-115.24964718478314, 45.45183526227321], [-115.07953630643351, 45.51869552373747], [-114.89904730433041, 45.7560464629831], [-114.92174815189463, 45.88012099753028], [-115.16016390482396, 46.01717552225855], [-115.28153283576886, 46.19331220276652], [-115.55989583746957, 46.2595087602266], [-115.6189990021505, 46.25417931681985], [-115.60270815180661, 46.11557826914836], [-115.64892282419015, 45.98877820902901], [-115.77389718925136, 45.86619229569548], [-115.8398605476158, 46.31840954501889], [-115.87567068710484, 46.32333268935196], [-116.00689963281762, 46.181795855921465], [-116.0476484999082, 45.998093970705966], [-116.01786599145875, 45.78202496618366], [-115.88786743791935, 45.56284297536739], [-115.67571270058383, 45.50763380262295]], [[-113.30374317447364, 45.518842778498104], [-113.32737600732167, 45.417757177600784], [-113.25065378270331, 45.313660883725845], [-113.27630394626169, 45.2443207459325], [-113.66797181834184, 45.37674367114756], [-113.96977117227657, 45.38981309283939], [-113.97291687067299, 45.240780520975676], [-114.14239448869544, 45.34754886937943], [-114.23091612745097, 45.33860939206518], [-114.22481494811018, 45.14958750989041], [-114.32554047356884, 45.11386413821884], [-114.39190479159195, 45.164790883472804], [-114.43746766107702, 45.30984300816979], [-114.7181489766671, 45.39672592333386], [-114.87942803716903, 45.26148427244451], [-114.85344909185076, 45.18590732266275], [-114.52470192604339, 45.04063656934945], [-114.66475239961387, 45.02184863870279], [-114.9044874112911, 45.092996132037726], [-114.77776111321842, 44.96122377124299], [-114.63356677111747, 44.90819599468973], [-114.36674823617147, 44.94053273919084], [-114.32111377674538, 44.82408689491143], [-114.26591075958623, 44.80257061515489], [-113.88197254046528, 44.91944138169562], [-113.60802475631517, 44.77020030146367], [-113.39398347144972, 44.753701584336234], [-113.30452018961955, 44.803207847227654], [-113.29619764544327, 44.918480628417534], [-113.15779227450341, 45.15311598011157], [-113.17497473321954, 45.35687265525146], [-112.93781766071204, 45.59941209997415], [-112.95913840836295, 45.82909045051343], [-113.04348283119604, 45.88108261973008], [-113.11649289461015, 45.86457070234541], [-113.12624205495803, 45.77536912556028], [-113.30374317447364, 45.518842778498104]]], [[[-84.487352031721, 45.66198505465002], [-84.21839715074313, 45.6366786434942], [-84.1027983399528, 45.499776934300456], [-83.91411171553975, 45.48624264137326], [-83.79248574727437, 45.41389368535909], [-84.95943227471655, 44.6481357624318], [-84.70072717706981, 45.418423420155236], [-84.67077547741559, 45.74600740367978], [-84.487352031721, 45.66198505465002]]], [[[-85.53637416394086, 45.1730697689971], [-85.61521569360033, 45.1293113429398], [-85.56923360130031, 45.042698661368895], [-85.64821247639335, 44.97428583911872], [-85.60111915987686, 44.98693152449831], [-85.60718023448767, 44.85325192943644], [-85.45573293464756, 44.870886658734726], [-85.45848600127786, 44.71441080918747], [-85.64090593264018, 44.769619578639364], [-85.8892304185961, 44.71633346461877], [-85.89938371215796, 44.839723681841626], [-86.08093537899151, 44.867154316108355], [-85.9371662207748, 44.96895656239171], [-85.80903896757444, 44.94963901069241], [-85.62158623267004, 45.18598630054644], [-85.54359155099222, 45.21148757350694], [-85.53637416394086, 45.1730697689971]]], [[[-86.10618624225366, 46.01450354880298], [-85.97878253879102, 45.92386219645267], [-86.29357446402857, 45.95065023305866], [-86.38006659962024, 45.814637354032435], [-86.53120096945973, 45.75604234619259], [-86.68035053413371, 45.6082449189354], [-86.72629877218273, 45.670768502948306], [-86.61223685212225, 45.866051412006605], [-86.78299126335097, 45.84482990032346], [-86.97800889596567, 45.694635279164785], [-87.06392207861954, 45.763336387246675], [-87.63479706589081, 45.02401409539033], [-87.81981121121471, 44.928042852494634], [-88.03215583764096, 44.61370815935111], [-87.99987916442483, 44.54165206587263], [-87.83738628642072, 44.62242853909124], [-87.39996144571823, 44.94366390034181], [-87.078145655532, 45.2788389573567], [-87.089428849905, 45.11606104767615], [-87.47595534860501, 44.53687686864272], [-88.62548211917228, 44.38563929581213], [-88.45447805732455, 44.687877916388885], [-88.28946652794248, 44.78655929480307], [-88.12105091143277, 45.03757385239536], [-88.11857298009274, 45.229532560869394], [-88.29337732098799, 45.41527756050351], [-88.72840361486455, 45.41208964704599], [-88.92243133503116, 45.33623516602815], [-89.06572449833422, 45.33781423712039], [-89.3358067238567, 44.91725289400184], [-89.43616259151611, 44.89362483819533], [-89.3956737031059, 44.8299023982982], [-89.54322020509687, 44.61016999763834], [-90.46542059277841, 44.84049026806195], [-91.0109580749006, 45.1206962643547], [-91.77728745275047, 45.149951093757466], [-92.40895143533817, 45.26610373387994], [-92.01283640669351, 45.745185872275414], [-91.88063697806629, 45.72774418401934], [-90.9069334748261, 45.93086403510954], [-89.34037086082353, 46.02268867965218], [-88.32926777644398, 45.95166367172908], [-86.57093424297508, 46.37732308469651], [-86.10618624225366, 46.01450354880298]]], [[[-92.71472950397367, 44.225529496026915], [-93.07548752584997, 44.22478718323365], [-93.09107770020822, 44.36597185568485], [-93.04831023856308, 44.475401230318], [-92.71472950397367, 44.225529496026915]]], [[[-94.40291836700047, 45.416214252558255], [-94.40878900255422, 45.25466615868246], [-94.26294370159526, 45.25274489343617], [-94.14513274459657, 45.10091427775524], [-93.97572057968031, 45.23079012533522], [-93.70697176889743, 45.04373292461185], [-93.67846696548924, 45.006583497337196], [-93.81794236545477, 44.75332381768992], [-93.7366058762613, 44.52092520046179], [-93.76636305829511, 44.487332006558546], [-93.41759984174604, 44.17120242034201], [-94.1079709646445, 43.81389166471052], [-93.94591297483677, 44.033966156855094], [-93.91161044098435, 44.310580219914144], [-93.96522732790119, 44.44114414358805], [-94.18867748040925, 44.632822006746764], [-94.518455699054, 44.80410555882889], [-94.68801084041576, 45.038249897818936], [-94.61029222040884, 45.32979318993745], [-94.37602151713533, 45.53404321796892], [-94.40291836700047, 45.416214252558255]]], [[[-84.93414621560318, 45.42237588142535], [-85.04290971621468, 45.436844939025946], [-85.11807379579797, 45.539570874172696], [-85.05356758446199, 45.47637913068229], [-84.93414621560318, 45.42237588142535]]], [[[-85.53280275967468, 45.585504198996254], [-85.649901889479, 45.61903927969934], [-85.53516699914604, 45.76570139215753], [-85.48608193964944, 45.63380894508018], [-85.53280275967468, 45.585504198996254]]], [[[-83.77022242353829, 46.217865272504135], [-83.79799637833594, 46.1135954348487], [-83.57746674890372, 46.088977531327785], [-83.46505060703542, 45.95216000608172], [-84.08409342885658, 45.96682291347731], [-84.1713903643045, 46.181237869943494], [-84.14751376953666, 46.313272163383], [-83.82404679503954, 46.273420660915235], [-83.77022242353829, 46.217865272504135]]], [[[-92.87255877656749, 45.92860852181395], [-93.07993233420063, 45.501845791919145], [-93.53647871119493, 45.57120318600916], [-93.26516930318584, 45.980165518773454], [-92.87255877656749, 45.92860852181395]]], [[[-115.59594925107587, 45.75806112003055], [-115.58952049412405, 45.714808058707426], [-115.70257655018261, 45.763337603860705], [-115.66721420791663, 45.81940984397951], [-115.59594925107587, 45.75806112003055]]], [[[-112.30866555899252, 36.036655155294795], [-112.53772277640282, 36.018904301729705], [-112.6000683558873, 36.145591400135025], [-112.70170757217838, 36.17798412338852], [-112.67491181058442, 36.24456398619857], [-112.54848917279502, 36.29888402155764], [-112.60306690587618, 36.36949155107109], [-112.82154055570959, 36.30679469539957], [-113.04855965411959, 36.36500253006834], [-113.14646858681849, 36.26240309410079], [-113.26723895881128, 36.239490448539755], [-113.65226939413179, 36.39048011343959], [-113.62486881239359, 36.442879743249684], [-113.3787808170043, 36.41099026330878], [-113.34933051286404, 36.562253978600346], [-113.08835602486268, 36.66646528096455], [-112.84695615273526, 37.283202141234106], [-113.0048127563876, 37.60245017114207], [-113.09604231379824, 37.55621033087631], [-113.29858278551416, 37.19273871947336], [-113.61581549605631, 37.10091770350948], [-113.94187454693218, 37.22135880736951], [-113.91135475788917, 37.30212167350716], [-113.1543072576902, 37.77831543975646], [-111.75654198893001, 38.33296187307268], [-111.44687864224395, 38.41162230702425], [-111.5137956473006, 38.12243507090916], [-111.47061986625837, 37.895011218677645], [-111.71205842566376, 37.6108603589517], [-111.78857680280612, 37.363030068424266], [-111.9336982199181, 37.16930039448312], [-111.74122524177615, 36.92957295309295], [-112.30866555899252, 36.036655155294795]], [[-112.66041716795904, 36.47697125991906], [-112.46029359729764, 36.49940366629249], [-112.4973130647702, 36.69342635953251], [-112.46623471443145, 36.94061622419719], [-112.58479213323017, 37.08596350255911], [-112.65297652359688, 37.075189412651476], [-112.88030856310837, 36.80566375450951], [-112.69442044055448, 36.755482175820596], [-112.77598489732368, 36.524917572322195], [-112.66041716795904, 36.47697125991906]], [[-111.91849758083251, 37.596844893395954], [-111.88459553946389, 37.82506163492079], [-111.90972659827418, 37.91231160088956], [-111.95526017466945, 37.924037194016535], [-112.25147632286763, 37.2180167961191], [-112.24102627724994, 37.134530291588774], [-112.04113449546506, 37.285675874964625], [-111.91849758083251, 37.596844893395954]]], [[[-111.1398656299706, 38.1834923622], [-111.07062085615857, 38.16552345204294], [-111.00465387631849, 38.29153903382078], [-110.83100762564878, 38.35184346880177], [-111.2399535114428, 37.86076363762411], [-111.37368350192325, 37.56226818336482], [-111.43684027001609, 37.588977053676125], [-111.50014547629098, 37.677810382353584], [-111.31147130490479, 37.76516178152075], [-111.23060292989418, 37.96483930122468], [-111.3018644760702, 38.289160641735194], [-111.20523835100634, 38.31003172581407], [-111.1398656299706, 38.1834923622]]], [[[-110.69275720256394, 38.536244329482415], [-110.81088011131912, 38.41477513258453], [-110.98488044998959, 38.43448629897229], [-110.8808795457646, 38.54602601921818], [-110.69275720256394, 38.536244329482415]]], [[[-116.32452274458707, 50.501176397081785], [-116.21391305062136, 50.518054923124396], [-116.35632091160973, 50.4606316975315], [-116.23141762514538, 50.338155259641795], [-116.36535241842456, 50.40607401444603], [-116.44334192714443, 50.61187346649603], [-116.32452274458707, 50.501176397081785]]], [[[-64.6727560536195, 60.388973732557545], [-64.71249137866648, 60.16147176778753], [-64.64906813003935, 59.83953888004794], [-64.41720328157882, 59.201133144056314], [-64.16775808204822, 58.9079105697565], [-63.77766976758164, 58.214535019296946], [-63.5861866752758, 57.9679217794921], [-62.93946163621225, 56.66799583570489], [-62.897061625022964, 56.4452995331662], [-62.657502887621646, 55.882156807972294], [-62.29528225004778, 54.637568160422], [-62.38726009366196, 54.51057016478756], [-63.2315108153466, 54.380883709227], [-63.413742362496926, 55.23131338318949], [-63.759056958464576, 55.95445041290128], [-63.78370706281304, 56.138601787577194], [-63.991005625568036, 56.509616799044274], [-64.21575127486037, 57.233604958847096], [-64.62893703021379, 58.028659773583485], [-64.8450996388646, 58.300786453225534], [-65.34163164988995, 58.77610621920373], [-65.62824898272659, 58.98071333719956], [-65.82399319080714, 59.046048848334706], [-65.78269958971903, 59.08377740335454], [-65.81870222126925, 59.27651362461428], [-65.67106330596303, 59.270619097548], [-65.55062386840147, 59.58454594485915], [-65.62034104827912, 59.74611196908746], [-65.51664485918893, 59.846547527513046], [-65.37680705863433, 59.853720292140366], [-65.3253598555432, 59.91201705261273], [-65.25972227963089, 60.070810173825414], [-64.98181562719314, 60.36212599457496], [-64.99062991160072, 60.49019304418778], [-64.77634973157049, 60.492504175319446], [-64.6727560536195, 60.388973732557545]]], [[[-96.0291511242142, 58.105141117268765], [-95.62954032326611, 58.05887652193463], [-94.67082819772894, 58.05055267540703], [-93.852596139433, 58.092777512632125], [-93.15932805858235, 58.028979149604005], [-92.89158576086759, 57.97600086948064], [-92.62457133716548, 57.73207477158477], [-92.63366726287556, 57.625304772810296], [-93.09322602033684, 57.511704453506], [-95.74589294757, 57.279099235569134], [-96.14867503046383, 57.18352579880447], [-96.57483235332896, 56.94333110370165], [-96.82603626467682, 56.8967992224539], [-97.04823608601298, 56.90224940674243], [-98.15819784794348, 57.12947214342258], [-98.98266379925735, 57.20307321498014], [-99.742400273295, 57.054177210464836], [-100.99118770800929, 57.11251157792373], [-101.63837923151587, 57.02379980830827], [-102.02288751315805, 57.151039435233116], [-102.19383902528337, 57.148165769755046], [-102.57393978691965, 57.0479215122174], [-102.64328162752881, 56.955247332522305], [-102.89210009227398, 56.91799918613604], [-103.88251222880874, 56.393669681914574], [-104.36358554720832, 56.261191759988634], [-104.73338591370965, 55.866361267813424], [-105.1718719597356, 55.71590202091174], [-104.74310604041759, 56.06116515682385], [-104.24422028291725, 56.667181864887894], [-104.03186651616504, 56.792927845741346], [-103.45383587739411, 56.889385398784924], [-102.92114205801518, 57.07244094813191], [-102.80287015880134, 57.15421891600092], [-102.66510219078451, 57.4057267553704], [-102.44054883043898, 57.647462834172195], [-101.81303429370516, 57.945964830142266], [-101.19153508620599, 58.09443874174567], [-100.57366194964823, 58.12129605905006], [-98.79433146436347, 58.05478996853952], [-98.04890247209569, 58.24880395479645], [-97.79108726991578, 58.261544850664976], [-97.40139939617482, 58.16950685715281], [-96.0291511242142, 58.105141117268765]]], [[[-112.45744257601125, 52.26441830068104], [-113.09592177528788, 51.664559630203854], [-113.73085164204012, 51.21428956345035], [-114.66828396373086, 50.74939619094415], [-115.83828804293354, 50.02728901329037], [-115.92718728677563, 50.10996991286825], [-115.93002867935796, 50.24684798288474], [-115.88274824496779, 50.305382087374475], [-116.09486288153741, 50.59547814540801], [-116.14025834607463, 50.54739999962249], [-116.28160152716153, 50.63027041016994], [-116.2881055817615, 50.582744704259724], [-116.50718463513716, 50.731584015642696], [-116.16850545957338, 51.32301145355832], [-115.74912367672323, 51.00514143365684], [-115.8492031868285, 51.166749994036714], [-115.92484937703932, 51.204255240429646], [-115.85756658865135, 51.21265366334256], [-115.84043695916282, 51.28367728153131], [-115.93777078459333, 51.249522842410315], [-116.00797004510528, 51.336792114901336], [-115.96450758744562, 51.40369846701754], [-116.04407616577565, 51.45925267003658], [-116.00958896339648, 51.380707294934], [-116.04723191001852, 51.37640033960785], [-116.0796352424754, 51.47266130004724], [-115.63421906488563, 51.969470265309795], [-114.7262362272005, 52.851675142960936], [-113.76932748962959, 53.51055776610422], [-113.60080102556536, 53.911253261886124], [-113.4490577079256, 54.12514075074939], [-113.31023879525355, 54.28969083153305], [-113.0552066943816, 54.393676661091476], [-113.6555352647683, 54.800087707856534], [-114.01773771087778, 55.14834955189706], [-114.6496679943051, 56.04693267036714], [-115.01928399389581, 57.02571237733426], [-115.17828165182067, 57.66956227143355], [-115.17664206456803, 58.16462701776888], [-114.73892358392666, 59.30920203284056], [-114.4211763332301, 59.66528374272238], [-114.11189828967056, 59.916702447422395], [-113.33024422987054, 60.2644904562102], [-112.60112773884516, 60.96830653856454], [-112.36049218504591, 61.267505353241575], [-111.74041636123334, 61.80383242940869], [-111.63652615984599, 62.01827507417449], [-109.92251206005793, 62.53326595974213], [-107.77109949705147, 63.066251385682854], [-107.37042823543123, 63.428228066131624], [-106.99057349438677, 63.538495700307465], [-106.84799571965324, 63.67292536558804], [-106.38746280568836, 64.38084537199076], [-106.05314449633164, 64.68886447502325], [-105.84357100494704, 65.07235329805057], [-105.93455617310997, 65.23207207309858], [-105.93835432040568, 65.42522880046586], [-106.17336477780549, 65.55580815580223], [-106.31201155926979, 65.94355232591793], [-105.58090989637716, 66.61322846915769], [-105.20336728320886, 67.04913714355803], [-104.66310240933034, 67.43198521665778], [-104.48863985698317, 67.65488809254956], [-104.416589785928, 67.82987806334341], [-104.22806257089057, 68.02810630497444], [-103.84437982409108, 68.02382672551414], [-103.67375777094672, 68.08762773516024], [-103.50552979287126, 68.06355273652797], [-103.52729181042012, 68.12294371686392], [-103.41598873757704, 68.16589173685847], [-103.31139981188184, 68.10416071893786], [-103.422009813044, 68.10396272435032], [-103.348425752152, 68.0879967154662], [-103.3784228356559, 68.05593872934237], [-103.34142383734086, 68.01067772108819], [-103.00673178806034, 67.90636774436369], [-102.9351278099637, 67.92454773022763], [-102.89942981155384, 67.8891296387607], [-103.41159841189346, 67.50428144340549], [-103.61344158379741, 67.0160152620623], [-103.87799152915971, 66.7725917468647], [-104.14195291129133, 66.64350893688396], [-103.94421406036575, 66.91476667541788], [-103.89882977195661, 67.08796209431412], [-104.10621405363261, 66.92212375677362], [-104.31904260189437, 66.5559050970207], [-104.46316928074258, 66.19267489003659], [-104.8146660403155, 65.78752558838993], [-105.12204368596569, 65.17097893587467], [-104.85015723598545, 64.72764499801119], [-104.89417357064796, 64.55614071972654], [-105.20459845597702, 64.18922334203987], [-105.44091804729376, 63.81781107805255], [-105.47954453339649, 63.64298044315444], [-106.00269676081884, 63.50973639831051], [-106.1651176160403, 63.33607008163443], [-106.62597879120057, 63.03527664158468], [-108.35917307925278, 62.208352138143], [-108.71571241121786, 62.11453941941995], [-110.06977884996375, 62.03966284452395], [-110.5383987248818, 61.92041188216761], [-110.66234865666148, 61.76690631880739], [-110.88312940808298, 61.143811666885746], [-111.6664647421374, 60.38133157138411], [-111.73044469098794, 60.05752355915894], [-111.53806858379542, 59.648761511177824], [-111.58931959281388, 59.320269229649234], [-111.32568282734438, 58.990064373615404], [-111.20313717927276, 58.58138469363909], [-111.2575138776938, 58.32490245356012], [-111.56963430709465, 57.90232995658179], [-111.55134654288481, 57.24841174329016], [-111.3942890176993, 56.426403699831454], [-111.25515978696372, 56.085038035374374], [-110.80257365775911, 55.446881451144066], [-109.57511724225695, 55.84961249653088], [-109.70062302193114, 55.675081316268866], [-109.88276530590888, 55.03441848845514], [-110.25397555215294, 54.64162059050633], [-110.7106909326118, 53.91965111840637], [-111.02916455857302, 53.521600433436184], [-111.29555080594412, 53.25278366948964], [-111.79450783698282, 52.87651792992107], [-112.0430270014813, 52.572656345154066], [-112.45744257601125, 52.26441830068104]]], [[[-121.68224855284512, 56.40205504060045], [-122.64113192078267, 55.40349106234769], [-122.82594536162358, 55.11628607714129], [-122.93964568169685, 55.23139920033417], [-123.11149754179988, 55.26060993756131], [-123.17502891088965, 55.33215201633314], [-123.27855945918176, 55.720477443107825], [-123.56696187950412, 56.103630715887476], [-122.63599549822052, 56.466600402074796], [-122.82300035615894, 56.81126495737097], [-122.67059143190315, 56.87165618365428], [-123.25086893919, 57.99752483804835], [-123.18966892856997, 58.2575971516073], [-123.06843229181129, 58.337327662157456], [-122.82721293361209, 58.64126090496152], [-122.72489443552278, 59.20131783509207], [-122.39764819839988, 59.44482934453266], [-122.22239323174178, 59.678101299713376], [-122.23262774190357, 59.767084076325936], [-122.00063968743875, 60.23384466643323], [-121.92082696667325, 60.829181996950894], [-122.07238039855491, 61.078026165755915], [-122.08840995529538, 61.19662984241908], [-121.96234599421969, 61.49326284204249], [-122.10610756991422, 61.634817022563794], [-122.25200910223278, 61.664600480420255], [-122.3287558750261, 61.65345539779662], [-122.77188313661644, 61.34491982119623], [-123.09370186715697, 61.307782311251394], [-123.26340203856388, 61.37879268061002], [-123.33794685454393, 61.548416788781644], [-122.97385089207373, 61.7255389271844], [-122.95970867002275, 61.909000733119335], [-122.71099363760501, 62.06432347748305], [-122.84779413510729, 62.433050021390585], [-122.79777991725219, 62.54546708230329], [-122.89361900602354, 62.891395760079085], [-122.79515643582047, 63.1139645596443], [-122.84329938560758, 63.29123567790723], [-123.13624208396296, 63.67409690687668], [-123.27764008692112, 64.04872782188497], [-123.52387326217429, 64.47597128538571], [-123.76929649865161, 64.62912116391308], [-124.18238596497754, 64.69153877761188], [-123.94469143642607, 64.4839274297418], [-123.63839249302254, 64.35187710359644], [-123.22195998274799, 63.353022037303994], [-123.26231925121715, 62.87850390362916], [-123.37703292219415, 62.744067620911096], [-123.5167944020287, 62.67235262150051], [-123.5830790016746, 62.76678415360398], [-123.62596963566152, 62.56502552509905], [-123.72595504422404, 62.500048702496606], [-123.77099693683726, 62.63705767416467], [-123.54933067487545, 62.858603204759945], [-123.45181653749309, 63.03928405700547], [-123.58778659350834, 63.4182599732453], [-123.84235638369273, 63.6397968313148], [-123.92206969742469, 63.77544746033417], [-123.99811544941385, 64.22398535424031], [-124.07996220678159, 64.3432521799431], [-124.88818741769113, 64.50587325877382], [-125.03986910613399, 64.63901759339177], [-125.05124283672224, 64.79208059662477], [-124.92054717924819, 65.06786626308336], [-124.93656646703651, 65.27442554996952], [-125.33250317148168, 65.48667671594656], [-125.77099367728219, 65.61593385319361], [-126.31683151256378, 65.68912480728311], [-126.3669291152105, 66.51524785679473], [-125.33087068001811, 66.40395506866223], [-124.44661337786933, 66.45835363903576], [-124.15197691541955, 66.335628774305], [-124.32159171711046, 66.34299260409325], [-124.45866602660627, 66.25532357691122], [-124.8191740033027, 66.28737870431092], [-125.0554996781655, 66.23777451970359], [-125.09078442099015, 66.18510210409028], [-125.06605000027932, 66.11637647762805], [-124.89122919898399, 65.98292352777065], [-124.49780221098916, 66.16918893365144], [-123.95400440365768, 66.11966209516622], [-123.44202239093613, 66.16249380170007], [-123.04817899902325, 66.13659466470845], [-122.9564753223074, 66.15067753389384], [-123.00912460326545, 66.24414431999949], [-122.69463645060807, 66.28082926763574], [-121.811133346837, 66.22554184374381], [-121.26334255378055, 66.05977106770372], [-121.37883545798411, 65.97820535612203], [-121.72417475491045, 65.92953221884022], [-122.3602288160737, 66.01961121524248], [-122.66645454269698, 66.01139584646816], [-122.6897755555685, 65.98111094211647], [-122.64948211877928, 65.95271266862265], [-122.24576383160218, 65.84609615652585], [-122.20882324715662, 65.77116097667158], [-122.87799717196557, 65.5222771604022], [-122.8969339253062, 65.46272088689659], [-122.8119620175138, 65.3550157025008], [-122.88841711868344, 65.28256585937808], [-123.38347331308708, 65.18296456182105], [-123.11752970523749, 65.05975751729336], [-122.32298892417269, 65.01778405623432], [-122.08576316266021, 64.94808000990602], [-122.01185363464431, 64.97561104625407], [-121.93496750060358, 64.82478424505354], [-121.92218191219509, 64.58029715573726], [-121.48627422525128, 64.05846070347572], [-120.80832214504055, 63.37250759779527], [-121.17899133955117, 63.2627298963048], [-121.7143907759714, 63.34847566220206], [-121.48820352510911, 62.93234281885429], [-121.6139445608073, 62.784462284782464], [-121.89007752036154, 62.65026343092038], [-121.99966690172849, 62.50231291607795], [-122.00493034158161, 62.36751746678412], [-121.9298087830645, 62.28669870170525], [-121.3807533060189, 62.11555232527603], [-121.26271525039932, 62.019409671757856], [-121.03834176023288, 61.61333992369148], [-120.79951173334544, 61.393574902480644], [-120.72558931960947, 61.22610040554404], [-120.89925411601645, 60.7529935065219], [-120.81109131930367, 60.562045428948366], [-121.23671638874598, 59.630003994286625], [-121.42131490889238, 59.352933050908334], [-121.59558794500008, 58.779413849766584], [-121.3211396603397, 58.23687934529106], [-121.1539936390124, 58.005284124990474], [-121.00863358218743, 57.50673145008743], [-121.10754731111705, 57.47011356074727], [-120.94075191501287, 57.156490121711066], [-121.90278089908819, 56.7431170251314], [-121.68224855284512, 56.40205504060045]]], [[[-120.77313959434754, 53.36812471317958], [-120.9896878178084, 53.32994540477514], [-121.16165429195492, 53.42973363450061], [-121.24593075625393, 53.5363700883981], [-121.24062267949877, 53.83529015453583], [-121.32785595399028, 54.42195156501117], [-121.34529573097096, 54.76010791506484], [-121.2644317000262, 55.24472925324282], [-121.35187223546097, 55.76010735770179], [-121.33777054048002, 56.264053185910306], [-121.09244958252023, 57.004663608757234], [-120.94075191501287, 57.156490121711066], [-119.06534682605002, 58.437593967943236], [-117.7984444434603, 59.19725296152761], [-118.48447756573691, 60.09787624827493], [-117.78245962663182, 60.35879686237958], [-117.96053936670249, 60.63673020443734], [-116.9112508313523, 60.96855651713139], [-117.77246688318046, 62.00734450111362], [-118.17820574277891, 62.611067880512216], [-118.4873316434419, 63.271245942981636], [-118.61262787487934, 63.663721865378015], [-118.66288051202471, 64.13238558114902], [-118.59414894440006, 65.12777929380238], [-118.37867119012628, 65.68681380855953], [-117.97503684566031, 65.72401863001782], [-117.954224299046, 65.77809198407707], [-118.23258880031688, 65.88897916944147], [-117.5523829602318, 66.43668606934484], [-117.66114903132927, 66.46818203259146], [-117.9566257875686, 66.4259874035747], [-117.9292394823493, 66.46037513825054], [-117.67800967749679, 66.6587384349926], [-117.5214676157691, 66.68630657075343], [-117.66165524067628, 66.9674098409748], [-117.95767969834517, 67.26615673534879], [-118.63280460827927, 67.4688950140756], [-119.27517455500798, 67.577906931876], [-120.14283697151392, 67.60283599166534], [-121.32683944031062, 67.48828367896307], [-122.55787060113724, 67.45951094667217], [-123.12335090925973, 67.50801836144241], [-123.17489794822764, 67.46712304328142], [-123.2142534863192, 67.51300831515205], [-123.15935369136965, 67.65960347404679], [-123.15904899293709, 67.95234225842984], [-122.3010642188108, 68.2682993180036], [-122.22808942175492, 68.33218115092377], [-119.21585574675163, 68.17177755581383], [-117.82151412606814, 68.04278179859568], [-116.77891141047112, 67.89174303684024], [-116.32369521699167, 67.72181064225218], [-116.14277288429611, 67.59011643768203], [-115.94546399675073, 67.21000448144247], [-115.92504313266146, 66.9579303768882], [-116.20075581287803, 66.17475060864639], [-116.67007963173513, 65.28064979200045], [-116.737488290989, 64.91007877112284], [-116.703294090911, 64.11791911664538], [-116.46834144504582, 63.55857655540125], [-116.46968998603965, 63.38783583190591], [-116.11573702204632, 63.030438255594234], [-116.17981233898657, 62.88582690031174], [-115.88788760207133, 62.66098113812843], [-115.83823930221311, 62.49824450240559], [-115.31375976154548, 61.81476738138012], [-115.56885975872777, 61.70631345214543], [-115.80207629007744, 61.493335979603586], [-115.85229287540014, 61.443685680143105], [-115.76687496549636, 61.33743811191765], [-115.8543072067223, 61.28697512808086], [-116.56866761330858, 61.334134719704615], [-116.74869637722631, 61.27493805384065], [-116.5591166457679, 61.2186635698873], [-116.50817959224881, 61.152154098938574], [-116.83170411675303, 61.13666467607427], [-116.71592027990557, 61.034741020969236], [-116.44039136415746, 61.01123941962928], [-116.23646124276517, 60.90706275799222], [-116.71292997367394, 60.74186765657953], [-116.05026068078284, 60.13846800539661], [-117.21845340436845, 59.500186985020036], [-117.26278567444258, 59.311875424740414], [-117.41870802414991, 59.156760144362906], [-118.05236314711293, 58.88471740717181], [-119.99961958569052, 57.34541251261979], [-120.08616519350447, 57.16006307127826], [-119.95804670587404, 56.6506507741388], [-119.68012401473324, 56.0755631834101], [-119.60487869939573, 55.7473373581798], [-119.64609302417553, 55.4546757607457], [-119.75831998401048, 55.052882807116156], [-120.33643098266097, 53.89586764390055], [-120.77313959434754, 53.36812471317958]]], [[[-64.88337273184955, 61.66852870804263], [-64.83546948709036, 61.62031939250554], [-64.86248867772674, 61.48663185310464], [-65.05952376166627, 61.37815345514881], [-65.57934200877308, 61.599262243709525], [-65.62263185717794, 61.659842368384496], [-65.23037512755589, 61.727825380149454], [-65.41278677665144, 61.913928255452156], [-65.41472206423067, 61.95196748857062], [-65.30726580531177, 61.97437784107292], [-65.19560191075848, 61.95042374750381], [-64.88337273184955, 61.66852870804263]]], [[[-70.63313735390986, 62.785877670663865], [-70.41342242675599, 62.74493205360072], [-70.43825823431493, 62.72336448368956], [-70.366513832885, 62.69214622448569], [-70.4057405221616, 62.658376051338806], [-70.29704231055898, 62.664140712464174], [-70.20440468507, 62.585075543309316], [-70.39983685347319, 62.5273510736906], [-70.68586511028501, 62.59544299837478], [-70.63189300467086, 62.556526954119924], [-70.73278237945027, 62.55878239580274], [-70.71185179055685, 62.586295760525296], [-70.80597101045541, 62.614025281426734], [-70.86334191882149, 62.72730709699598], [-70.8311932824846, 62.72780759973526], [-70.90420997990714, 62.74955446021853], [-70.76426339084101, 62.775501416564076], [-71.04188151659457, 62.813312971911394], [-71.23356852836515, 62.89188495347153], [-70.63313735390986, 62.785877670663865]]], [[[-64.65582035863598, 62.49106154682436], [-64.52850619673612, 62.476798707417935], [-64.63562496415553, 62.448057567600856], [-64.65106362841925, 62.39223108790489], [-64.77628410920181, 62.37761097210393], [-65.00863181665007, 62.41587952798533], [-65.07595498685768, 62.47832924426473], [-64.94248424279046, 62.5034311178596], [-64.97431529816731, 62.52674013172729], [-64.94620616260947, 62.56439285515238], [-64.87434644652348, 62.5678233905298], [-64.8040968252875, 62.51679474387529], [-64.82025895519665, 62.54373843156094], [-64.68732937102985, 62.569214764591486], [-64.5158470457701, 62.504261354938144], [-64.65582035863598, 62.49106154682436]]], [[[-65.2561573213034, 62.5528927257244], [-65.08923331796551, 62.615406513021895], [-64.95838508213006, 62.59254185788315], [-65.09875740022102, 62.541854013997295], [-65.2561573213034, 62.5528927257244]]], [[[-65.08417898090816, 62.72406730542358], [-65.11116970986544, 62.70122449841205], [-65.04231810797455, 62.64620068413606], [-65.29623116638416, 62.56365226483705], [-65.47124767637621, 62.70281726091095], [-65.42696617244756, 62.77337626512251], [-65.32654912313164, 62.79767839935312], [-65.44547819064911, 62.78942803892061], [-65.45226812919216, 62.83510371437184], [-65.35065472213643, 62.848425823185046], [-65.08417898090816, 62.72406730542358]]], [[[-73.47782033500157, 65.46019775142378], [-72.38874429370134, 64.84616643498055], [-71.95099658911671, 64.80385960161433], [-71.54665858591345, 64.6266162271635], [-71.3051823455675, 64.64972071463109], [-71.05627428156754, 64.77543487557305], [-70.81419607103085, 64.77778312696267], [-70.56817726610163, 64.62377834345905], [-69.65098308957212, 64.29037927524577], [-68.83640438797555, 63.791223770280105], [-68.77442998439713, 63.73221685511606], [-69.01114907393114, 63.748850706463976], [-68.84795100339903, 63.63560866215765], [-68.90225775405274, 63.60803889709652], [-68.6581336074289, 63.475828675261404], [-68.4587834001456, 63.44002289521414], [-68.51645698739345, 63.42701275989412], [-68.15790276748186, 63.15543943096776], [-67.93261227139119, 63.14911684560552], [-68.0164653761535, 63.05352755484098], [-67.8973961875344, 63.118626411585396], [-67.6629662265385, 63.09087921728497], [-67.82762694827726, 63.02431247554281], [-67.76092388713978, 62.96624664397807], [-67.72267669668128, 63.03228256616428], [-67.56346509112889, 63.04081231672336], [-67.53860022119311, 63.014300043544075], [-67.69512493215647, 62.96953114862301], [-67.71803621404962, 62.92093859085018], [-67.52603614029535, 62.985826184073595], [-67.44133810217836, 62.968924970190606], [-67.30244317904597, 62.88904484696739], [-67.41697041143296, 62.85962809866227], [-67.20793212681522, 62.84529804903375], [-67.26994978327, 62.82021535834696], [-67.09172656347245, 62.77628720489754], [-67.09319501942659, 62.70006024609109], [-66.96234260170769, 62.700333780864504], [-67.01991200894764, 62.667123404154324], [-66.73736313666573, 62.64869108502999], [-66.76747199959152, 62.6223282746737], [-66.5382330262699, 62.51024963869567], [-66.58115525991336, 62.43255168945545], [-66.42975214243711, 62.44598181055201], [-66.45718614328055, 62.421742005835924], [-66.41004956438653, 62.39080532655857], [-66.54663822489285, 62.34625701792274], [-66.4077296824461, 62.273478598432625], [-66.43849169624642, 62.34918540197891], [-66.30028540141399, 62.359722440131016], [-66.20768652257681, 62.258208488538955], [-66.31700621122909, 62.257264913277325], [-65.98294200302651, 62.21540597646215], [-66.13040704615719, 62.16181256358209], [-66.11028253072541, 62.06064754694931], [-66.23183458057244, 62.10282632764567], [-66.15525895836619, 62.02713445570172], [-66.20026999263173, 62.00266705448644], [-66.07822290337783, 61.9577572608052], [-66.03939877770003, 61.8887935905997], [-66.33942265947064, 61.87025689377597], [-66.44355046704159, 61.89307463969785], [-66.40462910876185, 61.92421586245254], [-66.59506289310795, 61.91178896460132], [-66.78334459306627, 62.014817525606624], [-67.200873142897, 62.056026971063055], [-67.25302393931817, 62.11542747596906], [-67.36260882310361, 62.076239828692714], [-67.35474811750309, 62.13129278743956], [-67.41904476039032, 62.159685201008834], [-67.82219820980646, 62.18176848771177], [-67.71498324453789, 62.21391639969818], [-67.74198558330052, 62.23411912063297], [-68.06702820742579, 62.194801845595336], [-68.66774503992382, 62.27532453088099], [-68.7459177960867, 62.40351116611681], [-68.75482931016046, 62.330110446984754], [-68.86023757762686, 62.37280455588504], [-68.83580984110763, 62.48040012473504], [-68.90787855793137, 62.363374251889965], [-69.0162533221608, 62.372214300494925], [-69.32510863094474, 62.50676506281243], [-69.28997117312053, 62.64628812664006], [-69.3792080251389, 62.5415700512967], [-69.43457798582004, 62.58393466071625], [-69.40090946064255, 62.634187498226744], [-69.48571382782552, 62.64189976171934], [-69.45532518689049, 62.55692893054907], [-69.53493511227865, 62.64279074696489], [-69.62097655854208, 62.656507922413944], [-69.45699330757887, 62.70966191628261], [-69.57330596140011, 62.69992941470207], [-69.55770010951763, 62.74257230279614], [-69.43470767147825, 62.7604189914789], [-69.63724812837002, 62.77503200770042], [-69.69315634570435, 62.737725482883846], [-69.6808315272046, 62.769674003827056], [-69.88716304133038, 62.8476553076448], [-69.77594672354563, 62.7309559140845], [-69.99304270156635, 62.79738841181649], [-69.87312200505865, 62.91236346048549], [-70.05312970847316, 62.80492974786331], [-70.00189499008522, 62.77914946757159], [-70.02741358306521, 62.75745348073567], [-70.19761292646575, 62.74596859736416], [-70.50835646108223, 62.87472294460585], [-70.905096307264, 62.92433079282587], [-70.74101896705128, 62.93187514659989], [-70.83030507899008, 62.962217473787604], [-71.01179784535537, 62.95933904348044], [-70.92109808050797, 62.96571397816702], [-70.9428380699921, 63.00491675874362], [-70.8540192644349, 63.026240541650246], [-70.8456539925716, 63.06384556927754], [-71.11827543011634, 62.98000344379282], [-71.14721013711392, 63.031839811304316], [-71.04513022710046, 63.02065891821901], [-70.83513155802332, 63.13105196871339], [-70.93657891450592, 63.11729138049211], [-70.88436544127183, 63.16523834228985], [-70.97938378621704, 63.14411942160054], [-71.0041235167265, 63.07099425941991], [-71.151042107055, 63.06272573122458], [-71.1601974609408, 63.09869443187487], [-71.19449461995424, 63.00975333050149], [-71.25184624476223, 63.00708488595144], [-71.43037446456499, 63.06680396026617], [-71.37309474806956, 63.143917708942084], [-71.49871232369136, 63.10310293028913], [-71.64181668741587, 63.13678513179617], [-71.69679546141505, 63.22444365148157], [-71.78046665749663, 63.237097470817616], [-71.63700003274556, 63.25977894408428], [-71.78821980648931, 63.2610256640432], [-71.72074256976273, 63.2724501196916], [-71.8002092097872, 63.34066175751908], [-71.7067300586794, 63.344894648790905], [-71.75355855044783, 63.411901568210084], [-71.87282477918201, 63.37863664926158], [-72.12721107968883, 63.44359549862071], [-71.61915282851955, 63.41388061760013], [-71.39488431898735, 63.495056939213676], [-71.48179464214472, 63.5429139488588], [-71.32253955557584, 63.529724078563106], [-71.25134933025052, 63.560611538887855], [-71.282873746882, 63.59112693506059], [-71.21715240797907, 63.59483312990159], [-71.29092323675356, 63.610761552219564], [-71.36128900384664, 63.56261311099022], [-71.38866778618207, 63.63705881340954], [-71.42941113166589, 63.5855648891058], [-71.56225111105199, 63.57568144394053], [-71.52291724638718, 63.621972279962485], [-71.58311594054143, 63.65602505151976], [-71.50156273720762, 63.71163623925356], [-71.63735040024591, 63.715171912690465], [-71.59872619420635, 63.658980727400156], [-71.64318034933349, 63.64751802028453], [-71.71591669414292, 63.68453764327804], [-71.66903002241965, 63.744563964539786], [-71.7988418499683, 63.7213027131226], [-71.786999625783, 63.75741391899877], [-71.91388575783475, 63.79806338838398], [-71.93404962101266, 63.871118339185486], [-71.98135972083263, 63.74640214388714], [-71.85060955255217, 63.764351058795164], [-71.8941212232058, 63.74048815129779], [-71.85956946065517, 63.67176662484707], [-71.96240570834192, 63.65234999611854], [-71.91535583739561, 63.69091044952178], [-71.95413952860824, 63.70937567834322], [-72.05469307427632, 63.67155600590712], [-72.05812076107468, 63.74997995761918], [-72.0893135976343, 63.69860881942087], [-72.18681978770222, 63.76461409990753], [-72.20411213503664, 63.674583553173036], [-72.2629690685635, 63.67229091482428], [-72.30235424685068, 63.71652405208707], [-72.2411399225539, 63.727241012544184], [-72.32590139303332, 63.74105168927697], [-72.23681141667821, 63.75563678809024], [-72.26809246253893, 63.7923480969353], [-72.19250616638539, 63.878560111585855], [-72.32892759123689, 64.02446652129034], [-72.26452072827279, 64.05874572841626], [-72.29061453485167, 64.09790642396837], [-72.375850542947, 64.03250051923258], [-72.24531545456757, 63.88534992284246], [-72.32868728393692, 63.8997910730069], [-72.40604055083368, 63.82442444770743], [-72.36773434494005, 63.778948572520406], [-72.51631130141392, 63.797010829522435], [-72.45307613963116, 63.82884978574811], [-72.57489383277131, 63.883333044432455], [-72.63310295037152, 63.85819187815647], [-72.59447217415806, 64.02914490117207], [-72.71274902238181, 63.96241987930885], [-72.88385702214157, 64.06595419715218], [-72.96549232867864, 64.06174362166355], [-72.95132202475023, 64.10202105709328], [-72.87360561520384, 64.09925601119149], [-72.93009899692582, 64.12363417614183], [-72.87253730486229, 64.17410847661293], [-73.08590217969535, 64.18690887276396], [-73.05397653087674, 64.2151477441322], [-73.14463681380471, 64.27091198403264], [-73.12005610926626, 64.30225429212229], [-73.2333357031891, 64.29909246487196], [-73.17880481487151, 64.35913186232487], [-73.28162882572913, 64.29966884047097], [-73.26727642722231, 64.26448170236812], [-73.39261846402361, 64.27305482323548], [-73.32800501833374, 64.39908286730021], [-73.39586556313648, 64.36513254964697], [-73.48080230535288, 64.40162210192639], [-73.40176796988194, 64.50345137367573], [-73.30608904928894, 64.50633876280727], [-73.18724539336314, 64.5819322926736], [-73.18770164277107, 64.62104584348876], [-73.27997305395489, 64.60186851554776], [-73.31382589433632, 64.66631101234825], [-73.34296950040849, 64.63423025928559], [-73.29696501494841, 64.55438195191161], [-73.45106560938822, 64.50669213211961], [-73.49168661235012, 64.55123512088304], [-73.54496484464639, 64.50645193714017], [-73.55202400159574, 64.33097915857023], [-73.66754708325259, 64.33775609197751], [-73.68678965039494, 64.44478038736275], [-73.60660879559971, 64.45145266015278], [-73.64192890684802, 64.47877997361076], [-73.60525249814079, 64.4983604923685], [-73.69078136347973, 64.54042209458201], [-73.40321608023632, 64.57177856807886], [-73.46515592137065, 64.62114189089866], [-73.58836057950428, 64.59194439829452], [-73.65747571758757, 64.65504128299935], [-73.63296327401771, 64.58740152089774], [-73.77080818152913, 64.54190421312943], [-73.92389559785566, 64.60646613201614], [-73.79463763405268, 64.47260124822049], [-73.96266929208352, 64.48894862219142], [-74.01265731439047, 64.42596032744775], [-73.95470184321594, 64.3984103110865], [-74.02950368720008, 64.32640974066733], [-74.11536617991355, 64.33519150067325], [-74.18603623233759, 64.36982337464832], [-74.04718114430231, 64.38420506130858], [-74.089609680461, 64.42310628377781], [-74.03755462338599, 64.43399398165229], [-74.12389649822175, 64.53216322618692], [-73.95351624742035, 64.51559869028286], [-74.14591761974336, 64.56800720259908], [-73.98968553205435, 64.56722649648853], [-74.07938645028626, 64.63761225797415], [-73.90034436038006, 64.63751018623712], [-73.96266031007305, 64.67153941196692], [-73.91223091379646, 64.70401807889903], [-74.05337145713743, 64.66661342836835], [-74.04213784095369, 64.7155925878217], [-74.14970332607983, 64.74022965071076], [-74.11856469103253, 64.67319300186061], [-74.25027697451108, 64.64983984150335], [-74.21894588483204, 64.57146310729392], [-74.31729733096623, 64.67628272385436], [-74.3296659901649, 64.62915754266824], [-74.42788224077873, 64.66716207922687], [-74.35302029306936, 64.60120098252456], [-74.39210865139418, 64.56958866757014], [-74.42152732195085, 64.62273905972583], [-74.53348812259756, 64.62681268249857], [-74.69155820198878, 64.72969262950878], [-74.54541911602942, 64.88561400497976], [-74.65120113714576, 64.90005688180341], [-74.63595405766888, 64.86268165357708], [-74.75431635412833, 64.8521937758859], [-74.6976035583113, 64.8105926084694], [-74.71962434619577, 64.76744463551962], [-74.80711375933701, 64.80252687969332], [-74.99386776982682, 64.78120663680589], [-74.48835838732438, 64.57018986972335], [-74.5171391535258, 64.529902959531], [-74.61928311398307, 64.54651497712031], [-74.53187395383068, 64.49617855110621], [-74.637415178845, 64.51860421306971], [-74.5019351215436, 64.46873194881228], [-74.50826166067323, 64.42360549593018], [-74.58355496428877, 64.41399440811175], [-74.46852428321387, 64.39422501116188], [-74.64974530649003, 64.41547246981611], [-74.70475897022814, 64.36999007542094], [-74.91320269896286, 64.46445138413563], [-74.79267759712155, 64.38022324427791], [-75.19070179682656, 64.49646687327619], [-75.21182135135325, 64.4342933596318], [-75.55920823727547, 64.57433317326442], [-75.61880224179978, 64.5454300487669], [-75.85532236074758, 64.61834113840514], [-75.8097530124136, 64.53090929632684], [-75.61350988017507, 64.44679074206337], [-75.82920089543137, 64.4834061972689], [-75.80142313787499, 64.43950610912566], [-75.83634297173533, 64.42916291099073], [-75.73228027176503, 64.3777618711997], [-75.99159013310013, 64.40894835476739], [-76.06334077278187, 64.36285523581951], [-76.14336037795331, 64.39318057346873], [-76.19699207518067, 64.35092268298476], [-76.38400277366364, 64.36270274773393], [-76.19935433384049, 64.31671361665923], [-76.32733812774039, 64.26856590996037], [-76.45342825595415, 64.32174935091446], [-76.49833806646646, 64.30892217588334], [-76.4088215748042, 64.27508666378277], [-76.73468997346274, 64.30370924009542], [-76.6693947307982, 64.19414638023306], [-77.17081179261577, 64.30000177234899], [-77.39269687135703, 64.24928811858149], [-77.41215326157923, 64.32642636393197], [-77.54784454912246, 64.31020403081469], [-77.50713015098816, 64.36033524336244], [-77.6538086125121, 64.39784272874897], [-77.67281148401638, 64.32890226788344], [-77.88452846910337, 64.37814425413738], [-77.90875255444568, 64.40839257679248], [-77.8488834704689, 64.42459415094149], [-78.0217843556298, 64.42922466515891], [-77.98216264730141, 64.48559258565051], [-78.19030546059075, 64.56419345182275], [-78.13528162385428, 64.59592872198779], [-78.21518964169911, 64.67488375302501], [-78.17433302444371, 64.69839266791062], [-78.29910991085436, 64.7126458549024], [-78.2100185574497, 64.72433883963221], [-78.08432958921006, 64.82411569136616], [-78.15680664213234, 64.90934387845094], [-78.12243768189036, 64.98578159385976], [-77.63228278123282, 65.14213335892353], [-77.33002804090985, 65.18301175978378], [-77.37469248565499, 65.25309317384999], [-77.5291538092779, 65.32606916898168], [-77.47579504196034, 65.37890973274177], [-77.0329193146181, 65.29013115633893], [-77.43632346625513, 65.43607889939865], [-77.35245960027184, 65.47584352750589], [-77.15395187542615, 65.46730036721173], [-77.0988409543118, 65.40700245743358], [-76.82151592939412, 65.43238426907432], [-76.11459360786202, 65.26899682807381], [-75.92475059351044, 65.26562386995114], [-75.95478666148422, 65.33009787250201], [-75.70988703489432, 65.3035093358544], [-75.62837190387086, 65.34516666127315], [-75.56905902295199, 65.27421503066162], [-75.24329043145062, 65.25413352310771], [-75.10838833586051, 65.27816550803325], [-75.11616160086088, 65.39038536476113], [-74.77206053866473, 65.38567340147208], [-74.71724586352124, 65.44646441250465], [-74.64705570712292, 65.42211756454444], [-74.702060934747, 65.40404913829536], [-74.65147157568819, 65.39258825298964], [-74.69330834655939, 65.36950817279742], [-74.67247504284717, 65.33938744626707], [-74.54889266771691, 65.32967119034709], [-74.1307318660752, 65.5355658775951], [-74.01167143804093, 65.50262318855437], [-73.84508498332406, 65.53079737877694], [-73.70804399344738, 65.45160851719162], [-73.50472846023905, 65.44789554704657], [-73.52591185802837, 65.4886134921418], [-73.47782033500157, 65.46019775142378]]], [[[-65.35065472213643, 62.848425823185046], [-65.35789231684836, 62.855377796543095], [-65.35712762162089, 62.855390862302926], [-65.35065472213643, 62.848425823185046]]], [[[-65.35789231684836, 62.855377796543095], [-65.43455191402073, 62.854045897619955], [-65.43314830508209, 62.92743677154784], [-65.35789231684836, 62.855377796543095]]], [[[-64.8860697502762, 67.98265360882294], [-64.85390078044786, 67.84061571554562], [-64.65573661074811, 67.79693326983458], [-64.71619081350454, 67.75599308187799], [-64.58023554201473, 67.77214395557098], [-64.40011069989139, 67.68057029717811], [-64.48438382695711, 67.62842298464022], [-64.30112356299735, 67.62221100672996], [-64.31817947704135, 67.55652334729835], [-64.26856981372127, 67.46778257249393], [-64.1538225677445, 67.42457573679127], [-64.18487732462579, 67.39268913330287], [-64.06706823842897, 67.22998558982475], [-63.740887125068916, 67.24886082384566], [-63.68584258589194, 67.18831823320508], [-63.53052232250029, 67.32186247511557], [-63.44684750799478, 67.30768518223557], [-63.529777658047, 67.25845876033824], [-63.42137116316486, 67.30064278075106], [-63.45931540504086, 67.33693389792826], [-63.4079812235479, 67.35037117578864], [-63.22614813799242, 67.23935496319599], [-63.54280976426255, 67.13163358862526], [-63.4671430224866, 67.02817302675119], [-64.05838417298182, 66.6011882061196], [-65.02667725503863, 66.07028155189242], [-65.50472962131795, 65.89889879317077], [-65.53679525655586, 65.98451915297956], [-66.02995663588062, 65.95901250980485], [-66.07048192523226, 65.98254924283849], [-66.03183227168388, 66.0869873294542], [-66.22959925857137, 66.13524439011225], [-66.41107611441214, 66.27333718952625], [-66.50716644978516, 66.2634071143782], [-66.453790186333, 66.22727618678428], [-66.49233340015552, 66.20714118328792], [-66.57844119974526, 66.21436182084376], [-66.63660916060816, 66.25429669181986], [-66.62813218374468, 66.29206301543559], [-66.5523295400351, 66.29452902154011], [-66.60913690973818, 66.33074904536785], [-66.58324685436284, 66.3568499323044], [-66.84476918711852, 66.38386553252293], [-66.75416777390541, 66.45129258555984], [-66.8751934527837, 66.45043240014014], [-66.85928602308286, 66.50905209139214], [-66.94994800438539, 66.56850751586114], [-67.23704344794025, 66.49239648539641], [-67.19492853527417, 66.37741626633549], [-67.50636349619853, 66.45146668579174], [-67.20407800520343, 66.31988001379504], [-67.3464462633288, 66.27593993840034], [-67.43200661413672, 66.32084852050612], [-67.46808589089711, 66.29320621717923], [-67.55907744954933, 66.40650674046223], [-67.6998825451245, 66.43069075819157], [-67.79763706180705, 66.50678180552272], [-67.85215284794921, 66.51151137445606], [-67.75525152304154, 66.44555892633227], [-67.91770480950962, 66.51919880857942], [-68.04141985928429, 66.51571596995537], [-67.79492426009041, 66.34971204835833], [-67.76913436692116, 66.22264772962426], [-67.5359587490379, 66.17949733681674], [-67.20658661646257, 66.03522531393524], [-67.39107321803635, 66.0048202358942], [-67.28781321974955, 65.98452646804202], [-67.24464202528058, 65.91968102063402], [-67.47066461815922, 65.95375305359268], [-67.53189770749347, 65.9323664678873], [-67.51621787975502, 65.89615735507458], [-67.66000385785529, 65.90083108463098], [-67.78416246487109, 65.94878970647332], [-67.79982734547644, 65.89332534887099], [-67.96394250825482, 65.906587658663], [-68.04594083445082, 65.95712201516318], [-68.08487740202975, 66.11569109310797], [-68.18962899965011, 66.11262277611591], [-68.26079420902188, 66.01242777428892], [-68.155874591681, 65.97872223244882], [-68.21950884844686, 65.85269697704851], [-68.1154808322726, 65.82593999100057], [-68.12093033971756, 65.79189821497016], [-67.87266459477873, 65.81632666723665], [-67.84846268736477, 65.77846944956124], [-68.0282919991586, 65.70606042612269], [-67.85735054525757, 65.67479527463796], [-67.83754410509431, 65.60969180586865], [-67.6980576777252, 65.67084960975184], [-67.5100545785137, 65.62905981458431], [-67.53106087506805, 65.67554754867072], [-67.48839418671679, 65.64078024629735], [-67.44706086225621, 65.64359276443413], [-67.4927823607114, 65.68032569866416], [-67.38519472133484, 65.66924902535216], [-67.26078770765979, 65.52828295300891], [-67.13350213095902, 65.46438139291287], [-67.21215111618767, 65.43793444923853], [-67.12160268235118, 65.42609121730663], [-67.19141229619592, 65.35884632060758], [-67.10856413628443, 65.22269555934771], [-67.00384989268612, 65.23944531243802], [-67.04009608784246, 65.11707734367877], [-66.96386840268832, 64.90453834606575], [-66.95661943788244, 64.58324531704363], [-66.9180722237604, 64.43141633438354], [-66.76880518000114, 64.25619323093466], [-66.73355141744521, 64.08077127829786], [-65.44212113152625, 62.93600088393384], [-65.505757594963, 62.83839041897559], [-65.64881771462382, 62.8126273360946], [-65.72071497926578, 62.85446139606014], [-65.74576779306396, 62.91089735393585], [-65.71044280500425, 62.933221354993236], [-65.7780792893618, 62.90262990026531], [-65.82473985473318, 62.93673751417538], [-65.76378392208142, 62.99426875020031], [-65.79581365719402, 63.0620078555606], [-65.83308516076276, 63.03745892406132], [-65.80750865367193, 62.97997824897398], [-65.88303866960163, 62.943685067817675], [-65.85964732445579, 62.89265866560082], [-66.08339391457177, 62.998014764372776], [-66.22613774641174, 62.952332036891114], [-66.62673357779917, 63.10118294315449], [-66.73809553282024, 63.103169781917494], [-66.6170081952901, 63.01630393501189], [-66.76994087250067, 63.06300833612213], [-66.85037539738136, 63.15175228558285], [-67.09797875572173, 63.25277283205455], [-66.98949992046809, 63.28871377724432], [-67.04380828425163, 63.32977317602417], [-67.0252660193616, 63.417719110699245], [-67.06822472092423, 63.348332861364874], [-67.04245281875227, 63.293040405732576], [-67.19871886097359, 63.33290650837531], [-67.21721600782759, 63.27749459346818], [-67.35559508063493, 63.372605846404326], [-67.41058468450053, 63.4778774222028], [-67.44095113712146, 63.419425904202804], [-67.56935159525143, 63.5503592901174], [-67.64182872668681, 63.53453519375117], [-67.62127102761269, 63.575124213976736], [-67.70679494891553, 63.64006295835954], [-67.67618345411663, 63.6716386763326], [-67.79027309934074, 63.64429797444649], [-67.82057276150105, 63.718791512805204], [-67.83632950693455, 63.679947454008406], [-67.90231145149819, 63.75699710576677], [-67.92382959314955, 63.73198750569154], [-67.83214099798633, 63.63844751551827], [-67.85327144180617, 63.59397187607263], [-67.68976517790858, 63.43303657629282], [-67.69497003858432, 63.38105777472806], [-67.84860872646397, 63.414996820232616], [-68.15477244881752, 63.63010435682517], [-68.16974995575616, 63.59017419201788], [-68.27011616514896, 63.6126220250115], [-68.28349818721486, 63.65442789342794], [-68.46595882770465, 63.70857110525924], [-68.42523426395294, 63.71876518612054], [-68.64744474527555, 63.76225007591992], [-68.88247902275432, 64.6114987051266], [-68.81044814162824, 65.21626366133785], [-68.55056103101079, 66.07177749945802], [-68.60043097135215, 66.35446578239672], [-68.7483168326478, 66.48404461290926], [-69.22612602342672, 66.67508268480402], [-72.27463383406193, 67.20118529033458], [-72.17625701581488, 67.26627615289969], [-72.3867481419079, 67.31265558250516], [-72.35778558921018, 67.35052475587393], [-72.50262217735362, 67.49790053354229], [-72.4243944341004, 67.53282850675858], [-72.49222151518131, 67.61960795586388], [-72.67337126444276, 67.69281021489678], [-72.57754968903524, 67.75955529068972], [-72.1685343445849, 67.78569906007776], [-68.99274084693162, 67.88884329637088], [-68.11278889437129, 67.8652542110253], [-66.05508233400401, 68.03015688844667], [-65.9271774344796, 67.98351795604573], [-65.62288746476112, 68.0014981767474], [-65.55784139296676, 67.92528120049738], [-65.34938849714746, 67.95601981174038], [-65.28700042371712, 67.98376787263663], [-65.31636159967454, 68.02463355552484], [-65.21615907581274, 68.05013675462924], [-64.8860697502762, 67.98265360882294]]], [[[-103.44889869693164, 68.80966067852063], [-102.80414810417967, 69.39762045812475], [-102.47641572784448, 69.41413771733413], [-102.43025472758188, 69.50070873823077], [-101.96649372267333, 69.4593537262345], [-101.92264581344398, 69.40533572875083], [-101.95699878105417, 69.38078372443657], [-102.1669417957805, 69.35871573447531], [-102.129087791238, 69.31994374583961], [-102.06703281334046, 69.34830272680121], [-102.03723376505245, 69.25106674991102], [-102.17287279819965, 69.28716571749392], [-102.22129279947015, 69.22772073545242], [-102.07214476751103, 69.1856547303635], [-102.00083781906066, 69.25913973222946], [-101.9021258141734, 69.2781297316418], [-101.91241280384658, 69.2434167462441], [-101.72415975697915, 69.15266973114359], [-101.86398381474415, 69.04421972951816], [-101.79157881848532, 69.00105573134675], [-102.0755107526637, 69.01007372202838], [-102.10477874702191, 68.96049272025876], [-102.20266278656962, 68.94372572215013], [-102.391635781491, 68.9638947149663], [-102.37073781473475, 68.92410574457203], [-102.5342767739195, 68.86500271532233], [-102.72716480183905, 68.90728472242068], [-102.71316076034395, 68.84456374148259], [-102.90417677064596, 68.8033077270324], [-103.14396377445988, 68.84684973151444], [-103.36098977155837, 68.82557372284525], [-103.31661981370836, 68.78741372783739], [-103.44889869693164, 68.80966067852063]]], [[[-101.01193579661293, 70.20014373570156], [-100.9717417914701, 70.15204772081107], [-101.03209579839762, 70.13330072617669], [-100.90141583278297, 70.02683973796086], [-100.92844279346706, 69.91557272867134], [-100.87948274874762, 69.92775874278979], [-100.84962977306519, 69.81506071127906], [-100.9468658419861, 69.74583271375548], [-100.91707579182174, 69.70140871212429], [-100.95599183102401, 69.66818971658651], [-101.14731381184438, 69.69556774163463], [-101.27600479572132, 69.66303274712465], [-101.44511483888633, 69.8051967288568], [-101.39647877078264, 69.865208731031], [-101.41297585596956, 69.92827173423034], [-101.57121380803112, 69.72804874299499], [-101.66232071617692, 69.7108317110177], [-101.65881975216222, 69.65049573511872], [-101.70868879732616, 69.72511474647672], [-101.91547273509819, 69.73478071717439], [-102.03118577961084, 69.87406472015361], [-102.04183186177362, 69.91710959233366], [-101.60790247063639, 70.16123404876113], [-101.44137975898403, 70.12729770884978], [-101.40969978273473, 70.17878670643358], [-101.33895074601018, 70.15471175371832], [-101.37042372377117, 70.20694771712813], [-101.22991580289025, 70.1315997448092], [-101.1085237704681, 70.21030475051275], [-101.01193579661293, 70.20014373570156]]], [[[-96.69018975152744, 72.74559574267987], [-96.91068080891282, 72.75487473685466], [-96.96280874850004, 72.79812873373507], [-96.67276575239444, 72.92236469646674], [-96.62572276542498, 72.89263773227209], [-96.6722887544254, 72.85403671824947], [-96.56458583453828, 72.80171072214792], [-96.69018975152744, 72.74559574267987]]], [[[-97.81509080726316, 73.87785872142484], [-97.58784078613716, 73.90896271210556], [-97.18859180424158, 73.86313469949742], [-96.94076781320301, 73.74974369359694], [-96.91339885624284, 73.6941327113087], [-96.9624848100711, 73.635677716058], [-97.16462474833602, 73.57233570899054], [-97.4155087765013, 73.59623973901572], [-97.49849780944044, 73.56458671679745], [-97.43806279461921, 73.55533471384683], [-97.45508174090308, 73.52594973273962], [-97.68354672394717, 73.54863875277911], [-97.60485972102356, 73.52863170997706], [-97.64524277515233, 73.50371971424606], [-97.59271882008056, 73.46960070958116], [-97.40292681704801, 73.50846270771761], [-97.17269786286707, 73.4853327522221], [-97.14888378200243, 73.45851273512093], [-97.21944372516107, 73.43138670408088], [-97.09695381359606, 73.40292871451605], [-97.80937571734175, 73.28538872977151], [-98.21090178817661, 73.08325774211234], [-98.45364077725579, 73.02993271733294], [-98.38000279426814, 72.9511647059301], [-98.42847676740783, 72.90716371396692], [-98.40205285205543, 72.86821171944781], [-98.23522878359155, 72.99077374163659], [-97.84245980253914, 73.05623971476825], [-97.27544180665106, 72.9761847021556], [-97.19192176554756, 72.94971570777413], [-97.24922471701711, 72.8828547520932], [-97.42368977705402, 72.86898573729657], [-97.2387038111081, 72.85574671802232], [-97.00783579277702, 72.74531670586993], [-97.17567682663085, 72.6720387222692], [-97.14065781055757, 72.65979871527665], [-97.19031083286406, 72.61277374290938], [-96.5188838014459, 72.76669172357983], [-96.47965278696707, 72.7263627170267], [-96.55051879847836, 72.69710372433897], [-96.41329579021301, 72.64265372898804], [-96.38715081694886, 72.56207671920748], [-96.4265167680759, 72.53962173350823], [-96.3166988256664, 72.51914671857449], [-96.25557074738214, 72.42609573628711], [-96.65253378108001, 72.31660175604293], [-96.83184079645645, 72.33083073890238], [-96.51942375037116, 72.28174473984801], [-96.58359377302482, 72.24767072317537], [-96.49086676632575, 72.24574470092944], [-96.443949739385, 72.10358072366532], [-96.8528467272928, 72.03828572306396], [-96.4539217798061, 72.045998713874], [-96.42063078436227, 72.01965572128395], [-96.49224382445622, 71.96244272690552], [-96.74111176602312, 71.916308721346], [-96.47400079539874, 71.9429487176362], [-96.48570979146186, 71.88351271567966], [-96.55824976824539, 71.82583173748696], [-96.73428975515777, 71.80038869954308], [-96.65994976413346, 71.84659475361201], [-96.69968476507016, 71.86373073248407], [-96.94942577263899, 71.80431272934078], [-97.18464078138453, 71.67022171404918], [-97.48318871172467, 71.62180171468128], [-97.96298776797047, 71.67536973565385], [-98.18679978556993, 71.65187974710227], [-98.36031983636101, 71.74259971516662], [-98.22288076928459, 71.89982074294271], [-98.40189078628347, 71.8269387097134], [-98.50006277224202, 71.72936073372504], [-98.38491673544821, 71.71215275298731], [-98.35093281723168, 71.65210471617934], [-98.13764180219685, 71.5458957391789], [-98.02729283516406, 71.53552773909969], [-98.42727075829502, 71.32912170656782], [-98.70095180246553, 71.28749670933263], [-98.93488874173224, 71.3933817045062], [-99.22211479634822, 71.3614407337329], [-99.39051372451526, 71.55050375083793], [-99.34812380986672, 71.58605373398959], [-99.55598781985297, 71.62939772254963], [-99.66853279610879, 71.77280372899313], [-99.89382533435851, 71.86528039795152], [-99.28499654276227, 73.05769310817352], [-99.21831593289409, 73.30855596777542], [-99.1939868375086, 73.70324769615172], [-99.13634482991999, 73.6954467489645], [-99.10031779539263, 73.7599317478703], [-98.15336480332488, 73.82193272940843], [-97.73681778877999, 73.92491069842875], [-97.81509080726316, 73.87785872142484]]], [[[-96.723345773462, 73.12710573300389], [-96.6421658234206, 73.14647371073848], [-96.54774685323292, 73.09169073757407], [-96.53120483605156, 73.03979669890913], [-96.5949967914218, 73.00480473814187], [-96.56841074263507, 72.98245773843284], [-96.93321674878894, 72.93033873008926], [-97.04964080411926, 72.97189171729568], [-97.10782585238962, 73.0996647218795], [-96.90533484564786, 73.19545174552879], [-96.69611178179801, 73.16978369982611], [-96.723345773462, 73.12710573300389]]], [[[-99.20003210622141, 73.95572824758368], [-97.98793578470651, 74.12512473901421], [-97.71758477259439, 74.13504269632334], [-97.60339282446932, 74.07708274723133], [-98.13836178816422, 73.8869757158855], [-98.57574376131498, 73.84086872090454], [-98.72935577680315, 73.88903674056911], [-98.76026175306674, 73.82550573923761], [-99.18734516408351, 73.86205642004198], [-99.20003210622141, 73.95572824758368]]]]}}, {"type": "Feature", "properties": {"unit": "1.55 - 1.35 Ga juvenile crust", "category": "Mesoproterozoic", "color": "#fda07a", "appearance_age": 1550}, "geometry": {"type": "MultiPolygon", "coordinates": [[[[-106.94180496829281, 29.189248214665078], [-106.9333245712045, 29.12397911088401], [-107.11924265283645, 29.224409354951803], [-107.10067438356428, 29.32962878744946], [-107.23441502714758, 29.442222454849993], [-107.20353388736507, 29.516898031455693], [-107.02545272300755, 29.582955118590892], [-106.87620632463798, 29.520543851927332], [-106.94180496829281, 29.189248214665078]]], [[[-105.61419607474535, 28.752445730283355], [-105.59668092434967, 28.7087051022416], [-105.96106848263457, 28.703578491700124], [-105.92294508395953, 28.73233020358734], [-105.95432559380075, 28.788864500515363], [-106.19681629164388, 28.918538458279357], [-106.02127059991919, 28.97203685899154], [-105.85999523945085, 28.809554854776252], [-105.61419607474535, 28.752445730283355]]], [[[-104.10228348012852, 28.820989153121076], [-103.93005838495894, 29.037231993859287], [-103.60908704520328, 29.1664245877068], [-103.77643588180423, 28.920540891857588], [-104.10228348012852, 28.820989153121076]]], [[[-103.10738147464626, 31.73928739036666], [-103.18482431707021, 31.710098908830002], [-103.24532642114396, 31.334590646625223], [-103.18153654982905, 31.252379563466636], [-102.8501424614962, 31.10993021898268], [-102.760841079265, 30.97146876617234], [-102.97739375365579, 30.96390862167622], [-103.02922551891801, 30.87259763767256], [-102.69173130732037, 30.793087094914824], [-102.61858723703418, 30.691888690758123], [-102.62798486961532, 30.591096202208785], [-102.66710438501471, 30.55990964963188], [-102.85115900666122, 30.683844731166936], [-102.96000488092801, 30.675121421766896], [-103.0524461315297, 30.608019720853427], [-103.11231644212856, 30.472489082960955], [-103.08616113402674, 30.41024530663905], [-102.7901510665511, 30.317080653147244], [-102.89742259940765, 30.30031828502812], [-102.97055596875975, 30.16550254338857], [-103.13704545144249, 30.188411925759375], [-103.32425341670518, 30.316424873596812], [-103.39767569386898, 30.32144400411079], [-103.5128391269118, 30.246565156587728], [-103.56352053446662, 30.328077127707704], [-103.50091680478214, 30.536979968509762], [-103.52758070186201, 30.612234741132905], [-103.6287593130412, 30.541764975685087], [-103.75808835198731, 30.543617763573273], [-103.80363992281703, 30.31992479542267], [-103.9858212460438, 30.219200787916414], [-104.07321942391403, 30.101888126995668], [-104.20679502168464, 30.143240593997053], [-104.36936662981408, 30.010893547004617], [-104.50105011175935, 30.006425538260608], [-104.56678405996205, 30.060781171618387], [-104.61065550577379, 30.28702827489089], [-104.6695901656025, 30.322206216329477], [-104.84892959099122, 30.151416591032906], [-104.9364602830101, 30.155046730519032], [-104.81594251912698, 29.86415107037992], [-104.79848499438523, 29.664639857481458], [-104.64432559389758, 29.508624966211123], [-104.30319170213743, 29.317141580565615], [-103.99617965685586, 29.323938892948572], [-103.91084535765879, 29.276746448465666], [-104.01071200861118, 29.171577815428076], [-104.28528595198172, 29.038779364978147], [-104.44289821068641, 28.866577533819292], [-104.72176769183939, 28.85984077405025], [-104.82461666369146, 28.812020113589032], [-104.84853574969115, 28.751811685830425], [-105.13056437038942, 28.723671694267317], [-105.00869027631731, 28.79425797007661], [-104.9822298936905, 28.929117440415975], [-105.1795191602705, 29.234902332440814], [-105.21214876787572, 29.473734774848886], [-105.29744998019667, 29.597298855718638], [-105.27963088008613, 29.649064175920017], [-105.14314079799519, 29.698602972758355], [-105.17447704446049, 29.81605344236151], [-105.31770616635943, 29.920732948368187], [-105.69765153662316, 29.639986059220075], [-105.86073794669421, 29.648025662287782], [-105.90312883557542, 29.778529171742512], [-105.81640852015258, 29.891340614273048], [-105.85331576053458, 30.088298079405778], [-105.71550434115225, 30.255763391779098], [-105.93264345296313, 30.273656663524516], [-106.08520410753852, 30.427955756528235], [-106.29507244236389, 30.30216496046668], [-106.45939753922374, 30.28861090207101], [-106.5316104069429, 30.18026401105503], [-106.67639968538066, 30.139869234828176], [-106.59897848950774, 29.953615360700855], [-106.36952504176956, 30.053178410862117], [-106.2628250623895, 30.01972305059321], [-106.40394536194715, 29.94811805319573], [-106.59640077856406, 29.74702248854744], [-107.31786256773233, 29.725441734881322], [-107.64695890318389, 29.841639630798976], [-107.81184841561544, 30.07140970752501], [-107.8953368909218, 30.106300468074036], [-107.96176766659029, 30.06648701437109], [-107.93352653136782, 29.769185696433375], [-108.22714624774238, 30.007870001913947], [-108.61206434503075, 30.199051831104157], [-109.50395552463836, 30.102921330218667], [-109.82804249670737, 29.988545303637462], [-109.40822777555792, 30.23186589416203], [-109.3306189547316, 30.211289920397817], [-109.36358883751204, 30.26410115381537], [-109.30112047653209, 30.31003816878888], [-109.13870846448116, 30.278243483064838], [-109.21088276718842, 30.36621969042091], [-108.91834432077344, 30.56499918515812], [-108.85999235002868, 30.475858973460447], [-108.89754678611334, 30.386424187112617], [-108.84125710691224, 30.32779667218507], [-108.58312400327972, 30.2292742395874], [-108.57163706933, 30.298630130614658], [-108.67199773950674, 30.380373628030114], [-108.64608314893327, 30.543682422828613], [-108.77668259333315, 30.641067907370527], [-108.53414327856098, 30.773516571755064], [-108.36781395968983, 30.55860284638926], [-108.3581676052264, 30.50384061739715], [-108.47471097052703, 30.411065315764187], [-108.3681192253565, 30.22122157200482], [-107.57793297979052, 30.32266544889469], [-107.2249595555862, 30.51516561476481], [-107.04763034427843, 30.46967170549828], [-106.8094076525426, 30.55007188259918], [-107.0077762071011, 30.66932180702932], [-106.94063056970931, 30.810921524484243], [-106.9491485812095, 30.90576698675754], [-107.08908017805574, 30.946493437038736], [-107.19782727290149, 31.07555318018379], [-107.69790331759168, 31.254027587871153], [-107.32086298090378, 31.44239268917953], [-107.09929043135185, 31.303299069883742], [-106.83254739825534, 31.216687449176916], [-106.8860070337516, 31.10840138292886], [-106.6946140010533, 30.9297389075204], [-106.80125280566628, 30.778828397150047], [-106.72678984954179, 30.669459495572262], [-106.61851977028937, 30.614107062852383], [-106.4450281128676, 30.676962174823213], [-106.40718835579084, 30.796853823487943], [-106.25581326653703, 30.91902617858481], [-106.28233015157696, 31.033193852096648], [-106.55688375259616, 31.054395146975455], [-106.55199873893753, 31.2235148794544], [-106.60102615114296, 31.28440980644205], [-106.99923243471788, 31.374345386272697], [-107.13737822987065, 31.51514276093776], [-106.9231665156632, 31.535912102330705], [-106.68536241373899, 31.443893582687117], [-106.60558688308532, 31.573452895260115], [-106.4699202135994, 31.585411426427523], [-106.76911899809969, 31.655825866099747], [-106.0235978665659, 31.780722948329576], [-106.02809429943763, 31.65858304497685], [-105.93787942566736, 31.501340007345426], [-105.59397337716705, 31.29159018249718], [-105.39408385877344, 31.365312748150124], [-105.3048457732297, 31.286185668052646], [-105.29176174150685, 31.157384005943694], [-105.49522898438474, 31.23099372162069], [-105.5674671096011, 31.130570683216128], [-105.7938208247272, 31.087224799546807], [-105.92728765931057, 30.9498398290708], [-106.10604769835972, 31.033382806813268], [-106.21603029737825, 30.831216215565924], [-106.10103185799535, 30.652664482899095], [-105.96934094645866, 30.79962811917444], [-105.8217308285656, 30.728901932901795], [-105.7553883791367, 30.61214688934671], [-105.87505076417231, 30.455882294113437], [-105.74935047950329, 30.431318838072965], [-105.7159872007204, 30.337207865401407], [-105.65235010889558, 30.31985963727697], [-105.42511873929291, 30.468389153886594], [-105.4538428267781, 30.7318535966025], [-105.41016848431394, 30.784005363008102], [-105.24199623742061, 30.849646138630437], [-104.95074051360116, 30.857784074739453], [-105.00952701388564, 30.977995179393535], [-104.97528118153605, 31.068246026038054], [-105.21582640121805, 31.154336751661287], [-105.18328458200412, 31.308311325894916], [-105.01408720825354, 31.286525632169422], [-104.92374549183337, 31.464525280558902], [-105.09949296462517, 31.672367243219036], [-104.91831301894389, 31.6962768504554], [-105.07476671274695, 31.98041321382742], [-104.93280633573579, 32.04103106488048], [-104.69227435447074, 31.749310315517175], [-104.48361852755463, 31.892930412836407], [-104.3458631864911, 31.833861592394065], [-104.23665538887808, 31.698299647517732], [-104.08843747577072, 31.66963864981762], [-104.00198543237414, 31.680761276793632], [-103.8437107863003, 31.851099168459736], [-103.46849014377275, 31.857710107802916], [-103.27977724217229, 31.935000559973453], [-103.20922250697518, 32.030162273902754], [-102.96296024635149, 32.05088231823255], [-102.8801359434012, 32.15068847636058], [-102.66696949578123, 32.2183619732802], [-102.59870372209014, 32.28278379498632], [-102.59463251457683, 32.49266524209878], [-102.54725502399377, 32.58664353072107], [-102.25591800454234, 32.630516339375035], [-102.00239653044055, 32.78803056023955], [-102.06149047517405, 32.89240226994491], [-102.20493035317799, 32.9884402234848], [-102.21751890956666, 33.03745948860421], [-102.13512262301255, 33.12233679582772], [-101.83216994786171, 33.172303857709764], [-101.66451539079662, 33.08026658570038], [-101.50390898866615, 33.09598821811471], [-101.4966192454011, 33.145325675011854], [-101.67062818593668, 33.31684631027848], [-101.61936437363643, 33.66850428700107], [-101.2893789611454, 33.93918837608045], [-100.93935326785817, 33.83882978473661], [-100.93065713292799, 33.90360085771744], [-101.1072652998994, 34.10408986094841], [-100.70980333394611, 34.20898681617947], [-100.84545111455233, 34.321844844600975], [-100.85383297427431, 34.397372422233204], [-100.22992346436835, 35.09245182038457], [-99.9395811334551, 34.98383317206521], [-99.05436990141328, 34.43956502771353], [-97.3212549730413, 33.7661716520454], [-97.24653120143557, 33.53064925469951], [-97.0172395556561, 33.35466935844647], [-96.97219676178979, 33.18697539882326], [-96.8942474066663, 33.13629227855915], [-96.57732462950219, 33.08938226765513], [-96.50055408574786, 32.7723767711622], [-96.43632686843438, 32.68632590160144], [-96.70600295418751, 32.168724272977464], [-96.77643015049603, 32.68149411459938], [-96.84716699810075, 32.79584154251874], [-96.94119774018043, 32.804498834066095], [-97.03486109932263, 32.734667450010384], [-97.07443032141859, 32.53071459935249], [-97.1546952685092, 32.399756236909205], [-97.13383361169461, 32.06790551301429], [-96.94762684907982, 32.039523851117885], [-96.86844074125561, 31.966767802943234], [-96.75665750557435, 32.032220755511155], [-97.0151752432992, 30.53422787899267], [-97.30568564631191, 30.501461076839625], [-97.44781078816551, 30.76023601427796], [-97.4615236708469, 31.024346258779687], [-97.59676911737985, 31.050742603707633], [-97.81252457622243, 30.987128130039693], [-98.25342159272249, 31.057340074274915], [-98.37518691951138, 31.215686986675465], [-98.40352490390919, 31.315252979253298], [-98.33532653579687, 31.51280152624163], [-98.34596065367768, 31.697460628580604], [-98.21193241724102, 31.78889934991037], [-98.38337174195529, 31.947931104344917], [-98.44836522062771, 32.09555976799623], [-98.33196860108711, 32.08812832718544], [-98.08648862815302, 31.902141976124156], [-97.98854469142557, 31.700258580395342], [-97.87320035829012, 31.670612762814823], [-97.7394997175944, 31.731793064138483], [-97.7257755533764, 31.628394091890648], [-97.41450646214724, 31.39832311130978], [-97.35363575806018, 31.424850170604675], [-97.55153302996631, 31.994119692788985], [-97.50346038881531, 32.22128396672957], [-97.68169452932419, 32.460722161288174], [-97.61944889210457, 32.69162309760816], [-97.78101155313088, 32.79772829385952], [-97.91188685255159, 32.72460458320794], [-97.96790644521309, 32.63427923782783], [-98.14235569764377, 32.58738948072943], [-97.93863928811356, 32.479078723785236], [-98.15916267033634, 32.452741789072824], [-98.2848714159505, 32.48625839976998], [-98.32884275763118, 32.63960392001547], [-98.26194402663494, 32.7041593162292], [-98.29383897807728, 32.75419121648615], [-98.52884973437367, 32.73931655999218], [-98.91060000050214, 32.61822518063149], [-99.08751605148365, 32.510511623640205], [-99.28897575949698, 32.49990679228833], [-99.26488487422789, 32.58310102713876], [-98.97211838513088, 32.77349556911214], [-98.62766608510343, 32.87732383167556], [-98.58431416614256, 32.94230644477024], [-98.64480829268479, 32.986621294666286], [-99.16075905695168, 32.94155668340929], [-99.2834709908668, 32.89668872811435], [-99.51522800145395, 32.659712926238356], [-99.83181988402728, 32.69029847273546], [-100.00779295382439, 32.640807414820486], [-100.28225853802978, 32.670252398297094], [-100.40878697057522, 32.638158027659614], [-101.24317276575192, 32.09697919132551], [-101.2135565051245, 31.972265376156304], [-101.09445615422278, 31.9396168196302], [-101.04681201646426, 32.04716562343069], [-100.71359222791321, 32.03757372266971], [-100.51863611847077, 32.16551517430538], [-100.41342085598778, 32.112327035729834], [-100.40796580507534, 31.93375580985085], [-100.3356014497976, 31.870467898418912], [-100.01006297460006, 31.96417605126796], [-99.75876947362994, 31.92624443579208], [-99.66873663253931, 31.727602559784604], [-99.83157850083954, 31.551304822970845], [-100.06792622506728, 31.513692287768336], [-100.13516672117518, 31.557297764966048], [-100.14929047303492, 31.694210109581373], [-100.23076902849586, 31.7933099098165], [-100.43736243787977, 31.753079945462378], [-100.58235444725186, 31.913232692879525], [-100.73824577454114, 31.91639118657486], [-100.9388996042362, 31.744418313054858], [-101.04854051803072, 31.789201605982786], [-101.059409059606, 31.723630579589464], [-100.83224772256042, 31.658741118815783], [-100.82475375668176, 31.450586922922025], [-100.71070102977737, 31.306007049288297], [-100.63724247268159, 31.284602627787862], [-100.20317109199685, 31.32476103529202], [-99.9550574817166, 31.145745297692287], [-99.64277189638526, 31.09441213925212], [-99.46433491210571, 31.30443534102742], [-99.35119929751237, 31.354756518000777], [-99.27539997594646, 31.305929376712378], [-99.1726570548108, 31.123726946225627], [-98.7980304622361, 31.149828471054228], [-98.65774721580121, 31.11697057457148], [-98.58812718211182, 31.067808338196365], [-98.57273565447926, 30.968380977517626], [-98.9298120945395, 30.94520019969368], [-99.04681842596273, 30.759684978841243], [-98.96357152972288, 30.67914689755051], [-98.71232600913285, 30.6139501894653], [-98.55968343026171, 30.714033164897515], [-98.46454601687594, 30.70567973745976], [-98.08998069333487, 30.376321560826806], [-97.9949788182011, 30.15677260671823], [-98.41301821207115, 30.41117204940841], [-98.8968727449521, 30.40157247903084], [-99.3374146454687, 30.568632401505774], [-100.08370139078403, 31.080758249417713], [-100.28302100242308, 31.1533949700293], [-100.52916805109604, 31.20001572502429], [-101.04222104135874, 31.185945700274146], [-101.25788525060032, 31.140271276222077], [-101.59068091084123, 30.987782141582475], [-101.59662519114842, 31.084338121314264], [-101.41991028192837, 31.290883411322376], [-101.2100928397801, 31.418562263856728], [-101.15673112373587, 31.64563774615133], [-101.68689477083039, 31.46685288480852], [-101.76323867039349, 31.36320180814886], [-101.64162759518612, 31.247189813525953], [-101.64727758166661, 31.202119102950377], [-101.80203713498503, 31.1317966761271], [-101.96954710123482, 30.859534812905174], [-102.20537255250528, 30.865163942296757], [-102.32424201547568, 30.949106390421417], [-102.4967701788011, 31.18473257321533], [-102.68974573281369, 31.18516279896296], [-102.53391433717076, 31.4795113332053], [-102.61094294156013, 31.65504604593501], [-102.72375300155042, 31.74279507791945], [-103.10738147464626, 31.73928739036666]], [[-100.12500562948134, 33.11642308583507], [-99.94960109324143, 32.93369752247589], [-99.77855374833706, 32.88814825519138], [-99.63508432712909, 32.91118077759365], [-99.26462781630593, 33.17071932796967], [-99.16847412661399, 33.486248750974724], [-99.29060547169901, 33.5955909165278], [-99.70133739443213, 33.558778318927764], [-99.96396118222144, 33.692458771982345], [-100.12178935427748, 33.67591031266986], [-100.23480892415245, 33.523178804707946], [-100.12500562948134, 33.11642308583507]], [[-104.0437030182299, 30.69442826754353], [-104.21354378892116, 30.756292629657523], [-104.26045275490053, 30.729036794210057], [-104.23818836670685, 30.625891944332075], [-104.29953033317703, 30.499723021666068], [-104.26108505794666, 30.404037457936717], [-103.99947314734125, 30.35642165902129], [-103.92959544842594, 30.39218704608257], [-103.91451723318387, 30.543043760515964], [-104.03067979714467, 30.62903781067329], [-104.0437030182299, 30.69442826754353]], [[-102.33267181413282, 31.715139400827148], [-102.50310711246281, 31.424579800919812], [-102.45898520048847, 31.32588286632298], [-102.28683057456271, 31.324874908271187], [-102.20953767855218, 31.523873327243283], [-102.0841394363111, 31.65426180496026], [-102.12243040143301, 31.721749349427085], [-102.33267181413282, 31.715139400827148]], [[-99.74533329208755, 34.771065246086806], [-99.91355978443333, 34.74931316017542], [-100.02674455154587, 34.65039502168409], [-100.13604628936035, 34.37134129569975], [-100.11428360838944, 34.21194017725409], [-99.82650168441198, 34.178886098274674], [-99.68221660240516, 34.28991925441358], [-99.61495972145075, 34.513737953398234], [-99.62915728730691, 34.68144171930387], [-99.74533329208755, 34.771065246086806]], [[-99.22325936173752, 34.14219240313774], [-99.52814146119952, 34.007679999405], [-99.43833411757103, 33.86161679153671], [-99.44241389512372, 33.74068590158965], [-99.25559136500449, 33.84690464342886], [-99.04339837465496, 33.8207020766133], [-99.0165034262539, 33.8685932178244], [-99.05053480887034, 34.06813960585604], [-99.22325936173752, 34.14219240313774]], [[-100.74281115373192, 33.61438894537206], [-100.62726984354696, 33.57016784465975], [-100.54323628685874, 33.624971342744075], [-100.63760072295918, 33.73428549188893], [-100.76713039459541, 33.655282796404], [-100.74281115373192, 33.61438894537206]], [[-101.18850659753133, 33.50592138161313], [-101.33246302704808, 33.308796823727], [-101.25939593782623, 33.12820853012965], [-101.16074053381537, 33.13107579942974], [-100.97132652473222, 33.23769373058226], [-100.81368946641406, 33.38677488321625], [-100.79391357948982, 33.464217542128466], [-100.85174802808815, 33.55546401312663], [-100.96614307006988, 33.59089362349188], [-101.18850659753133, 33.50592138161313]], [[-101.41126036084098, 33.04831405756753], [-101.53226439810886, 32.967665884604465], [-101.51519477766192, 32.89628848065162], [-101.34147925210965, 32.93072648633672], [-101.23442944281688, 33.046371492081626], [-101.41126036084098, 33.04831405756753]], [[-101.54276604873718, 32.78486311404769], [-101.69885529883213, 32.8125721633828], [-101.7940234831414, 32.958101870783054], [-101.91222357712768, 32.91235162727214], [-101.8481563741932, 32.54111416532673], [-101.79744369276379, 32.497254825148325], [-101.43871757784166, 32.57382011932156], [-101.41543326416277, 32.70074127696095], [-101.54276604873718, 32.78486311404769]]], [[[-107.36488408463988, 30.670798243586635], [-107.21914437464132, 30.613608982483107], [-107.21977957873037, 30.578022951167423], [-107.40170473420753, 30.61466773657753], [-107.56994922542509, 30.53812096931934], [-107.67044300860121, 30.645913370392766], [-107.71422049288624, 30.57650825429129], [-107.82035282100107, 30.56871534421494], [-108.33548195080104, 30.865387326787086], [-107.88943689240809, 31.090296235045336], [-107.81578872326386, 31.01806712333511], [-107.45595994925591, 30.975504797865604], [-107.4489563117015, 30.758388862975348], [-107.36488408463988, 30.670798243586635]]], [[[-102.49407894379225, 32.708076894025936], [-102.58994717785639, 32.72254541502806], [-102.7004112030279, 32.841077069493494], [-102.53042952545731, 32.940498090188456], [-102.47113894680038, 32.93147854539327], [-102.42405594373928, 32.81066832469649], [-102.49407894379225, 32.708076894025936]]], [[[-86.42839903298945, 33.17171425298362], [-86.79835886279174, 32.97580864082633], [-86.911175193395, 32.94648843675877], [-86.99285076614728, 32.978020512116196], [-86.99418304343544, 33.09384651146953], [-86.57926562087442, 33.405947625458964], [-86.20213726356768, 33.476854094637744], [-86.42839903298945, 33.17171425298362]]], [[[-91.1471187723888, 33.76145481918848], [-90.94883291939865, 33.720363077434676], [-90.55033184949671, 33.77967229054732], [-90.54938926300939, 33.4473312057174], [-90.28123767241874, 33.35877339104206], [-90.10117521944582, 33.448258157656575], [-89.98477690361028, 33.32421990467988], [-90.0733511663426, 33.24452192902186], [-91.7059006915747, 33.81451708544233], [-91.62465701890653, 33.92565044644855], [-91.56486567457615, 33.841743236383174], [-91.1471187723888, 33.76145481918848]]], [[[-96.22100008204104, 34.063673833921435], [-96.54016826815763, 34.14450287532626], [-96.16246943868565, 34.36049055935996], [-95.69996298830783, 34.386810220028934], [-95.80842397276417, 34.254219899548], [-96.22100008204104, 34.063673833921435]]], [[[-82.94742830484063, 34.97105740684306], [-82.97458425855135, 35.00487444440568], [-82.8789744906569, 35.11874720659468], [-82.68759370518627, 35.21092214822469], [-82.8409991652718, 35.025283105992585], [-82.94742830484063, 34.97105740684306]]], [[[-83.44591639742255, 34.67831009939807], [-83.47704787851494, 34.70154361341183], [-83.29280012407631, 34.82013283142116], [-83.413345194977, 34.87371165081975], [-83.28852909415465, 34.93201065055143], [-83.27427457599998, 34.76271691248769], [-83.44591639742255, 34.67831009939807]]], [[[-84.5547114913643, 34.192677151600556], [-84.62076727976454, 34.281680121036246], [-84.41532276873937, 34.50489952457083], [-84.41853003945026, 34.39658737779833], [-84.5547114913643, 34.192677151600556]]], [[[-92.19583267817646, 34.88833004048068], [-91.8991048344016, 34.8559268803531], [-92.28803640353199, 34.55775024329763], [-92.55647973190548, 34.42726506656131], [-92.50040328745459, 34.26152053687945], [-92.62021629090513, 34.15348133879914], [-94.59853670309269, 34.647339564122035], [-94.43943255691183, 34.72377035088573], [-94.16894516486312, 34.61631376461778], [-93.9817229067337, 34.59876630050228], [-92.69768579777839, 34.8713123358295], [-92.19583267817646, 34.88833004048068]], [[-92.68300537579003, 34.37393550788021], [-92.79008239757518, 34.46342171300971], [-92.94382691996672, 34.41592716921651], [-92.82402281639821, 34.278496187170006], [-92.72658061327103, 34.30326296668358], [-92.68300537579003, 34.37393550788021]]], [[[-90.65088242625599, 34.91439816956396], [-90.75478270895695, 34.891208459140714], [-89.88114941551015, 35.47732001718524], [-90.02766958296074, 35.29687372798096], [-90.26997026270313, 35.17611337640488], [-90.3324565116134, 34.9878706221625], [-90.65088242625599, 34.91439816956396]]], [[[-77.6258668381109, 37.462198448874254], [-77.56069327868293, 37.70925208258465], [-77.38456159926352, 37.81815919864491], [-77.35011674215316, 37.751500653711425], [-77.38237161071397, 37.670798802056375], [-77.6258668381109, 37.462198448874254]]], [[[-81.09624783214197, 38.32749423414277], [-81.51615397897729, 38.03311423495099], [-81.08299523319141, 38.696766244736864], [-80.72289316387405, 38.94251521023949], [-81.09624783214197, 38.32749423414277]]], [[[-78.53952030479373, 42.138691049851296], [-78.53189990785071, 42.276627404166824], [-78.39314951831632, 42.439366611699576], [-78.4408519251933, 42.48857558851056], [-78.28248371305773, 42.55164398471269], [-78.53952030479373, 42.138691049851296]]], [[[-78.45078934648235, 44.54688124108279], [-78.52790417211135, 44.49915131271521], [-78.63105964809249, 44.57427824589129], [-78.72192325329544, 44.44746551257068], [-78.89169318884845, 44.36544523013792], [-78.56986905742184, 44.734435404296434], [-78.28311487210546, 44.923289040138314], [-78.45078934648235, 44.54688124108279]]], [[[-62.451593226669665, 49.492908445723636], [-62.050184388177954, 49.38517087425677], [-61.89234568954611, 49.25389130216213], [-61.86244226420656, 49.173216196585884], [-61.98639701497944, 49.119737258047145], [-62.38064385409839, 49.10716560335198], [-63.049578676695134, 49.232212981812], [-63.532027917740564, 49.394025617572666], [-63.83373109359004, 49.636801301329584], [-64.50976713609722, 49.887106279443586], [-64.17961185362533, 49.92357388205016], [-63.49451837689947, 49.83475519879308], [-62.67093380325508, 49.639583097555274], [-62.451593226669665, 49.492908445723636]]], [[[-56.08964445515111, 51.01518754897911], [-56.302705536505925, 50.71173084332041], [-56.35029159214984, 50.853489048832735], [-56.378636063409836, 50.82736328785058], [-56.488751691887884, 50.94766306264502], [-56.62501100897034, 50.87568079691255], [-56.93702897629677, 50.40627741121292], [-57.066461052025616, 50.31242496426741], [-57.079166063857954, 50.23965372797512], [-57.57670814299047, 49.700984355639704], [-57.600565119521974, 49.62254541818025], [-57.352639765277054, 49.33724012952647], [-57.621335991230296, 49.02697163020225], [-57.81692745480227, 48.66829012240083], [-57.86180486095446, 48.74637599052786], [-58.04561507294328, 48.599066099998765], [-58.07693106494608, 48.53525313498274], [-58.03493682670348, 48.43206129664522], [-58.32411229496398, 48.13543232081957], [-58.47422364056943, 47.89444175773126], [-58.9850653177061, 47.662466439171524], [-59.11600080537421, 48.01754196038021], [-58.74109117690785, 48.21028379899479], [-58.449697010798886, 48.431726866702675], [-58.226207075227116, 48.48924995070648], [-58.349255378762166, 48.5780316421688], [-58.49781413608259, 48.601077415144694], [-58.95233094630337, 48.56471857919385], [-58.80862028970744, 48.6989497363572], [-58.54103076949593, 48.82159110592117], [-58.65406279408446, 48.69580132170674], [-58.44874222391516, 48.65350335827579], [-58.44421570973059, 48.7456249944377], [-58.244075623272614, 49.08774549787485], [-58.13903737576263, 49.185237885162366], [-58.0816200431006, 49.107001580245345], [-57.90750967426719, 49.08338356639515], [-57.90656744330295, 49.209319468965944], [-57.855782881978556, 49.20403447860042], [-57.99734832387306, 49.33886967148004], [-57.98504949802244, 49.4509348711752], [-57.81113069061819, 49.58392089118708], [-57.756535530936645, 49.492604610225044], [-57.68796174111575, 49.518021320085786], [-57.76045929357255, 49.742249603837784], [-57.58372423302285, 49.87785914822576], [-57.59765845246964, 49.98543191809431], [-57.37532246377834, 50.38026179876808], [-57.222967645710035, 50.61088626324764], [-57.15047573674448, 50.616614951317764], [-57.2373426412293, 50.714650805919284], [-56.99908432172514, 50.80868761277192], [-56.91490058218064, 50.89880291095956], [-56.96702291789242, 51.04094915931711], [-56.883740802727104, 51.031392286745906], [-56.737226022060135, 51.262566289659944], [-56.6190705163771, 51.30246894242659], [-56.24449788204624, 51.268984228084406], [-56.226100124196556, 51.12442396149624], [-56.15609211902951, 51.1698961759428], [-56.09521275979839, 51.14436255206518], [-56.08964445515111, 51.01518754897911]], [[-58.20739050135588, 48.67442536526991], [-58.11754540385926, 48.73086650705198], [-58.13761014795912, 48.75801433926027], [-58.191953110454136, 48.738582318610355], [-58.20739050135588, 48.67442536526991]]], [[[-59.58109659981286, 51.75579483312595], [-59.60170037838194, 51.691041805655836], [-58.977716304108895, 51.43967980330877], [-58.44334823534804, 51.2846474319236], [-58.648459211236045, 51.22722000694988], [-58.71323109835858, 51.11214987944491], [-58.869763158904675, 51.040933670488876], [-59.02629521945079, 50.89136316624729], [-59.05328350575184, 50.78228199675976], [-59.301575739721535, 50.69688486895393], [-59.603844546293324, 50.47068774732698], [-59.78736489314047, 50.43288255558039], [-59.83594380848238, 50.30205029299724], [-60.05724775615101, 50.208871253129786], [-60.402697820804484, 50.24685508300563], [-60.694171312855865, 50.20196185171748], [-60.769738514498805, 50.257209059109], [-60.86149868792239, 50.25375798372784], [-60.77931146064411, 50.324661117133466], [-60.849333650385596, 50.35022642923233], [-60.981276761130516, 50.282729449885665], [-61.116828216272, 50.31318072740201], [-61.51348357464565, 50.27661528476403], [-61.986846311045454, 50.174805088822474], [-62.19001509480668, 50.31475035859953], [-62.984901012495754, 50.363433459195626], [-63.71269203610202, 50.31182159937597], [-63.888140329732025, 50.373504272697694], [-63.92630047598122, 50.539626230769564], [-64.04975786081005, 50.722708203981796], [-63.908850206247024, 50.92672791655676], [-63.43879325167309, 51.20450138545201], [-62.93770723995187, 51.14630588894313], [-62.872050208977385, 51.229508713505545], [-62.65355271977766, 51.19578007552542], [-62.60269640280993, 51.2869977557033], [-62.620748461226675, 51.373592555728735], [-62.57914609330439, 51.385379288696136], [-62.63600983523473, 51.576128377614054], [-62.9103335453733, 51.57385744393368], [-62.94190906970705, 51.60941166278703], [-62.91451310334592, 51.83868479279501], [-62.695614281025634, 51.9446345617618], [-62.115032661033396, 51.938340013447295], [-61.73971081020665, 51.817559961880306], [-60.81335593598641, 51.975784094058035], [-60.90750194570195, 51.929393186668456], [-60.93488019037115, 51.82842132065025], [-61.02606553674417, 51.797991255882486], [-60.97664661593119, 51.748063994431135], [-60.91619185111602, 51.75589311634749], [-60.83333766211129, 51.864900621112895], [-60.59376488451504, 51.93714743957694], [-60.61213010700496, 51.9841703353337], [-60.15096091295908, 51.87349517310686], [-59.731405268999985, 51.85995239639993], [-59.58109659981286, 51.75579483312595]], [[-61.71610775996518, 51.55174779672195], [-62.16468693958788, 51.636749212491395], [-62.267907087642016, 51.518404509502865], [-62.548374087503404, 51.34464753170773], [-62.56852315573899, 51.262402490273914], [-62.35511312554088, 51.21666521181554], [-62.442751389692404, 51.117177400428616], [-62.06949061749721, 51.177934231032474], [-61.65709654830124, 50.85289037753388], [-61.49884385695216, 50.81339067024521], [-61.2505806260372, 50.85205370058633], [-61.044478695610636, 50.955490071230344], [-60.83597855725269, 51.13007991269211], [-60.736661974098006, 51.307626843985844], [-60.76049359129761, 51.489514766347476], [-60.873649590914354, 51.54609605482266], [-60.95851477385877, 51.711612136303486], [-61.11167046816936, 51.55778947108178], [-61.20003250225621, 51.59018130880661], [-61.30075248756886, 51.74360629999506], [-61.42943653708988, 51.735345400398], [-61.51148415896292, 51.64129498373635], [-61.44288306405396, 51.41308402399364], [-61.6424228077499, 51.475000829100566], [-61.71610775996518, 51.55174779672195]], [[-62.09328880335386, 51.70749779521361], [-62.184582563874955, 51.8811981980478], [-62.29755158969348, 51.849909179476505], [-62.30150398671216, 51.766172549842], [-62.24836274607315, 51.7253944813863], [-62.14506516783841, 51.673269863840275], [-62.09328880335386, 51.70749779521361]], [[-62.560840272650836, 51.57889247540676], [-62.568662373519345, 51.53726997106596], [-62.49656478988009, 51.4860429764726], [-62.32596253431585, 51.54525014560011], [-62.423149178876336, 51.61075991589909], [-62.560840272650836, 51.57889247540676]]], [[[-69.87131551152915, 49.96876724158746], [-69.65867910544162, 50.0311768269424], [-69.2575144970358, 50.30664105504556], [-68.59199648407714, 50.38402377502427], [-68.32838333694609, 50.327246309795186], [-67.95784610506286, 50.60520145021102], [-67.75033587002808, 50.66754584166639], [-67.6725697528339, 50.64905931232593], [-67.62721210608879, 50.56381505515882], [-67.64032149442042, 50.449717923443394], [-67.44561856655179, 50.41765909994001], [-67.16295640677357, 50.197172789395914], [-67.01791456386026, 49.931509537928314], [-67.12528699945597, 49.87644571394003], [-67.414983424256, 49.88267883219582], [-67.6748864612769, 49.72615092682347], [-67.70718739340161, 49.63929004696767], [-67.673243861299, 49.58047905567719], [-67.51060960374062, 49.47905349090687], [-67.39226746678456, 49.46210724266258], [-67.53160903895397, 49.28921065720948], [-68.0105457183951, 49.15134424652371], [-68.17886439542542, 48.98681453409658], [-68.32821851895238, 48.932088959913116], [-68.63852753971004, 48.932554286445594], [-69.0584856118401, 48.70084097228716], [-69.2306948936473, 48.509560122877176], [-69.32507090123978, 48.46658821957839], [-69.41823805289683, 48.31427265260443], [-71.12427979094791, 46.999537413286895], [-71.38235323390745, 46.90152358366358], [-71.76110339252232, 46.87949569586929], [-72.22701162908591, 46.67206504812847], [-72.49844135074493, 46.64869142913803], [-72.65368333458817, 46.721871059702856], [-72.84186959567681, 47.47613851005557], [-72.72631602980294, 47.90884496395203], [-72.91036826936718, 48.25121598871303], [-72.9167519246285, 48.37959839312358], [-72.99486945193507, 48.41023994777035], [-73.03454152773989, 48.56806280232007], [-72.94539260041391, 48.749352074027], [-72.73997376268193, 48.91632381553214], [-72.46464113568763, 49.3898401727822], [-72.34425628485427, 49.33772499865176], [-72.34817525845938, 49.15243516524077], [-72.2584486154498, 48.95500181744766], [-72.10531290512958, 48.96131888720992], [-72.05755558394712, 48.98751806919872], [-72.08129310463269, 49.059197526214994], [-72.04996440807419, 49.06645620306003], [-71.95180686574876, 49.02051968127749], [-71.98322934359533, 48.94679523665385], [-72.22386183553682, 48.85066945250869], [-72.27559482539772, 48.755713204702744], [-71.9390920680243, 48.532964405933846], [-71.80415935478368, 48.35973698427025], [-71.64540109901282, 48.340331491553876], [-71.57118847655808, 48.26053629210781], [-71.48682503607786, 48.2498500687574], [-71.30127694912153, 48.38088390523317], [-71.22831438785806, 48.58590694804211], [-71.16985147358186, 48.52439912475109], [-71.24887424810235, 48.26906839965532], [-71.53723571304897, 48.17368110936114], [-71.67118792581459, 48.069883857348294], [-71.75753936558874, 47.92836010219213], [-71.62408112858624, 47.86598409800526], [-71.71825338812212, 47.72209692043451], [-71.76532523306342, 47.71613202188713], [-71.83632428929543, 47.837655579408576], [-71.94216145335777, 47.876808432416354], [-72.04437710097235, 47.835690904683375], [-72.13139957323352, 47.725303923044514], [-72.24001833599674, 47.25656121855895], [-72.06672797050418, 47.00331005915975], [-71.65674764669866, 46.99856744354971], [-71.30508907819949, 47.31492146730743], [-70.97250403077035, 47.43410290543221], [-70.96248022439295, 47.617748886632036], [-70.79465361920691, 47.63775011124743], [-70.8041727395996, 47.72751013846856], [-70.69814214723353, 47.87051266746609], [-70.80776754121432, 47.92460142959481], [-70.86203950080534, 48.03163476363478], [-70.89055677999899, 47.823207432359546], [-70.99666188094777, 47.7469566428502], [-71.19616595369519, 48.02597427805794], [-71.12190009851061, 48.10125183280135], [-70.77903785935243, 48.15929229708401], [-71.02762426854137, 48.409557659670696], [-70.99289627812672, 48.480950357439305], [-70.80247173116472, 48.545322425262874], [-70.66846618934616, 48.67646895681713], [-70.61537939008848, 49.02708121962923], [-70.54125800977721, 49.10682520793903], [-70.63168206322709, 49.31849770063256], [-70.58095310837389, 49.56148127461495], [-70.6955576906459, 49.692178044421716], [-70.94455443596941, 49.78479114775909], [-71.08159930332673, 49.68527719815844], [-70.94607569653941, 49.645858545820424], [-71.20601702866999, 49.54797639892122], [-71.4729956556851, 49.50918605631291], [-71.84927528928009, 49.54581460611099], [-72.23251746357553, 49.422581128918495], [-72.44664881014079, 49.41345174232131], [-72.18427708607611, 49.60627105442833], [-72.23036383580542, 50.030727057095575], [-72.06987613365406, 50.31718395885209], [-71.76860280869656, 50.39798853627598], [-71.51548818313286, 50.549270938492505], [-70.6504850853654, 50.33654654735053], [-70.46811258114113, 50.23006259564056], [-70.34319724774694, 49.972805227961125], [-70.2679893855565, 49.91063227203048], [-69.87131551152915, 49.96876724158746]], [[-69.87131551152915, 49.96876724158746], [-69.9840642558972, 49.893195230624464], [-70.03799175571869, 49.774158538025816], [-70.17950839310323, 49.70760595634855], [-70.2550820320218, 49.56923498988438], [-70.46032160805579, 49.51412361745127], [-70.49362613641145, 49.416783289329686], [-70.31772446094722, 49.35247877348658], [-70.20072767070714, 49.38033024754335], [-70.10034430010136, 49.46028369458185], [-70.00889510267554, 49.63232574498689], [-70.11068914070015, 49.643194408812505], [-70.08370098236121, 49.68757605218223], [-69.89234289306364, 49.77989107195935], [-69.87497423480225, 49.70626816009923], [-69.81941583577682, 49.70760564738335], [-69.51864827486423, 49.7904060109631], [-69.4431858557168, 49.86909653332455], [-69.58860155210779, 49.968455014066684], [-69.87131551152915, 49.96876724158746]], [[-68.02482181019347, 49.221846696426994], [-67.96713249751775, 49.30257880789552], [-68.01159737959962, 49.446885514437085], [-68.18377132107078, 49.59927886089689], [-68.99252167721596, 49.65814545012513], [-69.20446933171553, 49.804681112901264], [-69.34380350013916, 49.75436421055508], [-69.43266649534661, 49.58040541432819], [-69.3567363013585, 49.386512255963716], [-69.24664398828082, 49.33566544511375], [-68.95374094063348, 49.49605114216293], [-68.68769737117307, 49.55104094656636], [-68.51740394918949, 49.509378105558945], [-68.4630055484027, 49.40928802719105], [-68.16008540581124, 49.36881480447287], [-68.12120225441369, 49.256971416059365], [-68.02482181019347, 49.221846696426994]], [[-70.28135298508353, 47.80150663142924], [-70.26354025113488, 47.771763232379826], [-70.09809388004031, 48.14737313052992], [-70.24227161551543, 48.270257264672416], [-70.25470705475244, 48.52840058492886], [-70.19703877336784, 48.787866270383624], [-70.23892140676536, 48.855556945851845], [-70.44177993903273, 48.72877938728529], [-70.48616202859792, 48.4817015726955], [-70.66201056064861, 48.27568735369147], [-70.5699748930548, 48.18190774105511], [-70.29358090316838, 48.15156944465706], [-70.24452634897835, 47.93890293120702], [-70.28135298508353, 47.80150663142924]], [[-70.3651641177298, 47.924040901116165], [-70.31714262752008, 48.07931396042077], [-70.50235918897805, 48.07891661893696], [-70.55036849846897, 47.9519521103384], [-70.4968273944834, 47.86778857892691], [-70.42803477265781, 47.84949477311211], [-70.3651641177298, 47.924040901116165]], [[-70.55623407971161, 47.811189397583185], [-70.6678604818362, 47.70804067062438], [-70.56769868462273, 47.59902874411973], [-70.51493199966447, 47.70471325982966], [-70.55623407971161, 47.811189397583185]]], [[[-61.26110221951584, 45.588436826580185], [-61.39597159433216, 45.70338760659374], [-61.41309171206333, 46.0530355455017], [-60.68219656553962, 46.94186835542966], [-60.53485070165719, 46.99144231283407], [-60.4394661160571, 46.971261495154565], [-60.36438515484663, 46.91373828350776], [-60.354172312773734, 46.83280163671337], [-60.48353468843317, 46.36061626532164], [-60.99919933159673, 45.8603224810915], [-61.145289192655596, 45.59121819146877], [-61.26110221951584, 45.588436826580185]]], [[[-75.93340560680721, 46.58555691486315], [-76.04490331719967, 46.39475320637919], [-76.03667359965304, 46.294361345763235], [-75.61879028454983, 46.31376895950733], [-75.5484541507188, 46.36295398662609], [-75.39971111611997, 46.629743835518944], [-75.3997335278902, 46.738549817895745], [-75.55024406901728, 46.83099555863845], [-75.39211351371831, 47.295896225717804], [-75.05928977300138, 47.58631995460745], [-74.7914002166669, 47.227061448462656], [-74.62352492293071, 47.1929059681863], [-74.17602702607158, 47.23144463372818], [-73.86245031084076, 47.17300097078604], [-73.68116187044318, 47.065863867498116], [-73.70959298879565, 46.866304530220724], [-74.073307777977, 47.00967712861902], [-74.40738072852166, 47.01043476165859], [-74.91458176342292, 46.52886573466963], [-75.06762492910622, 46.206488041117204], [-75.25807631698605, 46.292670245684214], [-75.63678201700407, 46.03187498256688], [-75.80389036559095, 45.805665233571084], [-76.22307549989945, 45.56322604598245], [-76.31380823020457, 45.41716227048323], [-76.29897547446261, 45.10360510377852], [-76.33577069566131, 44.996321430564436], [-76.69434258377377, 44.692591118438806], [-76.8501922044308, 44.33383430251396], [-76.98273742962655, 44.2028945854723], [-77.38932348498143, 43.96343312381984], [-77.7615289559217, 44.026200488898404], [-77.70246776239769, 44.104046574198776], [-77.69025737077908, 44.282841668186016], [-77.62290917750089, 44.36824184066027], [-77.63919477939336, 44.5344971787036], [-77.71247533886459, 44.5456255020197], [-77.84945398916219, 44.20166523027699], [-78.02269276311559, 44.144270137995875], [-77.94436756501388, 44.06752175956958], [-77.94053836415212, 43.98340973940685], [-77.89569212605223, 43.97503453688595], [-78.20893460967955, 43.9247617164774], [-78.12386772167915, 44.158088682493876], [-77.98525442166496, 44.29151519948548], [-77.97021149720278, 44.37185788285597], [-78.05966057905732, 44.40719121323999], [-77.85695785643354, 44.50371770101172], [-77.85208283389312, 44.54377966992859], [-77.99267698040157, 44.61876056021996], [-77.92167294061528, 44.870678864904505], [-77.99372181381501, 44.94549803456057], [-77.83317313337581, 44.97176193211762], [-76.77867083457089, 45.43177274875221], [-76.62098197870671, 45.686492122267836], [-76.26030902765444, 45.97895712460557], [-76.83485619476899, 46.217189901017456], [-76.89354920583295, 45.923539115642384], [-76.95665986457355, 45.82835707019973], [-76.86303584993114, 45.75775334264072], [-76.86300360990472, 45.6996843903687], [-77.06703854842702, 45.593427121513464], [-77.07786186181367, 45.6414421396362], [-76.99481875108921, 45.703612341201755], [-77.09212929895415, 45.75228931803383], [-77.2575206166127, 45.96351977198273], [-77.3518916749516, 45.92730592474633], [-77.34384038641922, 45.99096690537301], [-77.50435898246944, 46.099132407422985], [-77.54362879433162, 46.09794289757486], [-77.49651801361942, 46.01658793921244], [-77.64126006869189, 46.05070413749822], [-77.7244795504794, 45.99834845142863], [-77.8067209513916, 46.02558055534846], [-77.82777951935725, 45.97907562894712], [-77.94246412410551, 46.028372049081746], [-77.97484916681387, 45.94370870883526], [-78.08731463673995, 45.991344438370014], [-78.1471443943208, 45.940162292333454], [-78.03907795152409, 45.79606716470665], [-78.13399233606256, 45.82454722235666], [-78.19718987608114, 45.59069448315904], [-78.04007033647099, 45.43787736148406], [-78.0679003963896, 45.387599337368094], [-77.88495049930631, 45.23556650936759], [-77.7712029815944, 45.31995078734721], [-77.48973625314734, 45.35810482930851], [-77.48478914243184, 45.42956854818096], [-77.23364841998432, 45.632913164750455], [-77.07604759857112, 45.58269378114618], [-77.18608617932165, 45.43522259913647], [-77.41171914812851, 45.37876762962566], [-77.75285927032701, 45.21099240940056], [-78.44734542740176, 45.21935037982834], [-78.58345737271219, 45.13880930897516], [-78.65944496577947, 45.02205997957942], [-78.72876466544479, 45.06373883243687], [-78.7061539089548, 45.1936231391018], [-78.82292070403263, 45.131135565689775], [-79.0499444235779, 45.11546134798137], [-79.09773675904974, 44.96002567895924], [-79.26949231143048, 44.85742049266258], [-79.45575133142302, 44.41212000949971], [-79.54880051920279, 44.361969363901224], [-79.68487991610974, 44.398995042681136], [-79.80982084655328, 44.57600830102011], [-79.92405484190787, 44.6301896115085], [-80.01516569392734, 44.75242084261234], [-80.01767939329956, 44.82917448716576], [-79.9230254447669, 44.850009663208525], [-79.78717432110832, 44.763005538300796], [-79.5796535802214, 44.72802233062062], [-79.35953044908868, 44.77880837064051], [-79.33996088261586, 44.888283848191], [-79.62558122319687, 45.02595008841554], [-79.59972675623601, 44.95810792132549], [-79.63604577061263, 44.953210345474574], [-79.70612764999048, 45.03509423594204], [-79.73320392342991, 45.00627056815829], [-79.66486019684791, 44.8685761824357], [-79.72101139370665, 44.889066203408625], [-79.9065883457255, 45.05210965317897], [-79.97969118043193, 45.230133894567125], [-80.10527642204069, 45.28404089757519], [-80.07390440940037, 45.323684191184626], [-80.1104922545076, 45.39955132700322], [-80.15325443885688, 45.42162697406707], [-80.20054401828091, 45.38482814637135], [-80.19230505047946, 45.32367200236375], [-80.25587902738981, 45.32559527924493], [-80.35745111446282, 45.36292908096712], [-80.42278884627329, 45.51262982918976], [-80.16976379388305, 45.81256282556417], [-79.71980703650381, 46.01341344598508], [-79.6040477879768, 45.9483081834398], [-79.5805253828727, 45.69699313567122], [-79.49003262909542, 45.62196938192919], [-79.33301892600178, 45.694030607078616], [-79.16432596739324, 45.98807207961494], [-79.03005851591756, 46.11184925726746], [-78.95402553322697, 46.10299120431543], [-78.91085063288322, 46.032697690540324], [-79.07957536370675, 46.019758743388785], [-79.11136534739329, 45.97216954909042], [-78.64732150684365, 46.00698918554799], [-78.65328399414149, 45.956942848448506], [-78.43920394464408, 46.06676726829511], [-78.42422718464394, 46.14974708121863], [-78.33568833526789, 46.128019194524974], [-78.20322510990593, 45.98584316671253], [-78.12966141842107, 45.99750482453664], [-78.11324734816057, 46.12561781828864], [-78.05631220318764, 46.12818573927516], [-78.18329758812244, 46.2488357620366], [-78.4213857027649, 46.35916981541335], [-78.60948614404764, 46.389663114530585], [-78.59385516883577, 46.32871696473474], [-78.75051082686994, 46.39244471322312], [-78.8144270645878, 46.33791976465191], [-78.97896781203623, 46.36182357390185], [-78.88253737311602, 46.589247517790206], [-78.62569676938955, 46.689400705053714], [-78.36216622235527, 46.69004422984039], [-78.20137488286247, 46.899682067797634], [-78.05690776814996, 46.86754647800046], [-77.77989822457384, 46.677972697793486], [-77.71733431566848, 46.697695873858194], [-77.76962210887905, 46.837074105997914], [-77.6510610902374, 46.89646845949448], [-77.24023586586594, 46.85910983717795], [-77.1428129609298, 46.90737595650339], [-76.98913450900223, 46.807783657760936], [-76.31210800936631, 46.713277331431534], [-76.11474243686733, 46.74541430892295], [-75.71599475093308, 47.032673461983144], [-75.93340560680721, 46.58555691486315]], [[-78.00524872227815, 46.224517214396485], [-78.12576038991257, 46.3265843076279], [-78.15629784535085, 46.32776294947111], [-78.16587804986966, 46.273452759850315], [-78.00524872227815, 46.224517214396485]], [[-78.34473720457669, 45.735594914802405], [-78.30816440983058, 45.71370407005045], [-78.19227934266142, 45.84183749432595], [-78.2199308338917, 45.95029131635318], [-78.324228206731, 45.960514103540184], [-78.43405591089889, 45.880110350127865], [-78.44347839388881, 45.83817017452224], [-78.34473720457669, 45.735594914802405]], [[-78.47578854217116, 45.52544033636187], [-78.44726726948373, 45.43888673054547], [-78.36427951688586, 45.42041442665665], [-78.36327304642333, 45.448728308012036], [-78.47578854217116, 45.52544033636187]], [[-78.73111240268537, 45.564362843706554], [-78.84063190777172, 45.499489269776014], [-78.9224273794614, 45.51931920912105], [-78.80338674710356, 45.47434718230166], [-78.73111240268537, 45.564362843706554]], [[-79.03567845873782, 45.52391720437435], [-79.08520878885918, 45.593099763285984], [-79.15342838195258, 45.57300408160013], [-79.10620861133312, 45.51955076557533], [-79.03567845873782, 45.52391720437435]], [[-79.57574218964243, 45.155555952391516], [-79.38405824844182, 45.060015183923696], [-79.28473899592889, 45.06572970963191], [-79.44396981727002, 45.18571896290044], [-79.57574218964243, 45.155555952391516]], [[-77.61553976943912, 44.93117023925896], [-77.65360557466582, 44.984117079056524], [-77.73763689469314, 44.98417991896954], [-77.79552577774324, 44.84624142074076], [-77.89637745549881, 44.817808890845384], [-77.89543200959493, 44.755327604108714], [-77.81201967994977, 44.72238654953741], [-77.84229197892293, 44.596087696355305], [-77.75359974557723, 44.64150990589859], [-77.69103661424543, 44.603473788350975], [-77.60832821718877, 44.748064698442185], [-77.52236059141971, 44.799173125399264], [-77.54160044864733, 44.852216362768246], [-77.65308985561936, 44.8209325795092], [-77.61553976943912, 44.93117023925896]], [[-77.40619582786192, 44.651720627538175], [-77.28266118937832, 44.71728511898942], [-77.28916222968058, 44.76902169663488], [-77.3595612967268, 44.78776242327135], [-77.5815872051843, 44.621943650503006], [-77.52526332838839, 44.59171639744324], [-77.40619582786192, 44.651720627538175]], [[-77.22170342049561, 44.32954081805849], [-77.20542354892059, 44.486361981770216], [-77.29541984295582, 44.55564468381386], [-77.46814259375356, 44.54539454480282], [-77.49415955585299, 44.48590145846504], [-77.37079533684287, 44.44824974303728], [-77.30948021423845, 44.32681317097397], [-77.22170342049561, 44.32954081805849]]], [[[-79.07771301756762, 46.287987764063026], [-79.12272928374581, 46.253302308902285], [-79.33462744245048, 46.281220260112846], [-79.23622738065757, 46.338343935349904], [-79.07617477168012, 46.33099991967161], [-79.07771301756762, 46.287987764063026]]], [[[-82.17538166250027, 39.56251116658667], [-82.11962658279576, 39.607186551620806], [-82.09137820376239, 39.7828645148], [-81.99992584359087, 39.83001222230434], [-81.97174949253902, 39.62266735154692], [-82.11366490728255, 39.343778100071845], [-81.99449184523137, 39.168399120826024], [-82.07518666840197, 39.077371928132344], [-82.1135635936453, 38.925076302517105], [-82.28218514070177, 38.84778159336307], [-82.17230141048412, 38.62590424416405], [-82.37251852820137, 38.67885059046801], [-82.46128430202833, 38.5815814649429], [-82.61982381485335, 38.53401580110962], [-82.76827764424634, 38.59574005364233], [-82.89777347446964, 38.73055175470405], [-83.0369307999012, 39.0210997955104], [-83.22790784463092, 39.06602259004488], [-83.2482250994418, 39.12360269109252], [-83.12504439955491, 39.33390722163347], [-83.23522465383539, 39.38738797995154], [-83.39741669260465, 39.277412458291764], [-83.46887076841551, 39.07466688708559], [-83.29411651267436, 38.81431189609626], [-83.31263138661666, 38.61633781432481], [-83.53254132128673, 38.529008390208865], [-83.65228104731067, 38.54935365754211], [-83.67318018592609, 38.62852818442447], [-83.6206664347073, 38.76304981304273], [-83.70704228811816, 39.08442449634249], [-83.66851494839807, 39.29109696244904], [-83.29555026585791, 39.54158364261533], [-83.26394989047223, 39.534842937832025], [-83.28950467077364, 39.4150004610096], [-83.09903891397389, 39.4546451292486], [-83.01873553957901, 39.60534473253492], [-83.13085365150994, 39.92308421310049], [-83.28897795761466, 39.87966205508803], [-83.73195721395842, 39.92912163841587], [-83.7102280827893, 40.03606706274634], [-83.48773806893081, 40.01206656528878], [-83.30932999672706, 40.07649456899002], [-83.24020314845579, 39.99405250008892], [-82.72963096883224, 40.004406941048764], [-82.68403804352623, 39.96853459621177], [-82.6717087734179, 39.84093011734213], [-82.6082111675363, 39.86409184315266], [-82.6077694227345, 39.99899929704106], [-82.55801878668815, 40.014981925613135], [-82.32417407665179, 39.93203618276251], [-82.24354235926235, 39.84308540819394], [-82.17538166250027, 39.56251116658667]]], [[[-84.05006686652695, 39.74297281397541], [-84.08352940974179, 39.671083238375914], [-84.17307546619674, 39.68831262235559], [-84.16175313935936, 39.83207099064427], [-84.05006686652695, 39.74297281397541]]], [[[-84.69274825137349, 40.25170196046826], [-84.87156681763454, 40.12234790616238], [-84.8768309244343, 39.863868165627224], [-84.97041496160111, 39.85180710837453], [-85.0672775752493, 39.99537924706163], [-84.9895961981517, 40.15208599374016], [-85.02348700829299, 40.509760709334515], [-84.69274825137349, 40.25170196046826]]], [[[-77.9661676047657, 43.04850060715716], [-78.13570354394072, 43.13015228246133], [-78.10964994147855, 43.236982221564844], [-78.1577567489662, 43.30041585264974], [-78.32583093826428, 43.252818589847244], [-78.42701062462537, 43.33010981014646], [-78.52358724946431, 43.29772188683479], [-78.59756730787565, 43.08356168773463], [-78.36556472030786, 43.09948166700661], [-78.38652932482937, 42.881893713338556], [-78.25744893395182, 42.785366496402496], [-78.1591411842655, 42.78283067262498], [-78.10498257930146, 42.90792314631542], [-78.01724927339174, 42.96909386893017], [-78.25023088490997, 42.602871785512676], [-78.39506325941646, 42.63366850785674], [-78.39159122458675, 42.763555640198156], [-78.52483493308418, 42.94041441029255], [-78.6903124423792, 42.88079940350015], [-78.7258969967099, 42.71608447101764], [-78.60448162369428, 42.67867447681003], [-78.6151205528674, 42.49426904878485], [-78.84126322908476, 42.353110518309585], [-79.09867675840015, 42.374002825886784], [-79.09379492254233, 42.26247992968615], [-78.88948297710682, 42.03324255225598], [-78.93917021886014, 41.8652690326211], [-78.87460809318881, 41.71310047729705], [-79.49458192860638, 40.69555033901642], [-79.90231349359769, 40.308080220748884], [-80.37366490122083, 40.453077088283834], [-80.5270964222747, 40.45383122535095], [-80.72328385340677, 40.27642018025331], [-80.67802251317964, 40.1635674866465], [-80.70889677792266, 40.11333827741698], [-80.95023395910628, 39.94642411052239], [-80.90864200136635, 39.68004736331904], [-80.84573430077616, 39.62657262639007], [-81.26354129386952, 39.302117496217036], [-81.27641329065507, 39.420307030705516], [-81.37683628683185, 39.49360224801858], [-81.54821759989231, 39.211297018862226], [-81.84274707463892, 39.22220554264135], [-81.675811568661, 39.32075356992178], [-81.65753360780106, 39.44045526931617], [-81.35774731548042, 39.55950699658782], [-81.29730884595729, 39.65747857583835], [-81.34311835055139, 39.731058635570406], [-81.30325782973925, 39.898437680965024], [-81.453060397369, 39.95820260064839], [-81.47794398676801, 40.06496183380236], [-81.60582278604403, 40.10257655696141], [-81.65364171389986, 40.19660446441184], [-81.85059339058279, 40.18474319785418], [-81.87317930787725, 40.241588195949106], [-81.80170708618708, 40.404216386516495], [-81.83103548319882, 40.49704829571744], [-82.06790121239547, 40.50964149442668], [-82.12787346260758, 40.62385569973054], [-82.05333934724868, 40.76241057850434], [-81.76045692117144, 40.79932501578764], [-81.7035842160694, 40.97356742878842], [-81.82617583671802, 40.92571323156788], [-81.94574259833436, 41.00944181313041], [-81.52046165119694, 41.51149138834478], [-80.9111564718812, 41.85026675804262], [-80.82697253228542, 41.767601732871356], [-80.85377896792156, 41.62132437631024], [-80.56658688734707, 41.63784094473413], [-80.35577530513396, 41.84159687693159], [-80.43894515884806, 41.97597162848564], [-79.89915402344631, 42.139568045020184], [-79.95309203880232, 42.039598710774676], [-80.27264631545881, 41.962023865398216], [-80.25293614319158, 41.827148920338985], [-80.51125384494237, 41.61437618532058], [-80.52968528644232, 41.54708828644596], [-80.47327344807778, 41.4940328806932], [-80.13581926678685, 41.54745578970579], [-80.03486426834577, 41.70751160710686], [-80.03604671197445, 41.82531057553798], [-79.7885901183202, 41.964401809336685], [-79.76369093085653, 42.079418605041475], [-79.60765772725968, 42.19960364954109], [-79.6467910636239, 42.240207639891274], [-79.60890438636315, 42.28221473836941], [-78.8267812166463, 42.78531661090951], [-78.81167747250784, 42.827550722438005], [-78.90362841946792, 42.868917074937286], [-79.58459617734248, 42.84654103366048], [-79.36131595837209, 43.176427329080106], [-78.40276781324825, 43.35957568612157], [-77.77181808938356, 43.347749655525], [-77.9661676047657, 43.04850060715716]], [[-79.17655942548747, 42.072607146796905], [-79.2228667870993, 42.276266356419505], [-79.35084526084646, 42.285740458417244], [-79.56463829524662, 42.165803164303426], [-79.53444877984802, 42.07929272260137], [-79.64240103351158, 41.82185326661702], [-79.82931930141443, 41.58809087486157], [-80.09830297802989, 41.427640260939256], [-80.15508796082392, 41.25611960233953], [-80.10713021130664, 41.11535966196977], [-80.21791010960291, 40.869220116519294], [-80.18454299084709, 40.82106903413943], [-80.06274136593872, 40.79369415230201], [-79.87458903235928, 41.04571986802009], [-79.73697060056952, 41.11226992743693], [-79.72277505136071, 41.26195623683489], [-79.46398447514879, 41.494835896417314], [-79.3824038005194, 41.74767009423551], [-79.26922072169792, 41.79249005761396], [-79.13231916231166, 42.014572719222926], [-79.17655942548747, 42.072607146796905]], [[-81.10729839553933, 41.118331263943034], [-81.17182611237838, 41.017914053042055], [-81.10622554428956, 40.90160231599716], [-81.1669748513173, 40.78511446127679], [-81.0568519975921, 40.62727489150893], [-81.07480772128301, 40.48969054371526], [-80.99694785554426, 40.4099839278139], [-80.98018091576768, 40.308249382984485], [-80.80346864698684, 40.33970576338963], [-80.67920670532298, 40.47266216397021], [-80.68250209540982, 40.52267379584502], [-80.96242132697459, 40.74098943628427], [-80.96944912756881, 40.95711625345149], [-80.90773725171526, 41.060964642066054], [-81.04915098553502, 41.14863882896642], [-81.10729839553933, 41.118331263943034]]], [[[-83.67254347216031, 40.22005936701045], [-84.02375690881236, 40.52311270679597], [-85.01309481108653, 41.19887914491136], [-84.8563354677969, 41.25515687196898], [-84.69583261700502, 41.16470810461702], [-84.67059616205002, 41.29262997270993], [-84.50106717916323, 41.515943724576694], [-84.31760806088607, 41.409593959420945], [-84.122238036584, 41.460912340350234], [-84.01763660656954, 41.662298532557166], [-83.81361035538984, 41.60669571816507], [-83.67643137539174, 41.637283958110515], [-83.6353380748632, 41.70201413903036], [-83.65655257771493, 41.775863345994026], [-83.90232408016611, 41.92272691230283], [-83.89759807018228, 42.06345632405965], [-83.57971352695839, 41.80962484618555], [-83.30403653610696, 42.26778378403647], [-82.3162839514989, 42.71496547625156], [-81.78499235955476, 43.0658813728054], [-81.53626199040968, 43.3728554140938], [-81.06735655190309, 44.1309494757204], [-80.79056400437139, 44.32469259261722], [-80.59339127141111, 44.5300786190706], [-80.58700028536137, 44.380068482244795], [-80.65648882642414, 44.29411855672658], [-80.62849081786626, 44.21014746323689], [-80.53668312405415, 44.196307233994574], [-80.32990280736729, 44.35105306754406], [-80.04505896060091, 44.31633448770051], [-80.09351395894635, 44.14071820194779], [-80.33819495165358, 43.76833125633013], [-80.3501205199442, 43.64604834677088], [-80.28774262822176, 43.55831347089821], [-80.06788520180602, 43.62383975019225], [-79.86933825855009, 43.99439064597965], [-79.51333222591464, 43.9330948718828], [-79.53304824992021, 43.8410361730113], [-79.82998776820716, 43.65447359428535], [-79.97678635225051, 43.29633930624795], [-80.20949375103503, 43.14015291106797], [-80.2848773947078, 43.14893170917492], [-80.34845752057342, 43.2224717206692], [-80.34303998987669, 43.33625555821452], [-80.43654852572026, 43.45816558689239], [-80.46552966589303, 43.61640354390738], [-80.40454561556842, 43.82566595771782], [-80.43038160831902, 43.85660096657104], [-80.63116729641315, 43.74143250876825], [-80.77479643729811, 43.58721463000018], [-81.01224692832703, 43.53516071092361], [-81.08725230643034, 43.35436152930574], [-81.22990700862512, 43.225740330140255], [-81.15533078597288, 43.13174721294512], [-81.08138410420521, 43.25054836165057], [-81.01830932879399, 43.26360479983517], [-80.73271734327506, 43.20682121376447], [-80.69543921561849, 43.07122301537423], [-80.88044672240706, 42.962521348999765], [-81.14452956835395, 42.91960960133106], [-81.3080088597882, 42.82319445064231], [-81.52296117744207, 42.79964456921726], [-81.5896779501114, 42.89917645696712], [-81.67564878202835, 42.89435081205895], [-81.72451712727519, 42.76626461190482], [-82.05877945070256, 42.63464224390966], [-82.28431557458272, 42.43514601231599], [-82.47373800108986, 42.20585966811458], [-82.48827328630527, 42.00870190184596], [-82.65012896079698, 42.04062277368703], [-82.89499644950162, 41.99547395773758], [-83.08212028504727, 42.10237728444703], [-83.14964105395673, 42.06514119433475], [-83.38335172914319, 41.77509510991792], [-83.3673623890239, 41.6801838867463], [-83.06266462173613, 41.63673418929641], [-83.0046601800528, 41.54727166613072], [-82.76934808828882, 41.54199631432033], [-82.44900034385529, 41.372669635517845], [-82.5056781475472, 41.276158025117155], [-82.7547159207656, 41.147351145794524], [-82.93746912727356, 40.852427143632376], [-83.38533284590372, 41.012650847397744], [-83.51432016880464, 41.11248555940065], [-83.50441518514148, 40.880835762497], [-83.42986388687223, 40.69422449344571], [-83.54876362377206, 40.63300077190493], [-83.46298594375142, 40.343954626667816], [-83.53151396065061, 40.24910633656522], [-83.67254347216031, 40.22005936701045]]], [[[-89.00656755581954, 33.99994814798107], [-89.02437799936041, 34.16356989777589], [-88.98022689525793, 34.2343558518267], [-88.25455691489277, 34.43856691806977], [-88.1416805038207, 34.54557614561067], [-88.14517810431641, 34.66283743886413], [-88.48547920863308, 34.650098921133136], [-88.57191966682647, 34.75241153788373], [-88.73939799405149, 34.777873766788794], [-88.85057560119535, 34.873901097511975], [-89.15521062679547, 34.840252095540315], [-89.13553285568928, 35.00985726781858], [-89.4153250202993, 35.08075703557229], [-89.526484827965, 35.00478774591477], [-89.48587026435388, 34.86480203192895], [-89.51686723837047, 34.782992538231426], [-89.65606690881174, 34.688773670337376], [-89.60104075634261, 34.61521708105837], [-89.70863852704015, 34.28997680357864], [-89.87685174333396, 34.294481668663465], [-90.07500282513166, 34.41474366283349], [-90.3558183412408, 34.482139386644974], [-90.6371786349286, 34.22503649158261], [-90.59370379909205, 34.093579426782945], [-90.65230487766253, 33.95790443620522], [-90.70200260555983, 33.941156931356204], [-90.95181429481126, 34.01916882776361], [-91.13390661128211, 34.16554691914283], [-91.39962917934399, 34.231355726219554], [-91.08223584725386, 34.58553940844139], [-91.0898708261595, 34.49280123953359], [-90.93999906041832, 34.445594302951015], [-90.87613596943537, 34.2860084574491], [-90.72011082817491, 34.29022821382583], [-90.61129549119906, 34.364453034522796], [-90.62014851642132, 34.46617230732701], [-90.57054172326484, 34.544910354467454], [-90.07053178321605, 34.76409310784607], [-89.96404598763998, 35.00894393516731], [-89.82242601948703, 34.99177122309206], [-89.55078622824091, 35.22859582370927], [-89.2181952877601, 35.22536333297019], [-89.15602697629194, 35.27096662088075], [-89.2588912338231, 35.519338822878524], [-89.7079532938972, 35.56420553731032], [-89.88114941551015, 35.47732001718524], [-89.44779727942417, 35.74559858447308], [-88.94552628957574, 35.7257184806013], [-88.48355362456067, 35.50363728520018], [-88.25639928796308, 35.61945676247964], [-88.19460290881695, 35.598887085020614], [-88.1360877479875, 35.345946717412254], [-88.30566841384699, 35.351478518306564], [-88.30955329207244, 35.24433935969236], [-88.58143864144094, 35.27226651487609], [-88.79590486693485, 35.1801943477471], [-88.9092233617432, 35.067117823698766], [-88.82327420874984, 34.996512641968806], [-88.3884499185601, 35.07711764647334], [-88.24785117367992, 34.80829120752175], [-88.01051004267984, 34.808859142350045], [-87.85909914258237, 34.96359692581438], [-87.79359793413728, 35.26803630537958], [-87.8203392993465, 35.400689170783636], [-87.70487462683752, 35.640616008070346], [-87.18130222673162, 35.93623965401449], [-87.13874252393957, 36.01497980502846], [-87.3234129119717, 36.22582804850852], [-87.35455041754184, 36.12011338794151], [-87.26852049758187, 35.993785598957885], [-87.30907199268034, 35.962875654687295], [-87.54093568107822, 36.01805266123203], [-87.7656051804149, 35.85704727294285], [-88.00788435779853, 35.80642796997219], [-88.54724872865286, 35.837309252360896], [-88.5527851334125, 35.89404278378737], [-88.47132216423003, 35.92467794276469], [-88.50769141740307, 36.09360258491011], [-88.36833160535127, 36.20520765282852], [-88.57640228683927, 36.23195155694813], [-88.69173591670773, 36.33878163823013], [-88.16856401393247, 36.761455211285956], [-88.069056276818, 36.46266923952716], [-88.40645104201103, 36.453043696653374], [-88.44173464353526, 36.350520923681664], [-87.9560552624095, 36.346816075930626], [-87.8034010313734, 36.595915218797565], [-87.92207602412556, 36.88727471169827], [-87.13150740235434, 36.95639745927086], [-86.96720941250913, 36.749747457119156], [-86.84526978126506, 36.763352339694926], [-86.73896608629214, 36.99534567334205], [-86.45318187299206, 37.031387789686896], [-86.43578973471048, 37.25440244424089], [-86.26445248564696, 37.16132932352097], [-86.38718207864649, 37.033611402885704], [-86.33184888246103, 36.94643768189923], [-86.38944610705441, 36.848983825375086], [-86.34523662774863, 36.70757695588142], [-86.41107772579629, 36.46203342478848], [-86.22740131073967, 36.42454809199784], [-86.10863102869124, 36.489009937885115], [-86.0365750247581, 36.47081762083532], [-86.07462049696478, 36.360021024031475], [-86.21870875409603, 36.274537203279344], [-86.19426156870344, 36.10187464131133], [-86.2568914432068, 35.93783924237386], [-86.21645674547698, 35.8658513161387], [-86.03184247363538, 35.80298040600056], [-85.520550265034, 36.335708050058564], [-85.45820751407682, 36.14737579982186], [-85.27423952858521, 36.145742300209434], [-85.28483375454705, 35.93360134629504], [-85.16178926750159, 35.93660528810143], [-84.96651370965498, 35.752447992796256], [-85.0008014703967, 35.63736985718101], [-85.15200864987322, 35.58400564716915], [-85.35698082307694, 35.201420293190154], [-85.69635879541943, 34.78481211633288], [-86.14078114896229, 34.605339769464535], [-86.27242653119421, 34.7130372565438], [-86.2688299888608, 34.83646412034277], [-86.3666098145275, 34.85052591563295], [-86.6951638508886, 34.56288622820732], [-86.82236480357747, 34.273589070739824], [-86.9300313309208, 34.16711998145131], [-87.13433379830157, 34.15347563815016], [-87.05558859878523, 34.34020336130602], [-87.22365699466506, 34.43083404800717], [-87.04867197058877, 34.95071111876981], [-87.48394281049508, 34.66491202927583], [-87.62649471087293, 34.42875342244889], [-87.7303587166959, 34.45934722173792], [-87.80373668689211, 34.70783000949813], [-87.94425623760785, 34.644997707309614], [-87.91549506507172, 34.47664964430054], [-87.54553758531173, 34.28070513559229], [-87.66780160799446, 34.139303012594276], [-87.55280362132162, 34.01349239002769], [-87.55371086562108, 33.93805085646633], [-87.71101125375327, 33.84434736532298], [-87.76606105307962, 33.71164108592876], [-87.64495674563439, 33.67659650611048], [-87.35986935167476, 33.72565274285227], [-87.26256287986746, 33.59014859734749], [-87.3270022295072, 33.50002147430954], [-87.32955001504783, 33.367831615867374], [-87.5711349249153, 33.187513492528836], [-87.5336685350162, 33.03557049952837], [-87.63022330327334, 32.86727819415746], [-87.79097840842546, 32.755099451090864], [-87.8857234007473, 32.54359947447501], [-88.07218231429111, 32.39051490506226], [-88.8614107263143, 32.68571165249084], [-88.68927880281497, 32.76186472218164], [-88.41437585084418, 32.636036351888755], [-88.25339509676995, 32.72121973980061], [-88.06250630088435, 33.16878263761601], [-87.75881263845585, 33.4278518794227], [-87.9369504325856, 33.57821502480374], [-87.99907066514865, 33.55640437061454], [-88.03341404004506, 33.39320629908393], [-88.1964481659264, 33.36283318618842], [-88.44420701286015, 33.1961717961566], [-88.4843116546257, 33.25047408641724], [-88.32110293555304, 33.45434559777059], [-88.33976203264542, 33.51525814236296], [-88.5718198962669, 33.41136019314355], [-88.668980884217, 33.46233976286686], [-88.75325812065506, 33.710011198209145], [-88.94977378050584, 33.60423036571065], [-89.01326950479577, 33.50019430208955], [-88.93692616009695, 33.41477139549952], [-88.95447344954887, 33.367937210618926], [-89.24305476750568, 33.29564961199403], [-89.29484513005714, 33.22913533635674], [-89.24354988200867, 33.16761634363975], [-89.14915939768565, 33.17546986786733], [-88.83885607112848, 33.31013180288209], [-88.78157817169301, 33.29737704598763], [-88.77594834501058, 33.24200476557199], [-89.0343879451251, 32.9382765263889], [-89.01030346972928, 32.794131840041516], [-88.89278635318338, 32.69789785138229], [-89.54339323451802, 33.01576612816383], [-89.48844925062215, 33.143463925932444], [-89.65862401252679, 33.573103337057645], [-89.3562741899827, 33.76896738173125], [-89.33285113391884, 33.70462917033854], [-89.24235597783024, 33.67275256190933], [-88.88110536047856, 33.743270887069706], [-88.65354851487409, 33.71034056185808], [-88.60133546208579, 33.77961328467376], [-88.59984174901781, 33.93972962050261], [-88.89030607629986, 33.9355292065312], [-89.00656755581954, 33.99994814798107]], [[-87.80102046896046, 34.17815963531099], [-87.89163432126382, 34.277433479322696], [-87.98653941870569, 34.27689661986362], [-87.87684027005712, 34.08275673269381], [-87.78587887134464, 34.105087853409366], [-87.80102046896046, 34.17815963531099]], [[-87.95201194536202, 34.01441552716192], [-87.98484932250248, 34.049161277960216], [-88.05559359948566, 34.023239348275055], [-88.02188268060533, 33.80095229534321], [-87.9245761917621, 33.77415380544687], [-87.88808526423502, 33.873539451605296], [-87.95201194536202, 34.01441552716192]], [[-87.63319676449602, 36.380725833209446], [-87.81520043217596, 36.34676349542], [-87.84240342064516, 36.31266437509225], [-87.7886714092772, 36.26377480006211], [-87.55993973951246, 36.24464664436464], [-87.55247604323743, 36.30321836657806], [-87.63319676449602, 36.380725833209446]], [[-86.9373766835167, 35.340597888956644], [-86.879826273133, 35.36949973676252], [-86.90795449096065, 35.47194286142307], [-86.76169807180362, 35.55022097718849], [-86.69213037054332, 35.625725367054535], [-86.69744849926226, 35.68720245251828], [-86.8829921655498, 35.728768300954805], [-87.11200983668806, 35.61450292047049], [-87.28865251415901, 35.590305275071294], [-87.30622934111331, 35.52966612541077], [-87.24103086006689, 35.4473321963519], [-86.9373766835167, 35.340597888956644]]], [[[-84.94809883792234, 36.260969755818785], [-84.95752066332511, 36.1679894516995], [-85.0833902198422, 36.25405322624419], [-85.2569847900504, 36.17613328405889], [-85.3643432401814, 36.29670165449331], [-85.26627361601484, 36.49429742187762], [-85.29302166307072, 36.611932747533274], [-85.24259501659644, 36.74367123460683], [-84.83386729639156, 36.941984151986325], [-84.82400167510691, 36.71593103393529], [-85.03556809409632, 36.51632138195272], [-84.94809883792234, 36.260969755818785]]], [[[-90.69479305323662, 38.3889247869792], [-90.66532847764336, 38.261872499429664], [-90.44723265381533, 38.224285773568724], [-90.4382262357657, 37.95073552930231], [-90.23727697834936, 37.88951853161783], [-90.16579627970236, 37.82209855939999], [-90.04671620745455, 37.843902229951595], [-90.15568104284316, 38.02715688462716], [-89.93744240070609, 38.04220685057676], [-88.54116439697412, 37.548415905978885], [-89.05116049325277, 37.102185901475245], [-89.30320601052892, 36.765414370453726], [-89.5507915783967, 36.81232618372882], [-89.55862631653658, 36.969629664836766], [-89.59825343477671, 36.9960049143859], [-89.90870457397672, 36.94773280598841], [-89.93494244935027, 36.81364919912091], [-90.03668794758427, 36.79266701017865], [-89.99485420492753, 36.66210102311455], [-89.4893946008667, 36.53514832381372], [-89.68505675267814, 36.4187388555354], [-90.04103323787744, 36.460245134174336], [-90.30127834556065, 36.27439963884489], [-90.36143197190141, 36.286932276253054], [-90.28838329505889, 36.36904111456635], [-90.34947816347123, 36.433326524248805], [-90.70810688621462, 36.34513045107903], [-90.7161423917871, 36.30424815860289], [-90.5655460832688, 36.20849340706321], [-90.607967816182, 36.064470293530086], [-90.68320822876836, 36.019568952056474], [-90.83398128568967, 36.01434605266721], [-90.86284739936652, 36.133486595271776], [-90.95018584210928, 36.19101322149825], [-91.4002426990631, 36.04392244382289], [-91.38058163117257, 36.004358510132406], [-91.1662539865791, 35.98101795758503], [-91.16310611473016, 35.84180817020093], [-90.98404363764422, 35.74197827266123], [-90.96541011631078, 35.62368819628778], [-91.08532248393435, 35.526455490716934], [-91.29969084593188, 35.61201802112989], [-91.41429696970933, 35.79066043281166], [-91.54671183384748, 35.89505176861259], [-91.85204026225571, 35.934960168048704], [-91.9726255977012, 36.01012860289636], [-92.08376758482058, 35.8700066091699], [-92.27568029813034, 35.88936408541837], [-92.38432921772983, 35.7784441343418], [-92.63875596951905, 35.88600252309619], [-92.73498610456973, 35.88256136114866], [-92.96619413376055, 35.61468036092781], [-93.20801390339773, 35.61843956385704], [-93.38595316015454, 35.70392585566074], [-93.41540122690867, 35.75053354978294], [-93.30432493254042, 35.820760875437216], [-93.31644408319966, 35.89952280500179], [-93.37862961773288, 35.92929537441027], [-93.83857540121899, 35.81295173427193], [-93.97376823115829, 35.830869315076725], [-93.99116209982785, 35.86428868547698], [-93.72747307798103, 36.058060090646315], [-93.3082524084102, 36.057779830172485], [-93.13888224925849, 35.97432821067129], [-92.82837767843877, 36.05959684920668], [-92.8064185433727, 36.11681909389285], [-92.90873177667302, 36.349512744441164], [-93.08323132236254, 36.416189465585944], [-92.24775083236874, 36.949712936627044], [-92.09167577891672, 36.790694994876226], [-91.87117964719799, 36.66703626173467], [-91.49527931951413, 36.71123672838202], [-91.56150258330405, 36.83630269623978], [-91.7992750983164, 36.96020371547408], [-91.99480131092974, 36.996155999059056], [-92.05684564081844, 37.13808223642753], [-91.82802160152647, 37.410958508849454], [-91.76798525748022, 37.37185264108227], [-91.64961525685275, 37.4038682021864], [-91.52558074967307, 37.339084304435666], [-91.39615605561706, 37.37391930963227], [-91.30279286267955, 37.53237242469122], [-91.51098795333209, 37.774334692457515], [-91.52477916399941, 37.86694890214741], [-91.43932948526925, 38.04606175597335], [-91.27738698844077, 38.20635212574707], [-91.25621103403095, 38.08099108097424], [-91.07229201284363, 37.866976856886204], [-91.08214591536422, 37.757487113036575], [-91.18184682860961, 37.65480305009355], [-91.04673650198426, 37.455378233301786], [-90.72943723725929, 37.44023081448771], [-90.68329893125237, 37.399837060929194], [-90.7021936231207, 37.20678882207114], [-90.62101343238139, 37.162241852876356], [-90.4100589707099, 37.270336774717066], [-90.04295780261894, 37.177186336232914], [-89.95103032920785, 37.38785921354188], [-89.98938786998008, 37.59038129002647], [-90.10283607281383, 37.72044791562803], [-90.33996384259646, 37.72706574967987], [-90.47671851969098, 37.86536160744998], [-90.65552758932141, 37.81537741011122], [-90.67194604911026, 37.98472966580111], [-90.7981719919429, 38.07608011409695], [-90.77704837465096, 38.344278127970995], [-90.84475353222987, 38.34119581872377], [-91.02300037968382, 38.18097502632754], [-91.14919841473107, 38.30390943910023], [-91.06706348619527, 38.38680502380807], [-90.93812612058271, 38.38947852078435], [-90.88448595397213, 38.45034982461982], [-90.73804776092828, 38.43936838689901], [-90.69479305323662, 38.3889247869792]], [[-91.30092440241964, 37.256586308521776], [-91.47382634902975, 37.25373477467508], [-91.37634642234467, 37.17476655285367], [-91.33598126841639, 37.048498125403], [-91.03387994457246, 36.99261762724313], [-91.05796935010551, 37.111516786746556], [-91.20468002433279, 37.24454162246274], [-91.30092440241964, 37.256586308521776]]], [[[-86.97179148750105, 37.61310061157464], [-86.81747248709794, 37.49092378637766], [-87.48229405112365, 37.50833824915736], [-87.67764164379675, 37.58111561784282], [-87.55487722558337, 37.63442813647765], [-87.23148381491127, 37.60293812977183], [-87.13403960272616, 37.657544210151464], [-86.97179148750105, 37.61310061157464]]], [[[-84.04808207426885, 37.02522502337232], [-84.15510176936831, 37.04123004793651], [-84.17886752429746, 37.135288038494004], [-83.97066389257897, 37.18252868554678], [-84.04808207426885, 37.02522502337232]]], [[[-82.11723905872479, 37.457060859450806], [-82.89991173450022, 36.72267193907797], [-82.75420740679596, 37.20031669586055], [-83.03820830501809, 37.19525710658041], [-83.04721118496101, 37.100447938816316], [-83.1546591309204, 37.07135888208085], [-83.21024591684733, 37.12947523173291], [-83.19515913552279, 37.27984991844178], [-83.26603483390079, 37.29275499707953], [-83.35483282871209, 37.12738960269872], [-83.4651033090177, 37.049657247074464], [-83.54280324731477, 37.06718512314579], [-83.66578568339337, 37.244715842280335], [-82.01604388284696, 37.54917103549675], [-82.11723905872479, 37.457060859450806]]], [[[-86.3186034461224, 37.371831088721656], [-86.36068204477687, 37.353202756257396], [-86.52498557679006, 37.451581806708255], [-86.74507052659006, 37.48879513162278], [-86.69920196562614, 37.53138931632892], [-86.54228964001285, 37.49779338232941], [-86.35420069543054, 37.43135567002358], [-86.3186034461224, 37.371831088721656]]], [[[-85.93710306425814, 37.161242442621095], [-86.04958166875578, 37.19232931693976], [-86.04358624426955, 37.27949806013733], [-86.1904619714437, 37.480028790981336], [-85.93159060177989, 37.64843452985202], [-85.90681550222916, 37.7689690984874], [-85.71169722624607, 37.9314829294778], [-85.70150464653966, 38.03595621313708], [-85.26880136182716, 38.19039977168342], [-85.21768901613912, 38.29191972330246], [-85.27446020815934, 38.41089542976053], [-85.43390025140711, 38.43602260654731], [-85.72416213079188, 38.30732340891284], [-86.02571198562391, 38.26950773391216], [-86.12643610208879, 38.16995745271039], [-86.11479743110338, 37.980751920142296], [-86.3334500045927, 37.73704485065651], [-86.8097504195571, 37.78520691294964], [-86.94432126570125, 37.97054188102272], [-86.93674853423208, 38.02083180203969], [-86.71510846765297, 38.154913882186676], [-86.68606750094523, 38.2871527447237], [-86.8660824351296, 38.35064294370445], [-86.95324083999287, 38.32009587708641], [-87.00250698334946, 38.165051023492055], [-87.12931109637951, 38.1637938306491], [-87.17668767833362, 38.39634073304832], [-87.31894905751136, 38.4977753947422], [-87.46990563635575, 38.5178638340875], [-87.51271065795896, 38.57608142393154], [-87.32198467052399, 38.65046795771996], [-87.32775724056604, 38.736812817094844], [-87.46588392234054, 38.82338742692493], [-87.63894829924837, 38.84331659614064], [-87.82084893387407, 38.78650451667434], [-87.82146919373241, 38.57102851191198], [-87.90890601260749, 38.50282898355435], [-88.08035728821264, 38.50161349000421], [-88.16099598107719, 38.590904425437074], [-88.25184108525012, 38.601382630812125], [-88.42410418290531, 38.52229784002711], [-88.51203422775978, 38.39050311493231], [-88.57560363047287, 38.54214727809161], [-88.82438039813604, 38.56171181997786], [-88.97467420839033, 38.7084371168125], [-89.11237487959734, 38.474778179051], [-89.46350071952698, 38.602645549947475], [-89.48083214424864, 38.81405906776171], [-89.52506427519572, 38.906313206063416], [-89.57209557050086, 38.90818607994039], [-89.70244543333621, 38.84117938526343], [-89.7662605143994, 38.747870133259305], [-89.95776926702732, 38.69667696572458], [-90.0092056181619, 38.5687467624956], [-90.11881175229503, 38.47915416110564], [-90.1073325993873, 38.20984401440152], [-90.19845691190312, 38.150779056007025], [-90.27324837872777, 38.20118607512021], [-90.31777212118968, 38.353992817829784], [-90.14985124844327, 38.58436637622387], [-90.08350843854346, 38.831563149720466], [-90.32413735440204, 38.927764170230404], [-88.57921988776211, 39.73882650929586], [-87.9898268676964, 40.072753453574855], [-87.89259688169962, 39.95716751699919], [-87.77340471442972, 39.944465902356555], [-87.2417040731345, 40.1158733029691], [-86.96137142322345, 39.98835730462386], [-86.91687773042376, 39.93941729459207], [-86.91707618296574, 39.8067837250769], [-86.95122019918227, 39.644602206772404], [-87.04581532727491, 39.594246089774266], [-87.13504278153823, 39.41286888578562], [-87.31466047666945, 39.3579564154586], [-87.30570463572948, 39.27738073881362], [-87.1733426829356, 39.158844078347336], [-86.71638781347156, 39.10905952976793], [-86.61179763286381, 38.90670655497187], [-86.64522307755242, 38.7700117668137], [-86.93500435584326, 38.63624289189784], [-86.90707464809888, 38.5489369893975], [-86.75994076909949, 38.52748255341223], [-86.32848602967329, 38.642841925556105], [-85.94662126321204, 38.4585165131395], [-85.76532575771182, 38.65376712096679], [-85.97027888292796, 38.64219651783419], [-86.06086002644035, 38.70392201910785], [-86.07891080247214, 38.945636410845616], [-86.42570030500822, 38.979209669420506], [-86.36087598804568, 39.15143503638134], [-86.08221935036251, 39.23306403493929], [-85.9427613438149, 39.40700495947812], [-85.98635026868455, 39.51245179013093], [-86.28775717377872, 39.75339842930745], [-86.22791104625256, 39.92519050309557], [-86.27734921693336, 40.338874895009184], [-85.84209545455876, 40.624279862146935], [-85.81189691579807, 40.6963861312566], [-85.98579158030404, 40.70390146817919], [-86.66162371597677, 40.34825581085146], [-86.75798510381168, 40.36256900960107], [-86.77291433621848, 40.5465095729316], [-86.90956188983205, 40.57349055209985], [-86.90960514941447, 40.62460697255637], [-86.14101250013634, 41.0372262496394], [-86.05113977811652, 40.90259264692336], [-85.94178130507844, 41.00486869103381], [-85.76592195065071, 40.973811044388235], [-85.6660350628462, 41.00384833539402], [-85.12924679384038, 40.591743367551864], [-85.29109444178287, 40.363441235877055], [-85.35228407576606, 40.13258425051674], [-85.10353968819626, 39.87258760007014], [-85.15848451420842, 39.7348123318703], [-85.13650172174077, 39.66391300419279], [-84.98300974224298, 39.60134020606306], [-84.9808735545598, 39.473970041222444], [-85.06725815144227, 39.289169769710576], [-85.14647383216534, 39.33409418349683], [-85.1655197839081, 39.47816004791707], [-85.23698760634956, 39.58001042615389], [-85.41255759184222, 39.67517752090896], [-85.5808951269821, 39.677702902924686], [-85.50828277330353, 39.56474242351903], [-85.62722870156111, 39.31441109732331], [-85.55094568323149, 39.185461932904985], [-85.36568793052513, 39.16740414528183], [-85.20820411506503, 38.999959738432445], [-85.07325882920394, 38.95674857093081], [-84.64317802923185, 39.10122857164119], [-84.36143101588587, 39.045016073769034], [-84.46357805227237, 38.86969509035726], [-84.70381973539791, 38.70953582671684], [-84.69441065811723, 38.66150541024236], [-84.63304141725939, 38.64991994302247], [-84.38013889997585, 38.77811639670011], [-84.16108690004464, 39.009484576912755], [-83.99915253094521, 39.058504290003164], [-84.23167535412806, 38.45238620877614], [-84.05695245179251, 38.279814824591206], [-83.97970495223016, 38.30508708515403], [-83.8779200674278, 38.483476265802366], [-83.66223704808189, 38.46958599375653], [-83.5935696184708, 38.30069805009316], [-83.70362290252316, 38.10013702858066], [-83.65106327277681, 38.000157163499345], [-83.49106534279514, 38.128466173136836], [-83.38220128908867, 38.134831490383064], [-83.36281816692777, 38.24663073242645], [-83.3056056061859, 38.28793951364338], [-83.22847679444583, 38.26973608745347], [-83.19951350335862, 38.19975909902624], [-83.25513111793927, 38.044567223263414], [-84.27158274296266, 37.83067729522035], [-84.29471476078764, 37.97882049922703], [-84.41824841503569, 38.0026726679317], [-84.59209052842932, 37.74639752151708], [-85.99451515234401, 37.349328226641354], [-85.93710306425814, 37.161242442621095]], [[-85.88521736966509, 40.403379051737346], [-85.93551213423143, 40.4141008088871], [-86.09247837718314, 40.29949880769536], [-85.9471767692417, 40.04829751957785], [-85.82542855469993, 39.97847672630917], [-85.59812036817686, 39.98333293460993], [-85.55977854796743, 40.24180495243009], [-85.65275547759134, 40.33732974697851], [-85.88521736966509, 40.403379051737346]], [[-87.36642769246663, 39.60129449013259], [-87.50630201819561, 39.788331734641815], [-87.65609694512348, 39.84952412484097], [-87.7325866140219, 39.83399182266765], [-87.9004737346217, 39.59301389240243], [-87.82232134345915, 39.24403253163694], [-87.67586153333883, 39.2178257263462], [-87.46742867174362, 39.31931862920949], [-87.39948936366042, 39.412191353744525], [-87.36642769246663, 39.60129449013259]]]]}}, {"type": "Feature", "properties": {"unit": "1.69 - 1.65 Ga juvenile crust", "category": "Paleoproterozoic", "color": "#f4a6c0", "appearance_age": 1690}, "geometry": {"type": "MultiPolygon", "coordinates": [[[[-108.53414327856098, 30.773516571755064], [-108.77668259333315, 30.641067907370527], [-108.83550284400496, 30.68936826335181], [-108.80766908598454, 30.770526564581452], [-108.53414327856098, 30.773516571755064]]], [[[-107.32086298090378, 31.44239268917953], [-107.69790331759168, 31.254027587871153], [-107.8106073923272, 31.328512586333172], [-107.65683865213138, 31.360561289262822], [-107.65404899243502, 31.462208539103653], [-107.6003013079277, 31.514057820390065], [-107.32086298090378, 31.44239268917953]]], [[[-107.06227214200617, 31.548426327611654], [-107.13737822987065, 31.51514276093776], [-107.2058822578183, 31.52908066804464], [-107.1582319291373, 31.55979767043425], [-107.06227214200617, 31.548426327611654]]], [[[-108.45660984905538, 31.560738940655032], [-108.33869664409147, 31.584820987692176], [-108.17840959093006, 31.366443067169016], [-108.08261562113779, 31.344273683948238], [-107.92624404707803, 31.094731885659893], [-108.33548195080104, 30.865387326787086], [-108.48001829996859, 30.933834109388922], [-108.34227779013817, 30.949714419029966], [-108.3051964628223, 31.014663671383456], [-108.54102849898234, 31.071116112587614], [-108.53818298069885, 31.216064149125096], [-108.62308192536516, 31.29429384875299], [-108.67551777075556, 31.311290483927863], [-108.72422538941238, 31.255725139001417], [-108.7475330695345, 31.055457492635817], [-108.82201432685864, 31.06490167627785], [-108.84027705578904, 31.21776443940317], [-109.04110423801835, 31.255054145010323], [-108.96997953887688, 31.386787337942064], [-108.9950722506167, 31.502305335964095], [-108.951693532325, 31.53962018996595], [-108.75569977970719, 31.49677788522494], [-108.5326369789452, 31.593341738799527], [-108.45660984905538, 31.560738940655032]]], [[[-102.53042952545731, 32.940498090188456], [-102.7004112030279, 32.841077069493494], [-102.81633731699267, 32.898666521428225], [-102.94224947671053, 32.89236006825811], [-103.1331091416731, 32.63919328559409], [-103.21043412365447, 32.63553568532575], [-103.38652782859437, 32.74237671348067], [-103.53552560671615, 33.13522913179479], [-103.31549786711543, 33.22877086532897], [-103.2670846655117, 33.3262868737412], [-103.44621029338086, 33.50806033763802], [-103.65952824129637, 33.942186197461304], [-103.6574079898601, 34.015136753968974], [-103.49886730087766, 34.11888769995307], [-103.32611399811086, 33.68922302625898], [-102.9598372133786, 33.43461397867975], [-102.81535014401558, 33.430689392005746], [-102.61170858260687, 33.25138735743305], [-102.62552501961804, 33.07462435221737], [-102.53042952545731, 32.940498090188456]]], [[[-110.96569390676476, 33.46840623696439], [-111.21478715274368, 33.380403768039386], [-111.16927171871447, 33.46097160009125], [-111.01533939983726, 33.498237823896055], [-110.96569390676476, 33.46840623696439]]], [[[-110.65375166792673, 33.57449291909835], [-110.7872981203838, 33.5405839756173], [-110.77379619793894, 33.61631942851401], [-110.51854490625927, 33.76016483534995], [-110.44708001352471, 33.61943307636348], [-110.65375166792673, 33.57449291909835]]], [[[-110.67862776367419, 33.989720553702675], [-110.67690250305147, 33.94941007879406], [-111.0444373384831, 33.950995273526914], [-111.46114275896183, 33.811004480715575], [-111.54527165376591, 33.91749921293367], [-110.33490143747659, 34.301705252479906], [-110.39533713602559, 34.17571232515181], [-110.33642114948134, 34.09973572579415], [-110.67862776367419, 33.989720553702675]]], [[[-96.62952477292093, 34.282281194300026], [-96.82471316779959, 34.326342101210756], [-96.87965055741662, 34.32507680332116], [-96.79513514683215, 34.42468280796965], [-96.4587940777574, 34.42878858806827], [-96.48353235412404, 34.33977729425321], [-96.62952477292093, 34.282281194300026]]], [[[-108.44289743551045, 34.44562003591176], [-108.34165244003492, 34.369068305923484], [-108.57826613113546, 34.41273859085774], [-108.707448779, 34.23649811760725], [-108.80107454831679, 34.23176542142016], [-108.761487917093, 34.37626781541584], [-108.66698536022278, 34.467244727955986], [-108.55701091656901, 34.48841837180207], [-108.44289743551045, 34.44562003591176]]], [[[-109.39735571330371, 34.48355149614281], [-109.61978600478504, 34.485417214192495], [-109.64489176429137, 34.54208070147162], [-109.4898569246794, 34.671746496186465], [-109.35482442232622, 34.53485407500121], [-109.39735571330371, 34.48355149614281]]], [[[-108.87482969502886, 34.80849777906795], [-108.80869381786495, 34.70458912125712], [-108.84420306936761, 34.64395343436029], [-109.13288668038085, 34.779908764884354], [-109.27666002719857, 34.66424130546055], [-109.3710978995959, 34.685627790406414], [-109.34689244232312, 34.73546195469612], [-108.82548392644526, 35.0018006773504], [-108.90536838878033, 34.86629187717201], [-108.87482969502886, 34.80849777906795]]], [[[-106.78214025433257, 35.61166415233548], [-106.71396493075108, 35.55384722380126], [-106.46530205787927, 35.497304269688215], [-105.96038461076783, 35.50229522733382], [-106.36855594983864, 35.31222190058863], [-106.64740244624025, 35.093301228686734], [-107.05960617246664, 35.095390056715985], [-107.27807336628679, 35.317959872602486], [-107.26983536205024, 35.488754821891405], [-106.86489050192432, 35.61864475960075], [-106.88108396158309, 35.69533606346102], [-106.78214025433257, 35.61166415233548]], [[-106.86181037819807, 35.31415955631767], [-107.0149407507653, 35.445664565563554], [-107.1112835148737, 35.348062488385196], [-107.05105122348046, 35.23305488536057], [-106.91669630986684, 35.12712071680607], [-106.84134677284997, 35.15924598237255], [-106.86181037819807, 35.31415955631767]]], [[[-103.8993245795397, 35.442046728563525], [-103.89753088691063, 35.40487581422219], [-104.02080059491726, 35.369185933502685], [-104.28035378002402, 35.42167416370158], [-104.5985600906264, 35.30016105594876], [-104.58970299679049, 35.384239015651325], [-104.48590989932134, 35.47933377910983], [-104.56240744364774, 35.85570593884462], [-104.30087849837281, 35.93449683695822], [-104.04182842890395, 35.6979372236215], [-104.06713166538522, 35.5221221705774], [-103.8993245795397, 35.442046728563525]]], [[[-80.1256214206447, 36.305490243561685], [-80.29563972787243, 36.357592660056525], [-79.96532731653936, 36.4805718429976], [-79.97920821694042, 36.34465429538174], [-80.1256214206447, 36.305490243561685]]], [[[-93.72747307798103, 36.058060090646315], [-93.80192519714151, 36.00351668555411], [-94.06271325743313, 36.0026388642515], [-93.84213927009972, 36.2097610976041], [-93.78230473708255, 36.18576238560265], [-93.72747307798103, 36.058060090646315]]], [[[-98.13227785803927, 38.399694543252394], [-98.28764484959751, 38.2920644582241], [-98.53188060581238, 38.27044084224081], [-99.00525204686568, 38.38862355940665], [-98.54059387266139, 38.66304075595384], [-98.41341432309329, 38.79851075083324], [-98.25693854887012, 38.64068227307656], [-98.13227785803927, 38.399694543252394]]], [[[-93.016019510058, 36.4612590378851], [-93.08323132236254, 36.416189465585944], [-93.19637230108563, 36.51817152085866], [-93.42612212035556, 36.55345718025761], [-93.24100514649331, 36.62632871333433], [-93.27075748670677, 36.6934094623], [-93.57820404811883, 36.64709634997453], [-93.78456154291399, 36.66722959368517], [-93.98980834778936, 36.84616008678412], [-94.44953236371914, 36.43050156413894], [-94.58454577043183, 36.560064315855925], [-94.52382025937251, 36.72793859935082], [-94.19345247081527, 36.805419813871964], [-94.16053487190135, 36.95867835885777], [-94.10068486102725, 37.013458339312706], [-93.68777454925903, 37.01969259652648], [-93.98385272428736, 37.14537377950847], [-94.00326643660782, 37.21066929556749], [-93.59607197822368, 37.30171458837608], [-93.6817631124253, 37.460063304242325], [-93.63981138454454, 37.51302388264827], [-93.50961673637285, 37.48054203012812], [-93.33212891254246, 37.31841145770439], [-93.13742149923866, 37.322894367197314], [-92.82546321826067, 37.57869358616569], [-92.68553470146594, 37.60191297357514], [-92.70675108497917, 37.733754768026714], [-92.657427189811, 37.777290004870906], [-92.55156746510161, 37.6525276039624], [-92.33648617814306, 37.521383253681755], [-92.00509898692111, 37.51092834753045], [-91.82802160152647, 37.410958508849454], [-92.05684564081844, 37.13808223642753], [-92.1441366977077, 37.31994637496298], [-92.46594699479591, 37.34022638159933], [-92.49667461468215, 37.27616351790498], [-92.35874511742006, 37.15078201267969], [-92.24775083236874, 36.949712936627044], [-93.016019510058, 36.4612590378851]]], [[[-94.24511960849898, 37.575014057013725], [-94.41896375666168, 37.5303282637311], [-94.70381829652676, 37.63187884660121], [-94.87983049753242, 37.49660421469088], [-95.03456847841602, 37.58465147753161], [-95.13067697502534, 37.47815619825113], [-95.18517634029612, 37.49319105393594], [-95.17215646739267, 37.604332379257855], [-94.90720661815324, 37.82230842441827], [-94.85300313253077, 38.15724753426875], [-95.0705234549119, 38.27361662151486], [-95.26123091058439, 38.449001738188876], [-95.43381451952595, 38.50356582828911], [-95.40375407421688, 38.58032852735155], [-95.22718561218524, 38.49414618998379], [-95.15819479721536, 38.529693811347826], [-95.22025165316445, 38.732324287647636], [-95.4163453042569, 38.847217097325405], [-95.43887427930083, 39.00630745246572], [-95.38982914846757, 39.04974278233045], [-95.34833547402519, 39.249331791832326], [-95.2622845444828, 39.30517863897521], [-95.08683082255186, 39.266484569741344], [-94.91344494644953, 39.09851587724582], [-94.81372237368387, 39.07433899824791], [-94.84920870897434, 39.24223398563047], [-94.76574664377996, 39.438543255930135], [-94.85155230529521, 39.474948913729534], [-95.27465472293692, 39.432471184219324], [-95.55883129437156, 39.727530876704094], [-95.62210761973299, 39.67991797781122], [-95.5392133468483, 39.25914155501565], [-95.63088309380002, 39.035774489186565], [-95.71082909856736, 39.04572747212382], [-95.7158708033747, 39.23321349585944], [-95.76818464143048, 39.30842108174128], [-95.90003148095805, 39.3585197432926], [-95.98820876834671, 39.31040755918313], [-95.83158361209718, 39.19902792396982], [-95.83982959803247, 39.13533665422932], [-95.96903723910602, 39.07007824003775], [-95.98256148179127, 39.01586376022519], [-95.59542613954835, 38.765707260428215], [-95.65613894874792, 38.744716481869446], [-95.93015039778084, 38.88955609240592], [-96.01639244462066, 38.89137154261636], [-96.06219838810567, 38.62764992553616], [-95.86405258276959, 38.6429078716321], [-95.78414850687513, 38.5888599496319], [-96.13849940429441, 38.397847911149405], [-96.01983424136108, 38.25166567442824], [-95.71389520681163, 38.237940828584996], [-95.24066943718304, 37.913333807487504], [-95.25728619976762, 37.82752736048189], [-95.51415107887557, 37.85813492893717], [-95.60396613055181, 37.77797162505371], [-95.76264096579851, 37.81311566629494], [-95.63759220472303, 37.64582241868812], [-95.78993035277837, 37.5927263602146], [-95.81433967312779, 37.51882739824455], [-95.54558557308053, 37.45767173925699], [-95.50323411023521, 37.335859737936865], [-95.59381655584492, 37.29382983382122], [-96.19850120231753, 37.27524487883557], [-96.31071095431287, 37.23187789538285], [-96.46869551269211, 37.34374652182851], [-96.6299168413981, 37.35285413002295], [-96.7057681593808, 37.466444181621], [-96.92730173723, 37.49295005436099], [-97.05479630764022, 37.573928303530145], [-97.27680452937129, 37.3973984707316], [-97.36360085226083, 37.38616675049662], [-97.4774282958082, 37.55438981231266], [-97.56362861337841, 37.39632684162289], [-97.67483542530651, 37.307626033143], [-97.63802984542727, 37.13381316957386], [-97.70183505345929, 37.08372822714543], [-97.68895819598359, 36.904519549277744], [-97.85787729095895, 36.80793438718301], [-97.95987631297184, 36.81412962833707], [-98.0504668504869, 36.91100459708659], [-97.98471260098498, 37.325046514226045], [-98.04094939947674, 37.42280552380943], [-98.15865551890076, 37.49804264764069], [-98.4962247340327, 37.466149708092665], [-98.29321463630042, 37.571942109952616], [-98.36363132167207, 37.72256201131208], [-98.16379156963079, 37.7386867724335], [-98.2525545778742, 37.89111981638332], [-98.17665743088533, 38.19065469166941], [-98.08619672838742, 38.249336081058466], [-98.08895882661037, 37.63188558653659], [-98.01449105050511, 37.51917631469596], [-97.93861864653066, 37.53254419215153], [-97.48925699429354, 37.91397455158785], [-97.38118349093389, 38.06262663980192], [-97.17255442839405, 38.04151821017658], [-96.98755244877717, 38.1259305643889], [-96.92970520511639, 38.384446902368985], [-96.6692978151384, 38.403622422849104], [-96.66898570485894, 38.46630977664587], [-96.78627366000069, 38.48981456214132], [-96.85951698967716, 38.580794252818926], [-96.82285140955788, 38.65261322441209], [-96.73149954729068, 38.676385522360974], [-96.51840041660688, 38.441702463064814], [-96.39878629153216, 38.468417648860516], [-96.2972160841814, 38.643205236498524], [-96.43981521728229, 38.938844858331635], [-96.35872808378407, 39.10620388274094], [-96.405827355385, 39.200687601567424], [-96.37426124292969, 39.30890405375523], [-96.56144613464161, 39.46810152589656], [-96.48891190952807, 39.55692782213891], [-96.51223591927256, 39.736984088461256], [-96.34325162835168, 39.378355131887695], [-96.26478724583785, 39.35212210727756], [-96.21121213531781, 39.40049945788617], [-96.05889972165303, 39.67500477244044], [-96.23587410196946, 39.97178524109507], [-94.75086097080838, 40.17647494807014], [-94.7783649502923, 40.086911425290324], [-95.21501761664138, 40.07906849449371], [-95.3500120560814, 40.008971899483335], [-95.37168636407293, 39.91213357013452], [-95.28008092215053, 39.79444240944349], [-95.29290227408381, 39.672830392259975], [-95.11321706417051, 39.59560351160318], [-94.42647348546951, 39.629730412554366], [-94.39932243418819, 39.57492771155406], [-94.51140613095195, 39.46865128140892], [-94.42276330046958, 39.338827933020546], [-94.57887825393306, 39.1403830613935], [-94.52051951900228, 39.04577377010263], [-93.91082553277045, 38.887541884263385], [-93.08184550407768, 38.58133010700915], [-92.70873245903155, 38.132768811923036], [-92.71836506365968, 38.00671258762734], [-92.82925033033057, 37.92408543368334], [-93.01598972320933, 37.95048217723403], [-93.00061609576049, 37.83451199780717], [-93.04898778544374, 37.81879652273946], [-93.25977116960532, 37.836917543266175], [-93.41010837401114, 37.909395477086306], [-93.41206545295199, 37.739798446859204], [-93.90078187295754, 37.99060236514149], [-93.94285754793005, 37.96139284991648], [-93.91760955166195, 37.89381376891078], [-93.70212681137008, 37.7371210377061], [-93.73279155054904, 37.6341324150108], [-93.99254089911014, 37.694204566418875], [-94.24511960849898, 37.575014057013725]], [[-94.70281687851092, 38.390342273453115], [-94.50696964097746, 38.3834134210782], [-94.45140362005846, 38.464394813245015], [-94.53852749537856, 38.51959587642727], [-94.70366743795684, 38.47399501815494], [-94.85259904880127, 38.51739393571279], [-94.92332746504425, 38.49008230885888], [-94.85822696132075, 38.400660043259236], [-94.70281687851092, 38.390342273453115]]], [[[-86.34783937883645, 41.89907953122763], [-86.54018175797013, 42.02738223301452], [-86.35447716685125, 42.25837766814746], [-86.16040860914653, 42.16380661491133], [-86.11828867136082, 42.080309459812355], [-86.13453521945452, 41.99798839799711], [-86.28707510792489, 41.98354833397244], [-86.34783937883645, 41.89907953122763]]], [[[-81.5851327535726, 45.75674745802094], [-81.74316053906253, 45.56107706913948], [-81.89075492490512, 45.525750228480874], [-81.88784485635954, 45.57537505993382], [-81.7518069693578, 45.67704629672647], [-82.09692816706355, 45.590383131743465], [-82.52244068513265, 45.74673740477617], [-83.17167353703097, 45.850816753237794], [-82.59905846609959, 45.85341086405772], [-82.29969710600012, 45.905239177135115], [-81.8344310403378, 45.86584707530913], [-81.8037243274323, 45.76533294240011], [-81.6520078192918, 45.90038178511171], [-81.5851327535726, 45.75674745802094]]], [[[-84.41965027046555, 42.748929275579776], [-84.25229340723608, 42.464611035278644], [-84.59122763718136, 42.6044635359516], [-85.10895723107738, 42.61498333128124], [-85.145187925284, 42.65952729931317], [-85.10014876834838, 42.7886390459721], [-85.1939838792519, 42.89050683479862], [-84.91145861035955, 42.945153314281804], [-84.87736029219671, 43.02973816606061], [-84.6249894898582, 42.93850551360177], [-84.41965027046555, 42.748929275579776]]], [[[-85.05323019714218, 43.108714572758366], [-85.4411310036632, 43.125803121402924], [-85.63176063204827, 42.96506857660309], [-85.65361194767915, 42.8729402152716], [-85.54286346847617, 42.83912035038335], [-85.37004971530749, 42.89352201270207], [-85.33761680906913, 42.866679917347156], [-85.3755264361098, 42.69236214993353], [-85.27319763625933, 42.61719832019254], [-85.2780778409664, 42.55457971878557], [-85.51582802651713, 42.36716937944977], [-85.53773815941972, 42.273617847420944], [-85.21017512157952, 42.244460535532156], [-84.9250649624869, 41.98369336294056], [-85.1021403830314, 42.01939747117824], [-85.38607689995612, 41.99651784670842], [-85.44288401968933, 42.038521541039415], [-85.41705707673884, 42.16615147732724], [-85.72566347460425, 42.15310965394731], [-86.24396662558858, 42.44710492390204], [-86.1815241176638, 42.969910886531586], [-86.21365155137192, 43.08469139412386], [-86.13508658367576, 43.0238226441829], [-85.95367585582231, 42.99429581626702], [-85.7492120617404, 43.120543568943084], [-85.58370865431641, 43.143095291014745], [-85.54430162780078, 43.1996354341077], [-85.58634585029492, 43.26767467335466], [-85.89468697534554, 43.44809538503553], [-85.91042500171902, 43.57733863113438], [-86.03915795249685, 43.744603105011066], [-86.29655804658248, 43.758475867053775], [-86.460056589247, 43.703753271972516], [-86.49375632445667, 43.62367227724287], [-86.48492536110807, 43.71032400799314], [-86.42882925864987, 43.760946711038315], [-86.50303616988572, 43.96260624510764], [-86.43717193330423, 44.12931405090258], [-86.30293223305324, 44.208692270179114], [-86.28953927583477, 44.127816093183284], [-86.21397116053141, 44.07902637187486], [-86.01520313412213, 44.04740983013582], [-85.88705543635112, 43.824479827136955], [-85.76940340277515, 43.77356480867024], [-85.43285978420914, 44.09938244947534], [-85.38764743103027, 43.423931543426555], [-85.05323019714218, 43.108714572758366]]], [[[-83.39311804670187, 43.534440122892214], [-83.42124607596084, 43.4139174302728], [-83.29535134655379, 43.27458920601263], [-83.10455456185997, 43.14218975960398], [-82.79343948145375, 43.060599386286185], [-82.63621580835901, 43.105817359959666], [-82.52108088949946, 43.22870541660687], [-82.47212819899245, 43.0943725666423], [-82.38401730847443, 43.030494232528014], [-82.23357430196396, 43.037834621691935], [-81.72579787320578, 43.35427484881085], [-81.6705772355841, 43.51864396554432], [-81.70712764619682, 44.10323531720269], [-81.61826923951482, 44.268718744840896], [-81.29079412269355, 44.618502329391774], [-81.3414008072739, 44.92737293063177], [-81.5323241228287, 45.15028155583719], [-81.68371723968481, 45.20177065614175], [-81.6568248833996, 45.252149899810455], [-81.31288585638394, 45.27067826564885], [-81.32524964422255, 45.12490972215344], [-81.24823758399275, 45.004520649180584], [-81.12364589129211, 44.91646601186778], [-80.99100800010567, 44.94130302586943], [-80.9662941151126, 44.82736843856018], [-80.89752001316971, 44.813055631480026], [-80.92829472043465, 44.63488862441214], [-80.70237716526219, 44.738434180013584], [-80.62197841680542, 44.709975197936615], [-80.58861457228318, 44.6039881939459], [-80.53801610294659, 44.58736260533958], [-80.79056400437139, 44.32469259261722], [-81.06735655190309, 44.1309494757204], [-81.53626199040968, 43.3728554140938], [-81.78499235955476, 43.0658813728054], [-82.3162839514989, 42.71496547625156], [-83.30403653610696, 42.26778378403647], [-84.31578095257719, 43.17341970466669], [-84.74007235493899, 43.34906001208944], [-84.93275673035319, 43.57385232341616], [-84.98718987416193, 43.90835841230889], [-84.6706549014496, 43.97360710332702], [-84.51567424609284, 43.829512764552305], [-84.3592556465801, 43.75902894972243], [-84.12281608032757, 43.75941306030631], [-83.98935433957703, 43.58593726165754], [-83.82972274306384, 43.64037541668661], [-83.68200031820327, 43.566968190510444], [-83.57621005463126, 43.606094733006685], [-83.32489071182937, 43.91359980485357], [-83.19077182288443, 43.98883104972648], [-83.16595614811514, 43.81952127032798], [-83.439441884787, 43.699931428772636], [-83.39311804670187, 43.534440122892214]], [[-83.1473460132373, 42.61980560891031], [-83.21513607393366, 42.675310180449856], [-83.15176356966916, 42.9922953291723], [-83.21998443050266, 43.06369220898886], [-83.34359319564055, 43.073029290111634], [-83.46175877068622, 42.91947082329178], [-83.70208127206558, 42.8734922440992], [-83.7036563414577, 42.79785481167708], [-83.57634029783023, 42.72087128463976], [-83.6115051312876, 42.641874313399015], [-83.52118158485011, 42.56380516469258], [-83.40780506957849, 42.59876350281784], [-83.21758664668846, 42.53510271506667], [-83.1473460132373, 42.61980560891031]], [[-81.37331525895833, 44.43809635748396], [-81.55205272632166, 44.307563266796585], [-81.55648458255803, 44.252161303693754], [-81.40871195533192, 44.249295506338676], [-81.23915927979961, 44.318656592854836], [-81.24428194747435, 44.39568800302408], [-81.37331525895833, 44.43809635748396]], [[-82.584408905362, 42.71974203366966], [-82.53051801017436, 42.71959409092783], [-82.5304104480721, 42.806520576588554], [-82.67919962632293, 42.965843974134586], [-82.76111851365522, 42.9832283789189], [-82.8029295559811, 42.934201242602825], [-82.77938048415676, 42.840812089423316], [-82.584408905362, 42.71974203366966]]], [[[-83.3377547587907, 45.10618847945838], [-83.3346253473607, 45.06043914155854], [-83.40578941438396, 45.04727405759243], [-83.43508565167303, 44.98254750374273], [-83.30657586280374, 44.83939557545369], [-83.32269889299786, 44.61554705612408], [-83.37028022266489, 44.78360927784209], [-83.51081429358308, 44.82151746130152], [-83.61137061390085, 44.63948706597157], [-83.81819110882742, 44.51738284342054], [-83.76098453965454, 44.47940480670116], [-83.35413637721399, 44.46307756340158], [-83.30929176073309, 44.35514900557789], [-83.50952363223004, 44.21878237921669], [-83.68210287084733, 44.38318688566434], [-83.9395688782895, 44.401639160729204], [-83.97505787774243, 44.55915553830162], [-84.25357451307788, 44.590456461077935], [-84.3457586948584, 44.55688828783729], [-84.35405587740804, 44.50513798072094], [-84.09739135060727, 44.41796610194138], [-84.1193469270642, 44.28566110671622], [-84.06830320675643, 44.23604353166623], [-83.80285906536825, 44.24848400909334], [-83.65024249405079, 44.032168770377105], [-83.83426623541975, 43.94010075517785], [-83.89268875278893, 43.84456584229486], [-83.87568593626179, 44.03056821991073], [-83.94106564229315, 44.101378839260434], [-84.00712001662698, 44.0960856807564], [-84.07956128837569, 43.9287790785103], [-84.14823894021453, 43.92377417351782], [-84.26360283797028, 44.00571269437133], [-84.22589059648449, 44.144234358896746], [-84.26813069633975, 44.22638102256437], [-84.47255818821493, 44.221214620925736], [-84.74857887607646, 44.3122255252083], [-84.98869181364314, 44.47805182921177], [-84.95943227471655, 44.6481357624318], [-83.8645999118884, 45.37040339293354], [-83.89852718506552, 45.232006890293086], [-83.83446988649935, 45.15149946404487], [-83.77159920953191, 45.15094417221613], [-83.56632766972906, 45.35113526324205], [-83.46536535585751, 45.344558576290794], [-83.3377547587907, 45.10618847945838]]], [[[-72.44664881014079, 49.41345174232131], [-72.73997376268193, 48.91632381553214], [-72.94539260041391, 48.749352074027], [-73.03454152773989, 48.56806280232007], [-72.99486945193507, 48.41023994777035], [-73.14970601536702, 48.3922497737018], [-73.2890870717034, 48.2523237643715], [-73.2634929044457, 48.140263576644955], [-73.16707643575427, 48.106541998087266], [-72.91036826936718, 48.25121598871303], [-72.72631602980294, 47.90884496395203], [-72.84186959567681, 47.47613851005557], [-72.65368333458817, 46.721871059702856], [-72.94286427803651, 46.79277408035459], [-73.48344833692963, 46.66042251236337], [-73.70959298879565, 46.866304530220724], [-73.67420539388281, 46.99448605260025], [-73.69634642311655, 47.286407703007356], [-74.1083909472427, 47.45420043715849], [-74.65176835633697, 47.396874006416674], [-74.55979697278077, 47.218029516318296], [-74.6703322902651, 47.192899316435096], [-74.83637627141661, 47.27097512372445], [-75.05928977300138, 47.58631995460745], [-75.27003429222853, 47.42724799839049], [-75.44224692077022, 47.525282082764015], [-75.82178483706704, 47.50712400736383], [-75.84549456846936, 47.626259509291785], [-76.04357808933092, 47.67044925668248], [-76.3833475790781, 47.642601406987616], [-76.82801420136626, 47.44790198216422], [-77.0025640254754, 47.462844908178354], [-77.08476527794208, 47.5415210812016], [-76.63551820070327, 47.87722119060217], [-76.4316098954289, 47.93889170493542], [-75.5324491353894, 47.990902142330256], [-74.60649513384953, 48.16914334568009], [-74.31623087757708, 48.286721913934116], [-73.90504896118968, 48.613092864226054], [-73.7688383413739, 49.06698628247415], [-73.20383307784907, 49.60910430537733], [-72.6588388331825, 49.92907048753994], [-72.23036383580542, 50.030727057095575], [-72.18427708607611, 49.60627105442833], [-72.44664881014079, 49.41345174232131]]], [[[-55.895140116322295, 51.39988495397865], [-55.94249972373642, 51.26978916160692], [-56.03442439294402, 51.235216776292496], [-56.231872187463274, 51.29439942173339], [-56.6190705163771, 51.30246894242659], [-56.157788670291396, 51.50519910183321], [-56.0671467302811, 51.45763879926434], [-55.92003162036817, 51.48385451179928], [-55.895140116322295, 51.39988495397865]]], [[[-58.199287239234934, 54.33340422815931], [-58.25667235945584, 54.26900885771802], [-58.172801799132976, 54.22258180321184], [-57.44445219632911, 54.18126943554915], [-57.21491171544547, 53.90913091957011], [-57.100141475003646, 53.841468759747755], [-56.257021631757965, 53.588069732149194], [-55.81701937033381, 53.31783101693451], [-55.771394473721735, 53.181337348221724], [-55.853519287623506, 52.69372235145732], [-55.77443613349586, 52.632845262361776], [-55.755314919763194, 52.37865797465071], [-55.81468914962551, 52.03797289743594], [-56.14394624249835, 51.831639405312075], [-56.689109625779615, 51.63105763781768], [-56.79706277098383, 51.510281048652914], [-56.953594831529934, 51.43967980330878], [-57.18569409371899, 51.42285387493715], [-57.180296436458775, 51.46995086027659], [-57.32603318248447, 51.49348113910984], [-57.89818485206678, 51.395919499177474], [-58.054716912612875, 51.301524201087034], [-58.44334823534804, 51.2846474319236], [-59.19565966231567, 51.41958603753146], [-59.277127089297686, 51.534754814054324], [-59.5295824079724, 51.686463972025734], [-59.39053621991995, 51.736872694962166], [-59.41943278843381, 51.784475250294854], [-59.53803976327033, 51.8025839322543], [-59.58109659981286, 51.75579483312595], [-59.731405268999985, 51.85995239639993], [-59.9878377118294, 51.860806693238345], [-59.577119410231305, 51.93863212193715], [-59.36745112191038, 51.91340852325094], [-59.116228824220755, 51.98271875162004], [-59.12111629343218, 52.016362763077666], [-59.28855421945349, 52.04110971731278], [-59.33236579865631, 52.110703392637326], [-59.451000029107995, 52.098017715455676], [-59.40780765686997, 52.28095092304632], [-59.72066116085994, 52.432807405560425], [-59.82728040766833, 52.2384329946517], [-60.08687515189187, 52.00501841721826], [-60.15096091295908, 51.87349517310686], [-60.775411286535984, 52.013523487799965], [-61.73971081020665, 51.817559961880306], [-62.115032661033396, 51.938340013447295], [-62.695614281025634, 51.9446345617618], [-62.91451310334592, 51.83868479279501], [-62.94190906970705, 51.60941166278703], [-62.8461584441012, 51.50138903316358], [-62.838141979877065, 51.31671658831661], [-62.702425586748426, 51.30347669607355], [-62.620748461226675, 51.373592555728735], [-62.60269640280993, 51.2869977557033], [-62.65355271977766, 51.19578007552542], [-62.872050208977385, 51.229508713505545], [-62.994848939029836, 51.467501820527396], [-63.275658815857646, 51.5628148256477], [-63.46577089683179, 51.52895284689949], [-63.51926368348992, 51.33189306156617], [-63.759906763753555, 51.391641275858575], [-64.13251796420997, 51.7635761273716], [-64.09021076702155, 51.85971976361245], [-64.12778347742577, 51.933724824761335], [-64.45575424643684, 51.94351084323966], [-64.69363558733001, 52.03119229467156], [-64.62299435015565, 52.1929438881023], [-64.42455470584387, 52.2777441004628], [-64.70870486412399, 52.27556318325828], [-64.90075135860239, 52.23545802588247], [-65.01669982715127, 52.12702255507955], [-65.29769842386334, 52.20130391311568], [-65.24242441909212, 52.122481219140056], [-65.2567317046757, 52.03854726553089], [-65.64368039031585, 51.778055164202215], [-65.91851207936772, 51.46253648671323], [-66.13207674473533, 51.37596922374583], [-66.18882967019002, 51.399444827573134], [-66.20181968333274, 51.50559643481589], [-66.45978753123708, 51.25541305861444], [-66.47869892755848, 51.105529560858706], [-66.85940434561397, 50.877579254560416], [-66.84752760853318, 50.83898007988098], [-66.44531498685667, 50.770601582675646], [-65.73069882909584, 50.87764332289881], [-65.63848635002134, 50.94485716432403], [-65.69167487777874, 51.03745932898487], [-65.29204609308422, 51.041441402011316], [-65.17115555337378, 50.981109859330225], [-65.13093612918672, 50.84074307334976], [-65.27784679579626, 50.968029175133104], [-65.3549039534986, 50.979534792768966], [-65.72249209549788, 50.764088607289295], [-65.73674949202976, 50.694650241692436], [-65.63900104085336, 50.64304386999707], [-65.56375297693783, 50.480802305544756], [-65.65905886723331, 50.36211265575717], [-65.74477132368042, 50.338494265153614], [-66.05591807115798, 50.3503632795245], [-65.90793862928285, 50.4726904700493], [-66.03142778506958, 50.689980153239844], [-66.18995113621494, 50.76285303005793], [-66.22743355264039, 50.61046938881165], [-66.47475195820414, 50.39365906754151], [-66.47376177727295, 50.23800142730739], [-66.44296832558143, 50.197643155403235], [-66.38816231922819, 50.25029135240408], [-66.28490522409032, 50.21738040682784], [-66.10858925463232, 50.28654029194504], [-65.92328916805984, 50.22091027613048], [-66.31787203594392, 50.07080558687885], [-67.01451606231356, 49.92639721421547], [-67.16295640677357, 50.197172789395914], [-67.44561856655179, 50.41765909994001], [-67.64032149442042, 50.449717923443394], [-67.62721210608879, 50.56381505515882], [-67.6725697528339, 50.64905931232593], [-67.75033587002808, 50.66754584166639], [-67.95784610506286, 50.60520145021102], [-68.32838333694609, 50.327246309795186], [-68.59199648407714, 50.38402377502427], [-69.2575144970358, 50.30664105504556], [-69.65867910544162, 50.0311768269424], [-70.2679893855565, 49.91063227203048], [-70.34319724774694, 49.972805227961125], [-70.46811258114113, 50.23006259564056], [-70.76908448912222, 50.38499720983078], [-70.67502510752126, 50.448524174186545], [-70.68793544939713, 50.713046165169004], [-70.6408452544959, 50.78206675513546], [-70.42028741837018, 50.79409279409801], [-70.29322844211173, 50.92025913095283], [-69.98812319800166, 50.85258028861456], [-70.12139901161112, 50.829517037332074], [-70.16406545330405, 50.77869847585387], [-69.93402699336681, 50.60279234705798], [-69.79849981054215, 50.56389916620522], [-69.47892590854057, 50.555725972569476], [-69.46134000427158, 50.624329966788125], [-69.60268335054155, 50.734316160712915], [-69.48849367391949, 50.697390966820166], [-69.19907587352165, 50.76620499458722], [-69.19458923033925, 50.82112881175039], [-69.54775058517556, 51.34452374010768], [-69.61309278786972, 51.52489448236906], [-69.57348596351639, 51.65255204349969], [-69.23786928801782, 51.83751913731125], [-68.90690555421324, 51.79679841394893], [-68.59802117112802, 51.53871609319583], [-68.41297791616817, 51.4753449130703], [-68.43726684212798, 51.4216904556014], [-68.38642316883724, 51.396608921934906], [-67.83986920016832, 51.48482998268605], [-68.28119509643724, 51.50703597528113], [-68.04616558495019, 51.733782391060224], [-67.92826189908712, 51.784566878525446], [-67.53701747191704, 51.79936632042436], [-67.41144804851436, 51.866169391956205], [-67.33843314152037, 51.97988734799653], [-67.21560189023917, 52.56547240771823], [-66.91985805317759, 52.86127825124465], [-66.90891240016568, 53.095129701863634], [-66.67887597361175, 53.818567358649815], [-66.04034112385385, 53.94944568183485], [-65.46335550976691, 53.971765634454954], [-65.06083754681138, 53.94108725323618], [-64.90585085844502, 53.86734854549583], [-64.83230164899821, 53.7633404987597], [-64.70523219758482, 53.7448244468483], [-64.5844112433685, 53.77956092471085], [-64.62439717233995, 53.85001258222241], [-64.48531078998138, 53.993098130310244], [-64.67487901190613, 54.09331197203196], [-64.28944911403465, 54.1662893456769], [-63.8152740376538, 54.158924547355014], [-63.47335975045051, 54.327268758363836], [-63.2315108153466, 54.380883709227], [-62.079218599216, 54.53563875083766], [-61.903245630790046, 54.49853085649549], [-61.55621402414375, 54.320273936772246], [-61.34696554837592, 54.31415633147622], [-60.8297898418706, 54.58797621522812], [-60.07377306209518, 54.829585646425606], [-59.235700369860815, 54.83799864757974], [-58.44095256333225, 54.66764953297596], [-57.2546398755984, 54.515738314093426], [-57.57246515682191, 54.39769891224653], [-58.199287239234934, 54.33340422815931]], [[-61.383188031120845, 52.824833381643515], [-61.76513013352156, 52.99733398687531], [-62.09982966246982, 52.86279633424022], [-62.5783131810656, 52.57552688936157], [-62.36047808968554, 52.59419139909724], [-62.021451930024426, 52.836908494545675], [-61.89458881909493, 52.730257426485224], [-61.81107505765207, 52.44621094091683], [-61.74914495589791, 52.52039829797544], [-61.743511228403584, 52.711153012019274], [-61.575107081752215, 52.798723167895155], [-61.383188031120845, 52.824833381643515]], [[-61.306613037279924, 52.77167818927037], [-61.448372208877494, 52.65748783923195], [-61.454541156099815, 52.51962448313329], [-61.306613037279924, 52.77167818927037]], [[-61.20452519075896, 51.95842559852695], [-61.100858972549474, 52.10944396634279], [-61.15471454179885, 52.146779347722614], [-61.32814819455671, 51.987518118425974], [-61.29075543651029, 51.94310711454662], [-61.20452519075896, 51.95842559852695]], [[-66.93284508443095, 50.586000881141665], [-66.89782071046875, 50.493230146847615], [-66.68200800447579, 50.46045260308683], [-66.58300384242544, 50.70567066870385], [-66.7501728765681, 50.75138872173903], [-67.00358968852537, 50.587806773728616], [-66.93284508443095, 50.586000881141665]], [[-68.7933217652467, 50.64248221552798], [-68.72900321497393, 50.54107137649661], [-68.62167851743038, 50.63567624040612], [-68.64258400943679, 50.69703924619076], [-68.72247947363148, 50.717718682340795], [-68.7933217652467, 50.64248221552798]], [[-58.801849975429356, 51.64446594375134], [-58.92659616934875, 51.675467850506216], [-59.0201378970391, 51.641897000868966], [-58.90147752534463, 51.59675601928791], [-58.801849975429356, 51.64446594375134]]], [[[-77.1428129609298, 46.90737595650339], [-77.24023586586594, 46.85910983717795], [-77.74005140082416, 46.879082022912144], [-77.76962210887905, 46.837074105997914], [-77.72988035903099, 46.67392318845871], [-77.9304429351068, 46.75205522930717], [-78.05690776814996, 46.86754647800046], [-78.20137488286247, 46.899682067797634], [-78.36216622235527, 46.69004422984039], [-78.62569676938955, 46.689400705053714], [-78.88253737311602, 46.589247517790206], [-78.97896781203623, 46.36182357390185], [-79.38275765356362, 46.29494728356885], [-79.37494655366814, 46.22389635555155], [-79.49064204907366, 46.20701031887886], [-79.46933207908849, 46.147363235127024], [-79.56356357815626, 46.12791728924121], [-79.49726925298248, 46.035146962270616], [-79.45989127515989, 45.833460566442724], [-79.5805253828727, 45.69699313567122], [-79.6040477879768, 45.9483081834398], [-79.71980703650381, 46.01341344598508], [-80.16976379388305, 45.81256282556417], [-80.42278884627329, 45.51262982918976], [-80.72444689813842, 45.9031035140756], [-81.33712834549591, 45.96331076320751], [-80.84959281055936, 46.43589450755182], [-80.63761844210849, 46.53031905509152], [-80.43054534230798, 46.34934330766921], [-80.00681168778287, 46.24496017239652], [-79.78277107514727, 46.23831108377433], [-79.42270021580845, 46.31769840275921], [-79.32104674327911, 46.425677498822836], [-79.36886726859352, 46.64384215067967], [-79.31248579538496, 46.73024618994477], [-78.75782845769405, 46.979918325436344], [-78.63074652601051, 46.974543712676656], [-78.46478059165091, 46.784274654115436], [-78.2325012280604, 47.00590168463589], [-78.12543384169929, 46.975800924719444], [-78.00020865479233, 46.84901572168934], [-77.55276587505828, 47.01465159601339], [-77.24089007027705, 46.98424923655008], [-77.1428129609298, 46.90737595650339]]], [[[-91.66210664535315, 38.45244083345551], [-91.69440456595771, 38.4037911532549], [-91.830722913962, 38.37746442800379], [-91.83967144624403, 38.31513710426247], [-91.5990814969759, 38.20811200956738], [-91.43932948526925, 38.04606175597335], [-91.48419591067652, 38.001467818062665], [-91.64884811147816, 38.022852654486606], [-91.77963557994636, 38.140048252097415], [-91.96681165124299, 38.19805625034922], [-91.93512422353952, 38.329278876461544], [-91.9906112660261, 38.37807819322307], [-92.22521436202878, 38.39247427886734], [-92.37894157321188, 38.48809615954348], [-92.47409959532781, 38.45379988734379], [-92.47972272206474, 38.32670996087673], [-92.35746164142512, 38.25878708997477], [-92.34090809187725, 38.12726225374457], [-91.9196171077285, 38.092868231665825], [-91.9609577342039, 37.97580681289433], [-92.1966571973806, 37.94980660354906], [-92.53507813337794, 38.09859228774376], [-92.70863103995138, 38.54819555159881], [-92.8357558737051, 38.65206992051132], [-92.76793996650153, 38.736357935925305], [-92.42737651733208, 38.82413616012883], [-92.3819281144739, 38.92612668990709], [-92.24445116629316, 39.006982890361364], [-92.25633539635767, 39.126231215964175], [-92.2007786074917, 39.15848985058578], [-92.08803622827007, 39.03089806638523], [-91.84602349258553, 38.99613306057602], [-91.74905221762322, 38.92181320190657], [-91.69247018771377, 38.71691501823665], [-91.75072287609618, 38.59365910263132], [-91.66210664535315, 38.45244083345551]]], [[[-87.5575892274071, 41.76683822720805], [-87.42282380692346, 41.64389818621725], [-87.22233903517578, 41.62475225061619], [-86.92252748604518, 41.7146151238478], [-86.61224872523124, 41.9006389148149], [-86.64857667150758, 41.69720045174528], [-86.92332600055784, 41.55319808393391], [-86.46560741999654, 41.62270330247633], [-86.45293132406393, 41.58806233565046], [-86.67574007351026, 41.49114145734081], [-86.76670826594284, 41.37086641272187], [-86.32078240373363, 41.40052082635041], [-86.15460880143694, 41.2538432014712], [-86.14101250013634, 41.0372262496394], [-86.90960514941447, 40.62460697255637], [-86.86855028559508, 40.69935421190108], [-86.89757020903374, 40.74726062650899], [-87.16856414860506, 40.85925888086612], [-87.07974537009683, 40.977790327528425], [-87.35675732318789, 41.051571519585785], [-87.34438937754216, 41.286227836465656], [-87.50094822984444, 41.36542066525978], [-87.58623650438933, 41.29982107823807], [-87.54580909744952, 41.07756068942597], [-87.71878876078628, 40.976875741516984], [-87.44812455150388, 40.81355849309831], [-87.40282275717131, 40.66067685539985], [-87.4730550925302, 40.634010073057226], [-87.63085664858345, 40.68573078972787], [-87.74219343842508, 40.645122607971864], [-87.89805904145737, 40.73779041336985], [-88.10898236164756, 40.77929134646368], [-88.13647849440864, 40.811544395351675], [-88.0799161409935, 40.94454578352099], [-88.49237310604038, 41.352161180241374], [-88.86117667818706, 41.47214544370527], [-89.12574112980768, 41.62493041469449], [-89.27346785225728, 41.58002153142012], [-89.2924238887212, 41.18880486325343], [-89.21111815811194, 41.1071593488607], [-89.07208905523409, 41.06153915752054], [-88.93386592518578, 41.17414347702763], [-88.7871272235527, 41.20021434345599], [-88.75264711070636, 41.10783235896511], [-88.91111312348397, 40.93966188121491], [-88.85490508378346, 40.78628059088514], [-88.93105550012662, 40.7763729749729], [-89.10094507764639, 40.87941041704303], [-89.50076651678867, 40.968951081109935], [-89.56626555671049, 41.17955299324412], [-90.14580504497395, 41.20223970651169], [-90.26382269410041, 41.405472997393105], [-90.41835720295428, 41.43013443257843], [-90.47871596220372, 41.37506080420256], [-90.33483444958125, 41.16638608417683], [-90.35957170914918, 41.10257364183957], [-90.43439643049209, 41.10308820237451], [-90.57081697303897, 41.248573778449455], [-90.73456707408789, 41.22845108703838], [-90.59885593971902, 41.1075000541067], [-90.59367845877317, 40.95212977191835], [-90.54838011028528, 40.91717285374865], [-90.29411412362988, 40.89469781596313], [-90.02466052221999, 40.792872441718096], [-89.90444948972977, 40.85281953650952], [-89.90271676950884, 41.02259192026501], [-89.81636310269424, 41.038033187277776], [-89.67767988435655, 40.920378035255744], [-89.5024881505638, 40.576174648092405], [-89.25153045182755, 40.488124525971145], [-89.15195529456385, 40.37472893514975], [-89.0255347478349, 40.371896352748784], [-89.04772576320282, 40.53114575628935], [-89.01073416322835, 40.58997749384921], [-88.64849678258365, 40.590307297215354], [-88.50822577368156, 40.525428244410655], [-88.4233023994968, 40.42212874670296], [-88.4434263457573, 40.27980919527889], [-88.40238812508592, 40.22945412121824], [-88.26484662587715, 40.206157544853845], [-88.11156978545938, 40.297670646385875], [-88.04766846855573, 40.25866102523875], [-87.9898268676964, 40.072753453574855], [-88.57921988776211, 39.73882650929586], [-90.32413735440204, 38.927764170230404], [-90.65870277080057, 39.195658507022785], [-91.45132461947406, 39.16832505078007], [-91.77598276504926, 39.30043929280048], [-92.21610644736802, 39.312357380292035], [-92.37253200532255, 39.394299136491476], [-92.36333213690443, 39.4625676739623], [-92.08303063437727, 39.523171109874944], [-92.0389384391825, 39.594304985788334], [-92.08156919951138, 39.71510961168449], [-92.30053792749555, 39.842517622655215], [-91.98659720573762, 40.08733269655951], [-91.97400727075207, 40.150029029618985], [-92.03411755221717, 40.19659100821972], [-92.21123890795955, 40.113350617879135], [-92.26518856583547, 40.13950680280041], [-92.2547003002617, 40.20105805850813], [-92.08132065574254, 40.324357187812005], [-91.59208664672433, 40.27900521969135], [-91.46865104296008, 40.52945796603353], [-91.2126359812707, 40.69418648319314], [-91.17629721233861, 40.40405252561023], [-91.03048927848968, 40.17296150272444], [-90.72004234365004, 39.982821017248405], [-90.38061508962461, 40.083275582869774], [-90.30183883851574, 40.01973540798734], [-90.27825672660072, 39.907897462030704], [-90.34749230080931, 39.709935535885236], [-90.5060136985128, 39.629165976154866], [-90.74794259369948, 39.65018767474233], [-91.0306208824476, 39.832732140916455], [-91.37664106814984, 39.78503213796983], [-91.33748712067586, 39.71457003174624], [-91.07236059040036, 39.683737145502604], [-91.14825206570099, 39.559857919937976], [-91.12806618711797, 39.517268557177864], [-90.6161289991742, 39.549522476720924], [-90.2596722386141, 39.32541857101176], [-90.16858875711, 39.31900895390773], [-90.04033171756994, 39.3463622272075], [-89.91454358852764, 39.55502267478036], [-89.67745492127055, 39.54059871970673], [-89.6582089476816, 39.58913506679945], [-89.82377416441388, 39.72959365391663], [-89.84583170590328, 39.80034302595706], [-89.39587207188661, 40.28747102209383], [-89.36947566580388, 40.37763100406664], [-89.7152130072345, 40.45821346392523], [-89.7294262833051, 40.68049134262475], [-89.78167498651086, 40.70238250949447], [-89.91866119677766, 40.63646748683574], [-90.44246395816448, 40.65497883924706], [-90.64578468977096, 40.59367283342273], [-90.5701791178845, 40.47759269679852], [-90.12487215344252, 40.51152135896226], [-89.80345785132825, 40.44758939706417], [-89.78740603016617, 40.38263824728627], [-89.8634992015626, 40.29147924487008], [-89.82134552167342, 40.18187971493707], [-89.86318414685597, 40.14456948500143], [-89.93553444646898, 40.168149525470234], [-90.09864327340465, 40.36102160712442], [-90.32327136118411, 40.35110377369124], [-90.57732125558172, 40.21740199975796], [-90.84024603190801, 40.29032696548367], [-91.02713097608644, 40.560633911416055], [-90.99932707062953, 40.6378974810964], [-90.84235450573573, 40.755206236286355], [-90.80508876208212, 40.89786341597947], [-90.95338670868134, 40.93617547946612], [-90.9070714298165, 41.06889068892244], [-90.99040166975443, 41.30194128966967], [-90.95878253350848, 41.35241349989588], [-90.86482784357521, 41.420415172303535], [-90.32686506726968, 41.5587700500031], [-90.24100341174832, 41.64810397569074], [-90.17777130162814, 41.84128597347224], [-90.04393359376853, 41.93822735749187], [-89.7987147740906, 41.952227578189756], [-89.6318925294035, 41.79015923963227], [-89.19845982184395, 41.84242795957171], [-89.14217360329587, 41.80925766910626], [-89.18016209887442, 41.70036833521405], [-89.1183826083304, 41.65872544829049], [-88.93684686500988, 41.758980076238494], [-88.92360545785196, 41.87549392134582], [-88.79878480065135, 41.75999116859813], [-88.70787297261128, 41.74435804118486], [-88.64212853268505, 41.88470457488965], [-88.4721526166437, 41.83577487216353], [-88.38090495039503, 41.870127026277224], [-88.36721922811496, 41.93489629039646], [-88.45442133019465, 42.029853356638235], [-88.67955359302849, 42.09097108075059], [-88.7110185936367, 42.29136123061496], [-88.98403939351218, 42.34076339666725], [-88.9908588024994, 42.3930639266492], [-88.84741963449282, 42.45581694643458], [-88.00583286570614, 42.508665312383265], [-87.77725450021634, 42.723896173936346], [-87.83210203813891, 42.28621306482914], [-87.67469259891514, 42.06921020097633], [-87.5575892274071, 41.76683822720805]], [[-88.47581775681125, 39.8712831535837], [-88.33967301863171, 39.980073363652934], [-88.39834593472675, 40.076544765521284], [-89.05965299622467, 40.00752248260145], [-89.20063320091542, 39.9303695485683], [-89.25238563775373, 39.845225310333994], [-89.23817100401908, 39.783887043361986], [-89.13337893289105, 39.73505707959427], [-88.96448382511795, 39.772079836323066], [-88.80146725634006, 39.92571410206467], [-88.47581775681125, 39.8712831535837]], [[-86.75728058509793, 41.193650676138525], [-86.76732832639938, 41.28062204883566], [-86.8710809043297, 41.280674095374266], [-87.15578570351819, 41.12367520600715], [-87.06122434604865, 41.08882722656829], [-86.75728058509793, 41.193650676138525]]], [[[-112.25678107746963, 32.71664413591436], [-112.13710621798336, 32.64913126762674], [-111.99577254334268, 32.65147285671174], [-111.50877188520724, 32.827905864494404], [-111.4266454619697, 32.65850017018281], [-111.6870417869789, 32.51235763044361], [-111.58368607787966, 32.3285312888095], [-111.50206948308072, 32.28449251135536], [-111.29540046437818, 32.29193153940186], [-111.19824885692063, 32.17592756888764], [-110.94827550880024, 32.14501019790495], [-110.83337458808273, 32.03019011837487], [-110.75505498659895, 31.808791232162786], [-110.64439647311275, 31.82537947235155], [-110.49877967959621, 31.948142771060844], [-110.52061193737399, 32.15158128071177], [-110.8885084033764, 32.40419378087302], [-111.12034094211124, 32.486979947907486], [-111.09454566220222, 32.71451977953199], [-111.2597335019895, 32.89824538228754], [-110.12575525645886, 33.2592607099254], [-109.97148625717266, 33.22517053424596], [-109.77010005809227, 33.27976994721645], [-109.72466452773176, 33.385015623176315], [-109.83500844318527, 33.40507824037297], [-109.82656821252408, 33.560961706746234], [-109.94488301073892, 33.647555588636855], [-109.89979263940083, 33.69626518367861], [-109.9031324721745, 33.80616664299624], [-109.81649734535877, 33.83152560546889], [-109.6226671208966, 33.757738547664765], [-109.38714715590844, 33.744549574834245], [-109.40498092694507, 33.8350415497493], [-109.49077695749212, 33.89926688805362], [-109.4458996979504, 34.10353449246323], [-109.20578490511112, 34.15868550917408], [-109.1578363819753, 34.09535237821389], [-109.18701553122222, 34.05902447217961], [-109.37273084304648, 34.06981668272886], [-109.39427271639346, 34.036658919968936], [-109.29513835521273, 33.93794640518866], [-109.04034622042509, 33.83761593306337], [-108.9683297600512, 33.90068861736711], [-108.97241949212044, 34.04350137141097], [-108.87364909056544, 34.12426448210372], [-108.47080774825704, 34.20154423263808], [-108.18923187891876, 34.13539274250693], [-107.85586366859441, 34.17046575582805], [-107.81816517592821, 34.25832766616895], [-107.70963076397086, 34.33491813341097], [-107.97611311397414, 34.304601482136164], [-108.16725601527045, 34.34842863150731], [-108.16132815506919, 34.67604193358354], [-108.41855856431755, 34.68733154759992], [-108.23172942591238, 34.839479306497125], [-108.40908998946327, 34.90609706991517], [-108.37809386247072, 35.023883175211175], [-108.49865131942929, 35.031205600317044], [-108.53339714590922, 35.10363697757642], [-108.49129158353531, 35.17493788206571], [-108.29672857824767, 35.11022173267021], [-108.19953285994693, 35.18598626009336], [-108.05355734024525, 35.16693181395708], [-107.92228025809167, 35.26503353357131], [-107.93881641369667, 35.31915287396602], [-108.09140754750987, 35.27348392371763], [-108.2642513531, 35.302460500172785], [-108.30528144311124, 35.36168439741609], [-108.16485968183852, 35.4489269467315], [-107.89340570297631, 35.47672788809549], [-107.44885734825351, 35.43695685235477], [-107.44981902367041, 35.3662364208021], [-107.7131419075952, 35.26484548998808], [-107.82459310181737, 35.123739235132035], [-108.04605879197156, 35.103006034110486], [-108.00040865880473, 34.912025467006195], [-108.12450734797956, 34.821131426799504], [-108.01913772198657, 34.73938494404696], [-108.07180219444513, 34.62850317244865], [-107.95724284822641, 34.40439375852822], [-107.5636573068714, 34.41852369293344], [-107.3478408476261, 34.64398172132794], [-107.2219724618261, 34.65203660852097], [-107.57879299440935, 34.375773412140745], [-107.71371886582317, 34.11326538843083], [-107.69969531538501, 33.977810180872304], [-107.6159258596554, 33.9168008620838], [-107.3281373787085, 33.98603034267218], [-107.22907543581938, 33.93280131625053], [-107.34186040666428, 33.81796154752893], [-107.31894344771247, 33.78054472924242], [-107.0481205271067, 33.84224441611352], [-107.24020192200373, 33.698234357437386], [-107.2434704148338, 33.63692067250649], [-107.15855361150638, 33.64659416749574], [-106.81995199791143, 33.86102042536363], [-106.73636961535027, 34.016155389740575], [-107.16858965196441, 33.96809520317986], [-107.30978047858794, 33.99680342005293], [-107.22386074393768, 34.05169861632664], [-106.95711163468461, 34.08552311668179], [-106.24610405345453, 34.3454942067572], [-105.95413126697439, 34.61069154868858], [-105.99206874113078, 34.38487261075872], [-105.78738069911088, 34.49446421788803], [-105.53437531736175, 34.49892209484119], [-105.45476314267908, 34.58527264504666], [-105.46466810611744, 34.671667384675274], [-105.1612193226918, 34.78985268916523], [-104.82769142479034, 34.8025129877869], [-104.34049724780036, 34.965656110563046], [-104.19529585967577, 35.07018788725001], [-104.08734145607038, 35.26319265206295], [-103.98841529246714, 35.311445470265475], [-103.8457005242058, 35.24524750511671], [-103.7208502943672, 34.94675483689778], [-103.42474991970475, 34.86828531962598], [-103.10826149355411, 34.583854653527425], [-102.87437483010109, 34.53781170608463], [-102.84666135939057, 34.5943305859898], [-102.92540954435248, 34.818659375463554], [-102.90335306285697, 34.943183539175415], [-103.33120351122963, 35.40136591620611], [-103.03037555142281, 35.444673913600916], [-102.98780212752065, 35.52394070422171], [-103.23288420319533, 35.728003627122774], [-103.5042640131012, 35.824650535698915], [-103.71576209497114, 35.9969930459209], [-103.73129497134741, 36.201441068715496], [-102.53201528036541, 36.66581101678841], [-102.47948108394776, 36.528481181147335], [-102.54868674908909, 36.33915474888655], [-102.4958672887076, 36.22119584585277], [-102.36058390697855, 36.17498786520194], [-102.17522300989116, 36.199671460762225], [-101.95243007265503, 36.10294997548551], [-101.85941977038738, 35.961517215744195], [-101.84688821456625, 35.84261422059784], [-101.899492123533, 35.79944841953791], [-102.00616249123256, 35.84270646462398], [-102.16756683213048, 35.741983054030776], [-102.25586204135524, 35.822398221576535], [-102.3419348755768, 36.041718622273045], [-102.52388362632207, 35.97451633486788], [-102.67305042495597, 36.14989313215154], [-102.80866356344634, 35.88086561764895], [-102.88599863726678, 35.81685032722597], [-102.55721601510434, 35.79651477602634], [-102.26133363085191, 35.55632678424044], [-102.08175112512802, 35.50001381010034], [-101.1857933595912, 35.36751368518652], [-100.22992346436835, 35.09245182038457], [-100.85383297427431, 34.397372422233204], [-100.98693255238413, 34.49723878979218], [-101.48962579529349, 34.668579333349065], [-101.45076873266073, 34.753343849828575], [-100.94469442328432, 34.74067777139303], [-100.84794900686998, 34.802165142149704], [-100.86156937128298, 34.96870832080833], [-101.16269637599017, 35.21123978820343], [-101.36401778935229, 35.25226400385444], [-101.61651828445028, 35.211910891937436], [-101.9192111804737, 35.38781291790024], [-102.28810601868189, 35.39902574841718], [-102.649249841359, 35.53665576777727], [-102.8737229373626, 35.51191685538617], [-102.9192740085653, 35.44615855880852], [-102.40860068513858, 35.26537469282466], [-102.26658917154965, 35.14268544657853], [-102.1346692959528, 34.74915365407531], [-102.17039394308497, 34.47998562600063], [-101.85041708220963, 34.3539105065527], [-102.05244285952169, 34.20562935638851], [-102.04766722476946, 34.00771725207832], [-101.96694823223973, 33.875727888727795], [-101.7721331794817, 33.77477714704576], [-101.66238991509834, 33.8057132057729], [-101.50979822030071, 33.94295698638538], [-101.2893789611454, 33.93918837608045], [-101.61936437363643, 33.66850428700107], [-101.81940842854458, 33.726900653321806], [-101.92733150473588, 33.61839305561858], [-102.27654886179482, 33.564263674148094], [-102.35236414749417, 33.59113183182792], [-102.57949770774377, 33.90296369555748], [-102.78618286519585, 34.03881826000311], [-103.13514683348404, 34.05135479095941], [-103.23667783729604, 34.173346558970934], [-103.49322214307344, 34.283586602507555], [-103.7318611010676, 34.23151895203018], [-103.92491284631146, 34.34379031526653], [-104.05693153711495, 34.359371369438634], [-104.16433550662492, 34.25944834178016], [-103.79077501831641, 33.82868865060024], [-104.03465409166594, 33.75916851108984], [-104.08849809994364, 33.678873657951996], [-103.98969264607143, 33.54599903379904], [-103.80155229146612, 33.44721795785731], [-103.96869218227167, 33.11215739467383], [-103.8990067041407, 33.02745216800875], [-103.90620547801112, 32.85236152222851], [-103.99625140482995, 32.78564295991187], [-104.20239366870567, 32.74119515992605], [-104.18604924736451, 32.92077265972918], [-104.26894660566211, 33.12106188177011], [-104.08673668278908, 33.26957142080915], [-104.16684380068246, 33.4857151327533], [-104.29796013443404, 33.48436986563172], [-104.38292536073902, 33.558851550722736], [-104.4417588172807, 33.535815256144794], [-104.4981156918992, 33.272091653878356], [-104.60316321255847, 33.08925387938565], [-104.78610499373467, 32.97769068188092], [-104.9297502750972, 32.99301982941281], [-104.97219306436271, 32.930636967347596], [-105.04911167963058, 32.624079543703], [-105.0132086853021, 32.15565559157292], [-104.93280633573579, 32.04103106488048], [-105.07476671274695, 31.98041321382742], [-105.26153437370273, 32.104312735783274], [-105.49123136875349, 32.39575973418832], [-105.55175958715462, 32.34178948537982], [-105.57602370679781, 32.15353063249123], [-106.0235978665659, 31.780722948329576], [-106.76911899809969, 31.655825866099747], [-106.91415041177218, 31.974162265662645], [-107.05317053942764, 31.91294614823596], [-107.37707333536609, 31.889312921286674], [-107.6385829862553, 32.17625686374992], [-107.72351687207674, 32.17929879247643], [-107.79163603022849, 32.09897262528932], [-107.88239995646536, 32.19823807831961], [-108.03179855207408, 32.206397178947036], [-108.20366920209574, 32.33381213970317], [-108.27954606116347, 32.26665338540088], [-108.54437505513629, 32.228210110702605], [-108.53352577539502, 32.1703537599757], [-108.36416130651813, 32.08407342452416], [-108.36205824487637, 31.913572723767764], [-108.43500241512288, 31.952377910200553], [-108.53501339961683, 31.90486134976179], [-108.62918319770345, 31.961059792506862], [-108.6469320230274, 31.86130889440722], [-108.74207890788063, 31.91132082463139], [-108.87296270571095, 31.87775387026307], [-109.17156705118582, 32.01701114300614], [-109.1777387883393, 31.94331722436154], [-109.09587831303678, 31.816895170029646], [-109.22629748682579, 31.961611211190274], [-109.3434277139766, 31.97224007043496], [-109.38452115207693, 31.96147336395801], [-109.4372124968343, 31.785405448376846], [-109.52853148397521, 31.723315927277596], [-109.58471640209667, 31.74346475423236], [-109.60598041518323, 31.889534844743373], [-109.89179199202385, 31.91618707727118], [-109.9687124310913, 31.990731383453383], [-110.34935366258172, 31.88173447500443], [-110.44246025369038, 31.759943328337126], [-110.4201111907212, 31.65682955267473], [-110.32612510456343, 31.67520405318363], [-110.25231415876878, 31.79534182837658], [-110.13755715009694, 31.85333072655589], [-109.78468778091205, 31.637646097802154], [-109.66989998266027, 31.663228519025626], [-109.61015608851649, 31.430225527932954], [-109.7027746560896, 31.330302982065596], [-109.67809755264516, 31.228649781707663], [-109.29383775072475, 30.943472636616267], [-109.23751443249886, 30.763228265139393], [-109.01291067645367, 30.71974356616125], [-108.91834432077344, 30.56499918515812], [-109.21088276718842, 30.36621969042091], [-109.22005012756142, 30.48877684455909], [-109.43753524325157, 30.537033920001594], [-109.30112047653209, 30.31003816878888], [-109.36358883751204, 30.26410115381537], [-109.53859543315032, 30.348428971135966], [-110.01249932120473, 30.332435965326155], [-110.04813188153894, 30.303812510989626], [-110.0223700665665, 30.223656231359424], [-109.77706985826788, 30.135845828941807], [-109.66279353566858, 30.14895574632944], [-109.56630075814421, 30.255043403862857], [-109.40822777555792, 30.23186589416203], [-109.82804249670737, 29.988545303637462], [-112.60705222696258, 31.346839624239735], [-112.72690613025938, 31.463961699034854], [-112.87850072392888, 31.80478191338916], [-112.98182094193837, 31.92143807461415], [-112.7845287976135, 31.929259315655447], [-112.58612995939146, 31.761313567261528], [-112.44365460854078, 31.738960141999534], [-112.37375427591304, 31.79186836923384], [-112.41680789620267, 31.964261788746015], [-112.4745401608234, 32.063037063284874], [-112.6580120082431, 32.18980629897186], [-112.2429182310403, 32.174874030177776], [-112.22850862707348, 32.23679923228892], [-112.33208825258227, 32.29651003132081], [-112.3158484590477, 32.355342469865604], [-112.13436178803745, 32.38434018597235], [-111.88791707176104, 32.33501090620729], [-111.81538468614174, 32.38169317245117], [-111.8747281063365, 32.43329978633086], [-112.07101618699849, 32.42867895789423], [-112.16508712048606, 32.554643833099654], [-112.34329157200926, 32.5401835495814], [-112.35853119397393, 32.716706890483174], [-112.49144597863727, 32.64610771787723], [-112.70382624995884, 32.633978632660174], [-112.86085957515368, 32.706675360449665], [-112.93086064716294, 32.78671321250627], [-112.96304825763865, 33.016831391303235], [-113.10874723231531, 33.04176225031686], [-113.02218719216019, 33.185654947814555], [-112.81341241364693, 33.36619893262098], [-112.46822458434129, 33.46141441736493], [-111.86206897389934, 33.79965112484146], [-111.78144084037132, 33.60770871709691], [-111.77511549745294, 33.823981093970595], [-111.65322418064487, 33.871457777432894], [-111.56233473460227, 33.719142369238725], [-111.74546346032807, 33.47689477225063], [-111.91593134417367, 33.43299123258664], [-111.93976197487149, 33.34573988341343], [-111.86034240698166, 33.32875853479166], [-111.78784034675733, 33.23716836000962], [-111.6285533386286, 33.28937433812252], [-111.43111238997682, 33.280705353537726], [-112.20597253073865, 32.86085198094274], [-112.26796462202368, 32.805421644951124], [-112.25678107746963, 32.71664413591436]], [[-109.24572705666016, 32.784441955548985], [-109.29760291446263, 32.75238286101573], [-109.3585641489415, 32.78105674042146], [-109.35528142031832, 32.90507852020129], [-109.25134523596155, 32.958149535241596], [-109.29279835544159, 33.02894888911303], [-109.26415502042714, 33.10038567779418], [-109.34429978756062, 33.12113937642171], [-109.46573718010781, 33.01583335045458], [-109.5385838752395, 32.81814578217783], [-109.44812856689896, 32.739176874586576], [-109.42021130625734, 32.63046787571852], [-109.13677907522894, 32.570301026584914], [-109.0700985117302, 32.79414940276275], [-109.24572705666016, 32.784441955548985]], [[-110.7305766777508, 32.66612103020667], [-110.81683749161282, 32.53338803355694], [-110.57350504598833, 32.5016846969377], [-110.50940977011655, 32.60474596170057], [-110.36472211715648, 32.644189109331116], [-110.33940584040407, 32.703744347190366], [-110.52646859106474, 32.80574572153815], [-110.62136378126453, 32.689968630531865], [-110.7305766777508, 32.66612103020667]], [[-112.69075289540119, 33.067027930817574], [-112.71187717242324, 33.014510684605625], [-112.60899567052823, 32.99810128681018], [-112.50981239831485, 32.91421979568343], [-112.33310406581165, 32.924350249241755], [-112.2279036310148, 33.00800447883247], [-112.41404386839801, 33.016371410685835], [-112.49144845269791, 33.10867951739033], [-112.69075289540119, 33.067027930817574]], [[-111.46613350510214, 32.21713876169327], [-111.56262714126005, 32.21658560190538], [-111.5981359751619, 32.138406919242485], [-111.49535760908732, 31.998136553196144], [-111.44196767376533, 31.995281297433372], [-111.3739774602173, 32.08154357276197], [-111.46613350510214, 32.21713876169327]], [[-110.82564739829924, 31.789353470608145], [-110.89486672075827, 31.76266803693857], [-110.8970138185696, 31.660629778176407], [-110.9796588987233, 31.548583511038434], [-110.94170014966579, 31.377086503605376], [-110.59190896747562, 31.245624993241517], [-110.58634233501508, 31.337326124683337], [-110.75997612309627, 31.552286682009154], [-110.75199188951466, 31.71261439860639], [-110.82564739829924, 31.789353470608145]], [[-109.65199967995136, 30.872802624103013], [-109.63974402029538, 30.78241483931885], [-109.47415379655794, 30.659212154266534], [-109.1750231908558, 30.626031115115953], [-109.35732833329868, 30.74390320899925], [-109.37234543085452, 30.84332651923931], [-109.7197063606189, 31.082373841604902], [-109.65199967995136, 30.872802624103013]], [[-111.62793148568767, 31.99234357050455], [-111.65549210694836, 31.935566044182206], [-111.58345560660638, 31.809288362686075], [-111.64004275465004, 31.75500726169869], [-111.70122323706019, 31.831921698207577], [-111.83859122528554, 31.86548550354894], [-111.84554357782066, 32.046776488023944], [-111.92794366311719, 32.12022807737472], [-111.98563259072797, 32.09792650622652], [-112.01256618139936, 32.015348018951535], [-112.1989105447802, 32.00503285898988], [-112.19454398902964, 31.90486262949254], [-112.0686165976269, 31.901590767227045], [-111.74212865004415, 31.702921949980635], [-111.76458507293344, 31.5833993811589], [-111.8787231966553, 31.603650131406013], [-111.9850972637208, 31.517466710124534], [-112.2942020181496, 31.668183270706198], [-112.36718100917395, 31.605588331700076], [-112.25581569344179, 31.561052508781955], [-112.21152667151233, 31.487996098684174], [-112.06272763791337, 31.466213667589454], [-111.96037515456594, 31.25540907026032], [-111.73659428764105, 31.422138369771044], [-111.73554738807307, 31.294502234694562], [-111.61919663768478, 31.301359777069035], [-111.52566295432577, 31.407996740836996], [-111.57728948084367, 31.56848250501105], [-111.4918724431464, 31.729917383807532], [-111.49859180610473, 31.819671988199186], [-111.62793148568767, 31.99234357050455]], [[-111.3150228068825, 31.937080453144024], [-111.37460263710626, 31.92910508117275], [-111.41392680314767, 31.698283484932535], [-111.25288014130656, 31.653383085853083], [-111.20887800552563, 31.701216749349527], [-111.3150228068825, 31.937080453144024]], [[-111.08931778677436, 31.91203485785194], [-111.21095881526837, 31.928348010443127], [-111.07678624601542, 31.771038991121934], [-111.01213310944912, 31.77413251631905], [-111.08931778677436, 31.91203485785194]], [[-111.21147850194791, 31.455286403792115], [-111.28158074675711, 31.404995843599195], [-111.2330629455401, 31.325757408901072], [-111.12775784923026, 31.318335050330095], [-111.0495741796924, 31.390517325388977], [-111.06266316467611, 31.44104138105796], [-111.21147850194791, 31.455286403792115]], [[-111.33402328721502, 31.184753525663645], [-111.38227203524552, 31.28857794030672], [-111.47305705232999, 31.293007514936072], [-111.53652112731889, 31.09264641254722], [-111.35593335500202, 30.914262286453297], [-111.14839975761494, 31.051541433272753], [-111.18672680685081, 31.12750228969562], [-111.33402328721502, 31.184753525663645]], [[-110.1581928000986, 30.883929836211053], [-110.31696477932935, 30.96553809549515], [-110.3570549428934, 31.09005827512177], [-110.43430617380348, 31.02140597104673], [-110.54193944979481, 31.163101645165714], [-110.58144683815581, 31.13701519152288], [-110.54863858217522, 31.03329614587153], [-110.76688381910554, 31.197476240505758], [-110.83816102964904, 31.186860149483948], [-110.86043684810488, 31.134802023464044], [-110.75549006584569, 31.035786161618027], [-110.73092064666648, 30.943608906354463], [-110.38842091335589, 30.84416576895383], [-110.36565547676811, 30.780613741598835], [-110.46471528702608, 30.81666589186556], [-110.50106366524115, 30.77871971047663], [-110.29354053300936, 30.61759679968589], [-110.16052251666446, 30.640339938902486], [-109.97890337488948, 30.517612682568128], [-109.66593673644923, 30.428797616043713], [-109.63980547734006, 30.48402835929832], [-109.73115900057907, 30.623301561516932], [-109.749093038016, 30.80003763093241], [-109.83836585889698, 30.913466340648455], [-109.88389865466418, 30.909960161786465], [-109.88001346075244, 30.855469575749485], [-109.79550522033134, 30.75388565256073], [-109.78028267429703, 30.517604822566483], [-110.13455850648775, 30.76105020906806], [-110.1581928000986, 30.883929836211053]], [[-110.60002119051829, 30.41485255374632], [-110.30373742434034, 30.333910284546103], [-110.07773027883229, 30.403437092797652], [-110.18059595290659, 30.497287089037822], [-110.43341604126358, 30.431467827131094], [-110.61050792197436, 30.494555148158813], [-110.60002119051829, 30.41485255374632]], [[-110.04695250934962, 31.758618307904445], [-110.18698488473115, 31.688034329153226], [-110.18964653295053, 31.631517128894227], [-110.02872733479114, 31.393272615825467], [-109.94297700865279, 31.37110105369273], [-109.87066265400559, 31.425454226175635], [-109.87129876788401, 31.531962652416848], [-109.9973954225818, 31.630134615130466], [-110.01696933814671, 31.77774704332287], [-110.04695250934962, 31.758618307904445]], [[-111.94400011966977, 33.63436167748974], [-112.03958941999295, 33.63865145410458], [-112.06462717051619, 33.58412562040322], [-111.94081851594478, 33.56480733526382], [-111.94400011966977, 33.63436167748974]], [[-104.63987396163546, 34.832145843270816], [-104.76524705149858, 34.77858877374001], [-104.94773370746992, 34.572856858227354], [-104.73096240723585, 34.5656439666226], [-104.57114190469716, 34.79091934637914], [-104.63987396163546, 34.832145843270816]], [[-105.53674204041414, 33.96869843338879], [-105.38879237147661, 33.96523733102989], [-105.43917786371209, 33.79387114737033], [-105.3517868465559, 33.72736356011352], [-105.2713854636385, 33.74004346404975], [-104.99611289354661, 33.98771428353623], [-104.82772971173317, 34.35044804561543], [-104.93327274778952, 34.44506477820833], [-105.08035115473189, 34.419764315894966], [-105.09728231562507, 34.28254494492913], [-105.17671755962101, 34.179547289132074], [-105.34474859755181, 34.14385256144096], [-105.53674204041414, 33.96869843338879]], [[-105.90325030481426, 34.22730892733015], [-105.91719594780932, 34.321536781186445], [-105.99376578018386, 34.26426811318553], [-106.06043325112913, 33.988464502996436], [-106.37336973079711, 33.759739349265274], [-106.44726202009727, 33.597911036490345], [-106.64956642150703, 33.42163746056455], [-106.66776099644656, 33.27966650277724], [-106.7936767976955, 33.27599743496858], [-106.77686248029728, 33.17304222989599], [-106.96824496551314, 33.075525150781345], [-107.16755256954134, 33.1425823630303], [-107.25788999930863, 32.878802214622425], [-107.23059731454174, 32.759606011564756], [-107.28833449035562, 32.69903250524441], [-107.47962727457264, 32.68408583547902], [-107.5478656374211, 32.63290037465338], [-107.54158705418874, 32.582001553538014], [-107.436820041211, 32.5639010875243], [-107.34281794339049, 32.239036768443], [-107.08549823265164, 32.225214333351396], [-107.00979341880416, 32.269825954905464], [-106.96257627988852, 32.37674206990448], [-106.71212342055465, 32.38113674522714], [-106.68530140448004, 32.44734628533724], [-106.75322963959275, 32.50090046045799], [-106.43831837734862, 32.559564237071726], [-106.27754866235844, 32.64767812831146], [-106.23723655043732, 32.78266743734632], [-106.38810776800607, 32.92734469151831], [-106.41702410605507, 33.07816550478413], [-106.47067329978132, 33.12450516783147], [-106.21657928918637, 33.360827419382275], [-106.13284999892667, 33.62860508006602], [-106.07167756092481, 33.59832492536512], [-106.06689035290498, 33.3929564419856], [-106.02580786927169, 33.3731410430949], [-105.90127754072019, 33.44462491011099], [-105.89114079187988, 33.63810215010352], [-105.4909064131199, 33.55431772757491], [-105.42304117157994, 33.621094983222704], [-105.61819229067638, 33.7387462191263], [-105.55314925912386, 33.81753416498764], [-105.56078621367547, 33.89775052137143], [-105.62835610735846, 33.90440767465079], [-105.841111257508, 33.78536736311015], [-105.98319158041367, 33.82436313053885], [-105.98794608499091, 33.89226291945447], [-105.77943320903299, 33.91564135534746], [-105.71293626112542, 33.99054891153549], [-105.7318096929869, 34.20504941130765], [-105.90325030481426, 34.22730892733015]], [[-106.41632203474754, 31.846946079377588], [-106.36884548203972, 31.973722905068456], [-106.42065041649168, 32.146756211833065], [-106.37245359143965, 32.22775932633584], [-106.4353970184648, 32.300927895880044], [-106.44130525078646, 32.438093080705606], [-106.52954043117752, 32.46625863806098], [-106.5856760058392, 32.38914185046599], [-106.5366295233581, 32.26188600203541], [-106.75004190680946, 32.16226489360233], [-106.77096454787093, 32.06407059661098], [-106.75244931618451, 31.990123593504446], [-106.41617205653118, 31.789707741536603], [-106.41632203474754, 31.846946079377588]], [[-107.67687468904204, 32.720303597439525], [-107.67747818525926, 33.01582043548231], [-107.72438950840629, 33.03838654629768], [-107.8475432182945, 32.810114862231686], [-107.78313678183211, 32.62564028824439], [-107.86879621191088, 32.53366034243178], [-107.75677706805966, 32.31065754630806], [-107.67770576694925, 32.368659764637314], [-107.59395773087695, 32.33153892688266], [-107.71587222051029, 32.46385403279821], [-107.65531539214372, 32.55929463311275], [-107.7064470497033, 32.63403899185494], [-107.67687468904204, 32.720303597439525]], [[-108.70508592796259, 32.32761103339418], [-108.77091808954823, 32.355363447960904], [-108.80229092688666, 32.33098056569239], [-108.64390384769176, 32.29117953352502], [-108.70508592796259, 32.32761103339418]], [[-108.36351017133767, 32.34256940235827], [-108.42304024756798, 32.50602893762217], [-108.5395603741097, 32.545162636419356], [-108.56404092908909, 32.48154749764705], [-108.36351017133767, 32.34256940235827]], [[-109.62808726153729, 32.374453932015285], [-109.75179278962436, 32.434758689107824], [-109.62101577912648, 32.57309448704619], [-109.62063024278463, 32.629059268647424], [-109.76203598120912, 32.721349325249825], [-109.8578964500952, 32.633001881751106], [-109.8364643942342, 32.546936271015525], [-109.94366015468422, 32.43902303982119], [-109.95262193170252, 32.338139160927255], [-110.10832143274109, 32.413359346468425], [-110.23090467407926, 32.40491337812638], [-110.26869762888701, 32.35135447513105], [-109.90756238827406, 32.2027253330791], [-109.8789153510731, 32.27487793830093], [-109.65737708153034, 32.32325521831208], [-109.51464672882729, 32.279817751987665], [-109.53744111574046, 32.20117176100687], [-109.44291944554313, 32.14462236295211], [-109.13213423523268, 32.1513134460033], [-109.2008093668048, 32.206916237846976], [-109.39477734246343, 32.23526185885923], [-109.51508888098594, 32.37068295835657], [-109.62808726153729, 32.374453932015285]], [[-109.0266432016108, 32.41940626610662], [-109.07394290283744, 32.44554467606486], [-109.10273943673107, 32.428667108123655], [-108.9982427469473, 32.36416889846216], [-109.0266432016108, 32.41940626610662]], [[-110.26280170613579, 32.568057343954216], [-110.11432288876185, 32.53736123761938], [-110.05838390545267, 32.587077883984634], [-110.15213072605557, 32.665181800914176], [-110.26280170613579, 32.568057343954216]], [[-108.69525513397942, 32.751049125779744], [-108.77721297445039, 32.82438476708812], [-108.93567617155273, 32.79557675941628], [-108.89592543077694, 32.737435725154036], [-108.69525513397942, 32.751049125779744]], [[-108.43013465860872, 32.611775576762014], [-108.25398418828853, 32.50241628719296], [-108.40426755710973, 32.719854023175444], [-108.4862699239776, 32.78825565259682], [-108.61198271756703, 32.80919340513939], [-108.43013465860872, 32.611775576762014]], [[-108.74410896938468, 32.62804620309419], [-108.83684059373284, 32.61595817087686], [-108.71563633824314, 32.526519580712986], [-108.71747222441809, 32.59016769975597], [-108.74410896938468, 32.62804620309419]], [[-110.06784845677892, 32.98371146992653], [-110.07892375476257, 32.9364625801597], [-110.21059177941824, 32.899016285095996], [-110.18077576719003, 32.73581567447464], [-110.07811109176963, 32.77316454003377], [-109.94442065163082, 33.07134952738577], [-109.98814500145791, 33.14082598075204], [-110.09647370026691, 33.136637252907114], [-110.15375216526694, 33.08442995007598], [-110.06784845677892, 32.98371146992653]], [[-110.33537674184028, 33.13073775058915], [-110.3747686786554, 33.0915205658026], [-110.28991660797665, 33.060404241287955], [-110.3034885390507, 33.117190591637225], [-110.33537674184028, 33.13073775058915]], [[-108.57798178647018, 33.04096230401701], [-108.54399482118393, 33.09128814565024], [-108.39710722842793, 33.00293149320947], [-108.06224462339523, 32.9267212187837], [-107.85437423121402, 32.972866325560915], [-107.93646229868156, 33.167149439439996], [-108.08058028065555, 33.104280114884666], [-108.07351981867312, 33.20577685227498], [-108.11603536992052, 33.22112694252693], [-108.25170520115083, 33.1456597713706], [-108.35950922316422, 33.27482517300757], [-108.52709953271118, 33.20207497983208], [-108.46722459209418, 33.35725979439491], [-108.66671557451501, 33.25363451323156], [-108.8647070449381, 33.301696630388946], [-109.03929310686088, 33.24156782887838], [-109.02763711717881, 33.15873851598215], [-108.96407459150723, 33.109014676407824], [-108.82368086921649, 33.2010907408171], [-108.72774687731234, 33.155267208623755], [-108.6838407403453, 33.033223973629], [-108.52995092823134, 32.99977441804078], [-108.57798178647018, 33.04096230401701]], [[-109.54469185639843, 33.56572889023889], [-109.56189698793547, 33.43843908184579], [-109.67061866430318, 33.34728731567194], [-109.63931247295663, 33.23430843080836], [-109.36932415425154, 33.307619672437475], [-109.23710582056874, 33.62078019701887], [-109.32763958629282, 33.67429444960799], [-109.45045066421363, 33.66356795591306], [-109.54469185639843, 33.56572889023889]], [[-108.49204657899698, 33.52647381408769], [-108.45341972369643, 33.574027045980436], [-108.49103934466984, 33.59992072068441], [-108.62058179182094, 33.51321208353263], [-108.58451060247447, 33.482072477150496], [-108.49204657899698, 33.52647381408769]], [[-107.23838464733616, 33.27402573689468], [-107.2835804972434, 33.46295058569816], [-107.37376739834788, 33.517527752704396], [-107.42081924393277, 33.64045023292654], [-107.46924390712977, 33.5670079014268], [-107.43213245997133, 33.41295392050587], [-107.48750670896594, 33.42135660733405], [-107.58404113567963, 33.56351242637905], [-107.65629894130218, 33.46034137903388], [-107.76005646192431, 33.52316703908963], [-107.91742038116374, 33.26529340470956], [-107.75546592724002, 33.126365874999166], [-107.6743525301614, 33.14081825915739], [-107.61794333880586, 33.21479862468216], [-107.49961636285627, 33.187951769883334], [-107.40315842808575, 33.25369341207207], [-107.32401374341813, 33.11032249306328], [-107.24336698535178, 33.13151637982858], [-107.23838464733616, 33.27402573689468]], [[-108.2374470912266, 33.44017870336013], [-108.31247573905057, 33.43859074107603], [-108.2683937985665, 33.35435246648088], [-108.170184902584, 33.30563477072925], [-108.08748650121028, 33.32317162973873], [-108.1114171991714, 33.38118599059231], [-108.2374470912266, 33.44017870336013]], [[-107.56819559091127, 32.91041546824414], [-107.59741292960072, 32.75793312058366], [-107.54346228246624, 32.72116906584778], [-107.45189981228971, 32.79002178899545], [-107.47937401491079, 32.97258480213781], [-107.53745231716243, 32.985090682150286], [-107.56819559091127, 32.91041546824414]], [[-106.48068279247555, 34.08007120580448], [-106.49667158969322, 34.17408705372676], [-106.59781814914116, 34.157722305014154], [-106.51836297995003, 33.92361536203333], [-106.40347818495268, 33.96737322530102], [-106.4048596188173, 34.024466023997455], [-106.48068279247555, 34.08007120580448]]], [[[-96.16246943868565, 34.36049055935996], [-96.32424644353526, 34.353178127613816], [-96.52614542932388, 34.699381164329566], [-96.5903581260813, 34.910043962169055], [-96.44611376554114, 35.176158347493335], [-96.38795138265463, 35.17197893613778], [-96.3980668818567, 34.908175598508386], [-96.16149973280064, 34.54348394540522], [-96.16246943868565, 34.36049055935996]]], [[[-96.82258220285306, 36.015071132683865], [-96.52079255151818, 36.046175965443965], [-96.59559921958319, 36.27128033275075], [-96.45232563189417, 36.331379125715536], [-96.20572607407819, 36.23007849022874], [-96.03754614388728, 35.92741635793537], [-95.95462169904471, 35.87511336782884], [-95.57476735680127, 35.962086605704826], [-95.44762345477531, 35.939921468416124], [-95.37722092929823, 35.848890110220545], [-95.36733767429273, 35.707975319350716], [-95.18650945655452, 35.68614205154094], [-95.15172364053765, 35.5562669737372], [-95.36329445799082, 35.437457196953865], [-95.66627277886646, 35.42999500821989], [-95.99966802945968, 35.567367989606566], [-96.2363461918344, 35.58705133596547], [-96.88683140178935, 35.3404664473827], [-97.27788535208784, 35.474476388678376], [-97.34880114588668, 35.409085838996205], [-97.45487538795089, 35.15686943623839], [-97.57080919240177, 35.09763204719419], [-97.59659819100524, 34.99633946977005], [-97.55997524799696, 34.91389488210701], [-97.2521189370872, 34.666617941221205], [-97.83016679775764, 35.08027226396729], [-98.0754244631809, 35.36167259702564], [-97.8180903682821, 35.46338173163281], [-97.75674834309427, 35.62567262793777], [-97.57311243837509, 35.65028508384273], [-97.63757851449506, 35.80511400125614], [-97.99563387457326, 35.80175862215924], [-98.3116088722342, 35.98835253921204], [-98.3310683844458, 36.052021446031794], [-98.2704968109238, 36.12441948731291], [-98.26404260176287, 36.25956710111557], [-98.36151220082138, 36.25671606429785], [-98.50355535760042, 36.10501719297121], [-98.904191549251, 36.13471200438011], [-98.95801025963691, 36.26762746992819], [-98.96188329856386, 36.50012031238788], [-99.10780159448728, 36.55765397594674], [-99.16383043944, 36.54397180445369], [-99.40724313263627, 36.21997655605753], [-99.4907026533089, 36.22036087100854], [-99.55442101857767, 36.32910236518812], [-99.60839096039781, 36.33070029784673], [-99.70977986788013, 36.22391063356096], [-99.67827859322323, 36.1309629350151], [-100.1404645980614, 36.213463570559725], [-100.465845547003, 36.21284747309351], [-100.52726590479602, 36.26113195466249], [-100.46409258651647, 36.32158213500754], [-100.16887742403954, 36.27285359395614], [-100.07555694679775, 36.47292893615149], [-99.89030179983202, 36.580655834238684], [-99.54870664008675, 36.54005182711416], [-99.54210152946905, 36.640012085434705], [-99.64875763985957, 36.76074335004307], [-99.67723530292872, 36.87439588480364], [-99.74243655027703, 36.8871740594666], [-99.98294284431007, 36.75737770367237], [-100.05279668366204, 36.586519076976145], [-100.25377360368499, 36.57267027300107], [-100.40322844654912, 36.61497073462328], [-100.57257187778058, 36.55506294637433], [-100.68836822342591, 36.58745526036105], [-100.65781867323125, 36.81671411275826], [-100.69363514720412, 36.90581286695553], [-100.80824883306985, 36.88567512955792], [-100.87368741314255, 36.79591047730084], [-101.09458752486566, 36.797965204006324], [-101.131577222834, 36.85100471054218], [-100.87423886242485, 37.05604192283162], [-100.86181919726566, 37.13572434949381], [-100.9225513690605, 37.24494604605672], [-100.78867912568825, 37.33035582779193], [-100.50786329459258, 37.3241295929922], [-100.29734096154512, 37.25787289622868], [-99.92814592741665, 37.299961478283635], [-99.62612708543134, 37.19553554838498], [-99.39285940232102, 37.23436534974823], [-98.87510891162576, 37.194667234070884], [-98.77064291462332, 37.12762922550057], [-98.76225788390504, 37.04698235047744], [-99.0584416066087, 36.7915098636328], [-99.02952000619284, 36.69226835701551], [-98.96374265512716, 36.65385740607199], [-98.41325638363857, 36.709915110655885], [-98.32187289255495, 36.64363102304852], [-98.33477585515675, 36.547720649481974], [-98.26480921260368, 36.44868965362521], [-98.1406011940983, 36.41770049263513], [-97.98013509817828, 36.49273984091396], [-97.89421661195986, 36.38060860711809], [-97.76375307897507, 36.32582632247461], [-97.14126478741731, 36.392125765644884], [-96.97420051535221, 36.316286548359116], [-96.94796327952427, 36.14019324403879], [-96.82258220285306, 36.015071132683865]]], [[[-100.27419851144732, 35.44425357091118], [-101.28422019544409, 35.59572345579264], [-101.35820381691244, 35.61152164850782], [-101.44146507858473, 35.71747484738397], [-101.72378130761263, 35.70545727477324], [-101.76556898118146, 35.753637443476755], [-101.64932096297163, 35.859088835150374], [-101.48108364736669, 35.86335708149378], [-101.35044433640884, 35.98011876250653], [-101.1807991054613, 35.99436504795887], [-101.15859964201512, 36.048559756131255], [-101.24389796853771, 36.107910359091754], [-101.18946451441599, 36.14583199366882], [-101.13182087196469, 36.14223858105912], [-100.94799249675934, 35.96736488436134], [-100.86236373794796, 35.960744262342516], [-100.7586104730205, 36.19293482740359], [-100.54786443190332, 36.004038774101815], [-100.55124901628602, 35.68236833261494], [-100.27419851144732, 35.44425357091118]]], [[[-98.59844834139486, 35.78871866882345], [-98.59921425262878, 35.75391869360818], [-98.71520029335271, 35.81240057653349], [-98.8199314041843, 35.89484434834399], [-98.7984908971031, 35.940131595962214], [-98.68297368814449, 35.964019586209005], [-98.59844834139486, 35.78871866882345]]], [[[-101.05588464218877, 37.0907967183724], [-101.10544925653075, 36.9778737096271], [-101.25870369265381, 37.070292993033725], [-101.3632959383616, 37.009594827324555], [-101.38559255937359, 36.78307245716688], [-101.23203449181601, 36.54128346134388], [-101.29589102464587, 36.535313454630206], [-101.39744519981171, 36.6201776125839], [-101.65679073692706, 36.61949949266578], [-101.75661199230198, 36.750385208916754], [-101.90132619887747, 36.684650409531166], [-101.92339164717058, 36.58109152210125], [-101.67963624978636, 36.309546383510906], [-101.68765021260445, 36.073890992208774], [-101.85724651906406, 36.28442364191379], [-102.08674167530107, 36.24888174332451], [-102.04353145208724, 36.40840770236965], [-102.26570088485843, 36.449382533344256], [-102.26169311194509, 36.64924153846496], [-102.33555074657257, 36.73082454955213], [-101.07214994104875, 37.33774426592348], [-101.05588464218877, 37.0907967183724]]]]}}, {"type": "Feature", "properties": {"unit": "1.76 - 1.72 Ga juvenile crust", "category": "Paleoproterozoic", "color": "#f4a6c0", "appearance_age": 1760}, "geometry": {"type": "MultiPolygon", "coordinates": [[[[-111.65322418064487, 33.871457777432894], [-111.77511549745294, 33.823981093970595], [-111.71437458393724, 33.89374280195475], [-111.65322418064487, 33.871457777432894]]], [[[-112.92875607836828, 33.26656479390616], [-113.10874723231531, 33.04176225031686], [-113.23986846627177, 33.08270304723676], [-113.3154714065569, 33.00747621615768], [-113.4505486331248, 32.96870173316647], [-113.4034705658307, 32.8575355945865], [-113.48586747210297, 32.70188152048699], [-113.37340236738471, 32.58141185236804], [-113.11922279612689, 32.498679270282636], [-113.06493160445096, 32.37290582827942], [-112.81966227775766, 32.22142022982802], [-112.91487960857832, 32.17994187835044], [-113.03478008741457, 32.28882315697583], [-113.09258670209367, 32.20560603448936], [-113.2488799296358, 32.20672894689439], [-113.29412591632223, 32.04011514679597], [-113.33985577059632, 32.041929365388796], [-113.39612388520813, 32.15835253778288], [-113.67013198234132, 32.1512070340248], [-113.64168660798467, 32.05346522366788], [-113.93245063998425, 32.09598802038423], [-113.8092903869997, 32.3766474144736], [-113.82716081786842, 32.46565400391311], [-113.67601589468562, 33.15796201928316], [-113.14207613795635, 33.16151625366307], [-112.92363724190109, 33.446373162722324], [-112.5760893916147, 33.6214194455346], [-112.46588344322517, 33.765078696716955], [-112.44538273872223, 33.62522396921321], [-112.24115384913182, 33.57661202270091], [-112.81341241364693, 33.36619893262098], [-112.92875607836828, 33.26656479390616]]], [[[-113.12551731080539, 33.430274942522736], [-113.1942446683503, 33.38465879341024], [-113.30230507684922, 33.40850772940883], [-113.3198825039828, 33.528765515626304], [-113.38632478457478, 33.57149235095645], [-113.46673115069147, 33.50585603889414], [-113.5631937628972, 33.5118537010966], [-113.40401701538674, 33.91921134813554], [-112.970536983113, 34.03391763499331], [-112.98333491275336, 34.09231061812471], [-113.12440329230633, 34.047178992465405], [-113.32543280207393, 34.0581998750193], [-113.13020450136493, 34.35669821600546], [-112.9385590082515, 34.23966904188293], [-112.77103043031507, 34.466906968423594], [-112.77771707912872, 34.52717511801321], [-112.40377292576694, 34.585907312961105], [-112.01931065347303, 34.82765512229887], [-111.84727168265294, 34.70459928169919], [-111.81129014778446, 34.83147848118734], [-111.59192383942532, 34.8669020689576], [-111.41760141093697, 35.03086844649037], [-111.35630443949879, 34.885235655561324], [-111.4041770716882, 34.82600524241399], [-111.33124862893075, 34.814732804712094], [-111.24576260597534, 34.64478923574449], [-110.93530634799555, 34.77019879876792], [-111.05598580825081, 34.976877957088774], [-110.9509149040882, 34.97202559983658], [-110.92469959088959, 35.01791342560758], [-111.02735474185465, 35.095500839170306], [-111.14219108023653, 35.09889763976586], [-111.17095343398029, 35.13409323204752], [-111.13690576990527, 35.22144285772021], [-110.99411326634234, 35.352532091415135], [-110.588845478491, 35.35827645557896], [-110.55256713951204, 35.44712643330751], [-110.82769150209461, 35.52774832954029], [-111.00001424586354, 35.39548947310602], [-111.23358162189784, 35.318766711812586], [-111.25169539526823, 35.38183548465093], [-110.94103745725958, 35.59037456879555], [-111.01148507278117, 35.7017655054777], [-111.09567674247897, 35.70095287362952], [-111.1484848057696, 35.77038422181061], [-111.30664273471808, 35.78068290635367], [-111.31016319079542, 35.901014627062715], [-111.24255784797819, 35.94673814688084], [-111.06511776952698, 35.8511611415499], [-110.98176508551956, 35.87153709490479], [-110.96125346214039, 35.909928549544404], [-111.02705576977567, 35.98523631770904], [-110.90674389075916, 36.063754511363335], [-110.91939115258411, 36.104703562084126], [-111.09361424554548, 36.17411976279683], [-110.94796522578795, 36.234024363441456], [-110.96960980711037, 36.34320132946741], [-110.59935293888067, 36.54656142690009], [-110.26690737900998, 36.24986383362525], [-110.45934551218302, 36.18806370860514], [-110.774906521313, 36.21789978174841], [-110.74763533414725, 36.16223332238185], [-110.39912732181635, 36.054564253599764], [-110.34404230475579, 35.9456945328609], [-110.40247025055604, 35.846738931342465], [-110.63582615407587, 35.79568517532433], [-110.71065019111836, 35.725539717248445], [-110.41216270566014, 35.63705504671111], [-110.32461739309524, 35.56140235921566], [-110.05521599562252, 35.65713731178536], [-109.93470513847953, 35.62625164791522], [-109.90332897859587, 35.569356839993226], [-110.00435363028677, 35.49746657428331], [-110.02450273739053, 35.38736498390421], [-110.15948691435504, 35.34424620190393], [-110.05356605800058, 35.219675539440395], [-109.99365209011717, 35.24319657252269], [-109.87806729901207, 35.49607791777756], [-109.79933728945493, 35.566038568641154], [-109.37300958173687, 35.54734858186245], [-109.12626278980173, 35.76758428872639], [-109.0961315120674, 35.900900656556374], [-109.13376116171919, 35.95889491482111], [-109.21687458641507, 35.91808053521422], [-109.23859125509102, 35.811862149664655], [-109.47040074129757, 35.71296485200985], [-109.55370193365232, 35.744681050406896], [-109.53089699321228, 35.8113266185448], [-109.27344895310502, 36.011604260564305], [-108.94962481204249, 36.04303642881293], [-108.82904957337063, 36.13015058244933], [-108.55977837696707, 35.83076399341992], [-108.66584086128393, 35.75773983641938], [-108.59729384572368, 35.72876874439911], [-108.2738413952583, 35.876453151016804], [-108.36356026970404, 35.950186184136314], [-108.47590207011932, 35.89765999165654], [-108.51766890446778, 36.22305267879107], [-108.25877478279423, 36.28597797092892], [-107.91667196235537, 36.26441399803793], [-107.62240918766844, 36.317605515265406], [-107.23867830815298, 36.54323183188921], [-106.85354098546732, 36.17942047543502], [-106.912935316096, 36.07465453232464], [-106.89215114489677, 35.990928952024525], [-106.74457142076567, 36.073906366799946], [-106.63821359087397, 35.979222838625184], [-106.81127867227654, 35.93184739095462], [-106.78214025433257, 35.61166415233548], [-106.88108396158309, 35.69533606346102], [-106.92839948503725, 35.91821978091322], [-107.71297297875721, 35.73224599375522], [-108.30528144311124, 35.36168439741609], [-108.36302706566804, 35.40469178171018], [-108.62702853923369, 35.337378360748254], [-108.72222312656169, 35.37253280017208], [-108.5962460700281, 35.43943991784069], [-108.17334110812546, 35.51239936142086], [-108.1312774637387, 35.58451803149094], [-108.67568110391666, 35.51987867398171], [-109.47291294047223, 35.28632667844232], [-109.33802211598513, 35.209700605153515], [-109.28208761453313, 35.08331486887354], [-109.16686503507493, 35.04012923045172], [-108.9220615884234, 35.085887905107676], [-108.87976641647484, 35.28518002548348], [-108.80023213093608, 35.279695584720834], [-108.7896086820173, 35.23443159735667], [-108.82548392644526, 35.0018006773504], [-109.34689244232312, 34.73546195469612], [-109.3212544372163, 34.80151818954157], [-109.40797882018023, 34.80345345828141], [-109.4898569246794, 34.671746496186465], [-109.57693660283641, 34.63802474460936], [-109.59930240098855, 34.6837055481939], [-109.68862394831902, 34.695235693450904], [-109.79720300420796, 34.637813673466134], [-109.79941264383801, 34.579005734706904], [-109.93016962696348, 34.53367232505424], [-110.17242962639645, 34.74470150968612], [-110.08814139123737, 34.87972925065772], [-110.1046108570027, 34.946991797013396], [-110.49334383327907, 34.872434048442436], [-110.49249029266345, 34.80166228559028], [-110.26883743316354, 34.74404080049083], [-110.38486621161267, 34.70113639750416], [-110.48302539812991, 34.74069609917387], [-110.89700094191234, 34.727271666488], [-111.15754435515218, 34.61421083167471], [-111.21363398888695, 34.501995778612816], [-111.54876845936255, 34.46252081125722], [-112.2476192983132, 34.05006982875492], [-112.2438618393914, 34.22501212925288], [-112.30226262911663, 34.26016878929528], [-112.44897803586649, 33.97305337915445], [-112.43975664310271, 33.799218569243635], [-112.46588344322517, 33.765078696716955], [-112.55377614079741, 33.838384858496596], [-112.64145010842584, 33.828470010623406], [-112.61933285552271, 33.74986061763418], [-112.73508490963495, 33.66843781488074], [-113.0230658480072, 33.67284814450017], [-113.15365510563976, 33.8809323258401], [-113.24367741871426, 33.89351643303199], [-113.31077260611107, 33.85068755721273], [-113.26340546778074, 33.7818435331263], [-113.27708572812197, 33.66960032561331], [-113.12425870335767, 33.5617704426211], [-113.04892307429364, 33.56489919409177], [-113.12551731080539, 33.430274942522736]], [[-109.69485284484476, 35.00739025756562], [-109.78697348728683, 34.93793119805812], [-109.78025077722387, 34.88181726417425], [-109.52236895470698, 35.029177034648754], [-109.61761681324244, 35.09426880517955], [-109.69485284484476, 35.00739025756562]], [[-110.81932544490444, 35.896664605961405], [-110.72204990454125, 35.99750151646088], [-110.74419348244754, 36.09243482288221], [-110.88467797488724, 36.07303254600774], [-110.85911525899282, 35.888922925476294], [-110.81932544490444, 35.896664605961405]]], [[[-110.97416655445821, 34.11603990832834], [-111.54527165376591, 33.91749921293367], [-111.56887085364374, 33.94744145237209], [-111.27451231005013, 34.12049943435249], [-110.93104052955555, 34.243886579734195], [-110.78829428141795, 34.17993417614065], [-110.97416655445821, 34.11603990832834]]], [[[-112.51780036935475, 35.23553470314949], [-112.64432594820926, 34.99669072536755], [-112.5958959726828, 34.88540180446247], [-112.76089369976833, 34.7382750091458], [-112.8001049210722, 34.55123951149883], [-112.88505798121375, 34.5663926500404], [-112.93400310841162, 34.69037687921669], [-112.88186712363226, 34.77868509001408], [-112.84030727642882, 34.728726507254585], [-112.7545056189873, 34.82060299938531], [-112.84004381725504, 34.89259459888359], [-112.72740699551426, 35.19843897782038], [-112.55007970889257, 35.21848355408842], [-112.57376050341024, 35.295177399319], [-112.69163936376691, 35.28569506016181], [-112.59541829883891, 35.519816708641976], [-112.50326401525744, 35.34493764728986], [-112.51780036935475, 35.23553470314949]]], [[[-111.50649692466531, 35.185351174184596], [-111.57559512435441, 35.14609649526499], [-111.65314819765685, 35.151177834525704], [-111.53376095538346, 35.286646437255904], [-111.50649692466531, 35.185351174184596]]], [[[-111.66165221258883, 35.57233794723877], [-111.7721877600355, 35.450751556835456], [-111.71984121183799, 35.022686436810105], [-111.87052724392484, 34.98119967236814], [-111.97250549598607, 34.89182154508612], [-111.95616695505599, 34.99960651202908], [-112.05976248266913, 35.16647245155996], [-112.33529127640672, 35.034315821081925], [-111.86947863815809, 35.480505105174075], [-112.0996232302502, 35.77144668685505], [-112.20014234190361, 35.813614441855215], [-112.36933574368082, 35.80151854834949], [-112.38290400743324, 35.738624083601216], [-112.06269612878282, 35.606313979449176], [-112.39683172454201, 35.550025823921516], [-112.52441206641252, 35.63969927984032], [-111.40896830112045, 37.49435243961639], [-111.32505409602778, 37.50482274050109], [-111.37368350192325, 37.56226818336482], [-111.2399535114428, 37.86076363762411], [-110.83100762564878, 38.35184346880177], [-110.72256310297085, 38.4098605800163], [-110.74468745774612, 38.46731896374966], [-110.69275720256394, 38.536244329482415], [-110.5371338686609, 38.47154674803035], [-110.26003303893924, 38.46453484447877], [-110.04457004355173, 38.54105729161332], [-109.87611652624291, 38.67821365962263], [-109.83446251463764, 38.75046266843554], [-110.05045473991684, 38.782199542320235], [-110.11894766641196, 38.89816291256895], [-109.71739509950132, 39.11914109056104], [-109.42678539438111, 38.92513442634887], [-109.42304089361444, 38.881436996960346], [-109.6064783204195, 38.80443048835771], [-109.60951769634492, 38.68848618341551], [-109.5509992654666, 38.57763334149595], [-109.35475421676611, 38.50562984163699], [-109.29531126773128, 38.5429988268934], [-109.13300632965439, 38.49069152913133], [-109.22472177347406, 38.59100508528095], [-109.22686277072721, 38.639728160457196], [-109.17049206707074, 38.63767978716553], [-108.80650518024164, 38.29080232485341], [-108.64030399970478, 38.19189921647488], [-108.58395262281368, 38.24428269792176], [-108.4678112321609, 38.247042553698805], [-108.32396623140176, 38.02087522017544], [-108.09793743726564, 38.15403464632425], [-107.90719023442911, 38.039960329423494], [-107.62863716862468, 38.080464142529955], [-108.40258757498209, 37.69064840476451], [-108.52348500902953, 37.566614149316564], [-108.59285721255316, 37.74922789117131], [-108.60295577839243, 37.958151574055854], [-108.72557633310683, 38.04893501666699], [-109.33600254452779, 38.13436280470723], [-109.58656472629168, 38.25047780760181], [-109.72828083647386, 38.24375854403992], [-109.73789998918747, 38.19619996076257], [-109.55925235910881, 38.15289145676636], [-109.47790015878672, 38.04454334129472], [-109.23395238447405, 38.074246432504424], [-109.18204527735489, 38.030316911255035], [-109.51703180879903, 37.71912168049716], [-109.43856512499296, 37.6155517350054], [-109.387637322027, 37.7523389941493], [-109.30381394829993, 37.76915623228067], [-109.15942017641929, 37.67060821616506], [-109.1544639079267, 37.55345640691582], [-109.26975374584947, 37.45971304280231], [-109.52272665243989, 37.39266896425934], [-109.69694689899141, 37.485646823075314], [-109.67039741886202, 37.6635667321332], [-109.83174951151435, 37.848438604288866], [-109.86546060712537, 37.82664114810882], [-109.713742664119, 37.58810547633098], [-109.9300280500196, 37.58297215340251], [-110.02715382872509, 37.64685224805024], [-110.0789306977855, 37.557383413089255], [-110.04323888875462, 37.46032948334381], [-110.19939530667361, 37.478385182468735], [-110.28657818819335, 37.43286284313567], [-110.4366320892728, 37.49784538701549], [-110.44473442295714, 37.56656601500605], [-110.31399577524755, 37.72088760605717], [-110.32462812398576, 37.93211300861269], [-110.06054544190248, 37.983025854327764], [-109.94151498789866, 37.95282567850332], [-109.8965268286531, 38.021088567720355], [-109.94238800948808, 38.087927920260555], [-110.13926060932397, 38.08988044726104], [-110.42764791952811, 37.98354549484322], [-110.60061759321704, 38.020942153028884], [-110.62702333807015, 37.950345561181294], [-110.49613384877638, 37.782920158509576], [-110.62020545588076, 37.61764445516467], [-110.69519896968632, 37.389877973874526], [-110.87490643382549, 37.35309789589078], [-110.95222904049173, 37.39509527437486], [-110.94836975434238, 37.476229404261616], [-110.71953847677885, 37.56942313219048], [-110.80077581186235, 37.72350904654445], [-111.04834367270355, 37.73183932735266], [-111.03198805423145, 37.66523527404143], [-111.14564426656867, 37.55598162615643], [-111.06012348392603, 37.376093465119574], [-111.12669205176715, 37.27134869257308], [-111.10857768550714, 37.22386201914789], [-110.6695628533957, 37.221812467574274], [-110.62458777338344, 37.116086191365916], [-110.6611932769712, 36.973924586352176], [-110.7814936588385, 36.891000574855966], [-110.97291739171287, 36.85686212296687], [-111.00384779206965, 36.896864274078894], [-110.85829348753127, 37.01011150484685], [-110.86930182378951, 37.064616261681905], [-111.20373087274102, 37.05834372179972], [-111.24985583079004, 37.02995294486984], [-111.29810973358143, 36.83736236542411], [-111.42900693801296, 36.77928294847945], [-111.54043491368557, 36.65615371586157], [-111.51389956937113, 36.5112316317039], [-111.64969220050564, 36.50038621013657], [-111.79171853579795, 36.35766962602443], [-111.76303326760551, 36.31264180518398], [-111.51770999786756, 36.359562759396596], [-111.40347023193651, 36.514418444923784], [-111.46132607177077, 36.59832565228203], [-111.43626435751149, 36.63985753063063], [-111.22378741624269, 36.74862982225721], [-110.88853844881082, 36.794057794491856], [-110.77912565165533, 36.76376512249903], [-110.86044883951119, 36.63010588693103], [-111.04189014033769, 36.481277489651426], [-111.46438840487532, 36.35641442422155], [-111.48340671874114, 36.1799182586178], [-111.59750546709157, 36.29129164915793], [-111.7343284895701, 36.26793509367482], [-111.76504205038046, 36.07952189177592], [-111.67016364634617, 35.615813992851365], [-111.55224526416946, 35.692299672022166], [-111.66165221258883, 35.57233794723877]], [[-109.78958487500293, 38.392810761144005], [-109.86073064954856, 38.4430609919785], [-109.9752970671004, 38.42429500034704], [-109.88919143383448, 38.37865784622924], [-109.78958487500293, 38.392810761144005]], [[-109.62333995416697, 38.42057789260223], [-109.48108888350016, 38.348260798870406], [-109.39089098765993, 38.387401407807396], [-109.53640695044001, 38.453039132447614], [-109.62333995416697, 38.42057789260223]]], [[[-106.26953463470873, 35.803129775777485], [-106.08104636532781, 35.832271294674406], [-106.0371792929174, 35.71729131909053], [-105.91060521515669, 35.69593822840577], [-105.92433830178504, 35.48565292178907], [-106.00171380435016, 35.52135355432407], [-106.46530205787927, 35.497304269688215], [-106.75104684897845, 35.585311643543825], [-106.68691995549128, 35.60221357816111], [-106.69971013093159, 35.72493938974659], [-106.61226710178504, 35.89201427876789], [-106.62895553172716, 35.9717028284904], [-106.26953463470873, 35.803129775777485]]], [[[-109.94941471212384, 36.052151125881885], [-109.9781391065346, 35.98361854003807], [-109.80569727044484, 35.827368359851604], [-109.79579553435097, 35.74750907476048], [-109.91752600401601, 35.748014731965405], [-109.99385091399029, 35.889732102264304], [-110.06885743504725, 35.80274676196167], [-110.18073543723315, 35.764140330151584], [-110.14933734249796, 35.88581281680262], [-110.07654459098737, 35.92638520183298], [-110.1494832453428, 36.03785126797043], [-110.10735252931595, 36.14989223973909], [-109.94941471212384, 36.052151125881885]]], [[[-106.28130937164485, 36.12050594049833], [-106.32421165433962, 36.058768802074184], [-106.45546579962841, 36.05538439262397], [-106.55056415459063, 36.19218633812805], [-106.28130937164485, 36.12050594049833]]], [[[-104.20454119459251, 36.6705260166844], [-103.96696106080297, 36.57887681899318], [-103.45221736610081, 36.63942182374929], [-103.36923698164742, 36.55038638121005], [-103.4495130429143, 36.44464770051321], [-103.42843857203114, 36.405562605995506], [-103.30217972908316, 36.36957657936836], [-103.73129497134741, 36.201441068715496], [-103.8449784187334, 36.34471159436025], [-104.19898916451103, 36.59518883304919], [-104.30595038159946, 36.65091667463877], [-104.44915689121082, 36.65122633750789], [-104.5429064010072, 36.51742433825767], [-104.54096386458517, 36.28675605254781], [-104.30087849837281, 35.93449683695822], [-104.79036355023605, 35.80676783095772], [-104.69353689739046, 36.73737986751282], [-104.84287686600528, 36.81631145392152], [-104.98644171828194, 36.81780539396445], [-104.86123171296212, 37.120372061244204], [-105.03499133251147, 37.301717256123986], [-104.74067431209663, 37.239300203262516], [-104.45710591927649, 37.48483474027075], [-104.57808707659936, 37.56989308785706], [-104.81131019930292, 37.56700418270546], [-105.02668086920845, 37.65793609986712], [-105.12694544453313, 37.608810710949804], [-105.08965108901626, 37.76496129404232], [-104.74074725059945, 37.643444973325806], [-104.3531077953939, 37.69691728225977], [-103.97626740545701, 38.09116188840891], [-103.83091083026255, 38.1730067572223], [-103.71410054975937, 38.102503845634025], [-103.49113183484165, 38.09834692746904], [-103.49893809782323, 38.04310290083372], [-103.63060458158917, 37.99784791470358], [-103.65411006328085, 37.94623482986108], [-103.54492658856007, 37.7928297943557], [-103.0115063116027, 37.69073656028072], [-102.85314656870482, 37.71393562559938], [-102.76259759070273, 37.839895504903694], [-102.58479979126052, 37.8645691367493], [-102.56520549200805, 37.99980682599702], [-102.65294581219908, 38.118907738525714], [-102.75487869595693, 38.14407035206145], [-102.8413102428379, 38.26167625899173], [-102.93680241921564, 38.207056443969925], [-103.0513645261703, 38.23714201714835], [-103.03559575771341, 38.52775835880734], [-103.09141901110084, 38.60469096831892], [-102.98958452925038, 38.600462489503], [-102.99175509374, 38.65267066286062], [-103.12076709702083, 38.83633824321835], [-103.22287618328028, 38.839064019216195], [-103.23311765015048, 38.79339713114922], [-103.31493409751415, 38.890132375999194], [-103.2865126969391, 38.95165382142751], [-103.3221770550705, 39.071703940843285], [-102.75565201889123, 39.33237814605299], [-102.7152850484841, 39.257306530542856], [-102.8801561518427, 39.126642999670956], [-102.84971169420527, 39.05887889147657], [-102.92602688429731, 38.953749142782705], [-102.66704326876781, 39.00313410473895], [-102.4958287667762, 39.09421425894257], [-102.44940657783738, 39.17967248628827], [-102.48122246673135, 39.46619880994083], [-102.55662866070843, 39.574371967668796], [-102.12110999110584, 39.6892001479911], [-101.73102515072094, 39.684409557875554], [-101.65217488407839, 39.73999735133123], [-101.71028615240438, 39.828321114550306], [-102.05678315768397, 39.772950983550984], [-102.31623415126177, 39.82061802167683], [-102.66373292120603, 39.71086189133896], [-102.75968139756277, 39.52655354840336], [-103.09967037373944, 39.37814897867637], [-103.24042708397616, 39.25794409905598], [-103.58548855418881, 39.2074698070892], [-103.72357326400008, 39.26412529612137], [-103.70333930419773, 39.38394156282414], [-103.75620074596252, 39.44511274890734], [-104.05492324862003, 39.42099289926415], [-104.18236977907587, 39.48871677173842], [-104.05668096889895, 39.534460728379145], [-104.08914194658446, 39.71533977845641], [-104.05628446040544, 39.85910569032239], [-104.10645994355662, 39.90424805305297], [-104.03150968205536, 39.97631101419011], [-103.85209561743521, 40.01713731082119], [-103.70201389393914, 39.97230694152036], [-103.45216791330898, 39.99973193032497], [-103.33421241062409, 39.90747735872474], [-103.25810870067679, 39.76700934043121], [-103.18666726556496, 39.95761082033104], [-102.96263577539146, 39.96543514828166], [-102.89287420102771, 40.075116249255004], [-102.75744480893702, 40.1093896389323], [-102.75260775247907, 40.20146969524673], [-102.62941896160781, 40.14896806620895], [-102.1107901571112, 40.421423901246015], [-102.08552759023365, 40.384516091781386], [-102.20322020678925, 40.323581430900234], [-102.21631090863026, 40.27248844412239], [-101.88237253927251, 40.091971980011294], [-101.75001800787126, 40.094047862137415], [-101.59599249798978, 40.17649854330611], [-101.42898984410667, 40.15043207127217], [-101.25139538744277, 40.02141085914937], [-101.01758692715815, 40.01353007342396], [-100.91135080276896, 39.87090125388559], [-100.40220323757337, 39.82858187111005], [-100.34771757338152, 39.77790470668261], [-100.34011911811959, 39.66587387726519], [-100.2439657785737, 39.59441364693928], [-100.11591961531859, 39.61797564671371], [-100.04096387997721, 39.69697878678735], [-99.97318224252352, 39.68167587548809], [-99.8972497021468, 39.55917577374676], [-99.76188892605354, 39.57509025206948], [-99.71354272207043, 39.686159466809194], [-99.4367571764647, 39.61505685866608], [-99.24240007132661, 39.477213016098155], [-99.38895940729665, 39.346850707670924], [-99.55399864585017, 39.3460563139067], [-99.63496467225374, 39.452863079502904], [-99.75623886463089, 39.51030173257195], [-99.87005375925595, 39.39624147616757], [-100.17432128340008, 39.32825402556352], [-100.1841269938119, 39.27729132902439], [-99.82697830562527, 39.11211158656497], [-99.43088508056941, 39.07997270957702], [-99.34682438444278, 39.17370965239265], [-98.84246086271203, 39.20838668670736], [-98.77652908303227, 39.11971438833192], [-98.81503144794684, 39.06916495364694], [-99.25565395687647, 38.978631417452476], [-99.13494104654926, 38.82031733571838], [-99.11242109730935, 38.566934264323656], [-99.02681355679651, 38.49831684743992], [-98.76050279564227, 38.560648664836144], [-98.86423958963877, 38.71609886210006], [-98.85033683720467, 38.84565381267443], [-98.67197114719943, 38.882359241627405], [-98.58839822456406, 38.81344767614449], [-98.53685183104287, 38.82516450799128], [-98.27987675790756, 39.08719851361163], [-98.11763955452089, 39.11099100468241], [-98.54059387266139, 38.66304075595384], [-99.00525204686568, 38.38862355940665], [-99.0558170785363, 38.4554481236612], [-99.43449348058094, 38.640056275881825], [-99.72552909851782, 38.60396011008407], [-99.92139223462198, 38.81118123068776], [-100.01632596612313, 38.79352087013242], [-100.05911756343015, 38.616647425386965], [-100.12444951853936, 38.591835409945034], [-100.80337769758565, 38.84912164833216], [-101.14666172893459, 38.81972868883799], [-101.21628547264187, 38.65985964833308], [-101.00767046944085, 38.419546941246], [-101.0134756034296, 38.3522889680795], [-101.1182342601044, 38.300046317784044], [-101.45078209277781, 38.31939607738742], [-101.42905145519195, 38.01192158100798], [-101.18267235357484, 37.84309047121345], [-101.20405340549217, 37.786273218934994], [-101.34751101079544, 37.70866288201029], [-101.29353542321462, 37.6774293315428], [-101.02472836081438, 37.71191048706878], [-100.96337789598697, 37.78848712613875], [-100.86992035961984, 37.80159601243221], [-100.85304494293645, 37.88485339632983], [-100.7887819054316, 37.92775265582983], [-100.67395066999408, 37.82410616517933], [-100.48630433063559, 37.773733643591676], [-100.66229603280662, 37.76756935036652], [-100.73861170562016, 37.59907330355481], [-100.89856161571136, 37.58911950695289], [-101.07214994104875, 37.33774426592348], [-101.82607625301418, 36.97831741075213], [-101.97918496413662, 37.156956145359985], [-102.07614203338161, 37.17524791812691], [-102.1833275597794, 37.09525158899669], [-102.20920268615284, 37.0167026293567], [-101.85101487920264, 36.96628931736476], [-102.33555074657257, 36.73082454955213], [-102.49988568327811, 36.754284994188566], [-102.53201528036541, 36.66581101678841], [-103.20606064229398, 36.40693524597397], [-103.17892890298015, 36.74446881329532], [-102.85439135395329, 36.820069191473664], [-102.8009199373622, 36.87186623024715], [-102.92189164449975, 36.94232942806133], [-102.85896055654942, 37.10264773160138], [-103.03924550792759, 37.291817482227344], [-103.14898182526544, 37.17949116693542], [-103.07580151029089, 36.968511359094364], [-103.26393059396865, 37.056099179548966], [-103.40748280921063, 36.97748799887493], [-103.67072051620038, 37.213767950722655], [-103.82201568405726, 37.142834319797096], [-103.84157709632196, 37.05441279004865], [-103.5445275919052, 36.89409196685563], [-103.50402588193906, 36.7942650384844], [-103.63392922219137, 36.82163220548197], [-103.70722688342414, 36.914376403357444], [-103.93269453402877, 36.90110320689927], [-104.03051366244311, 37.08060225154515], [-104.3202656546243, 37.31927553202026], [-104.39753590453049, 37.198594791941844], [-104.65701331017578, 37.08772077087319], [-104.67941425251333, 36.86544621001374], [-104.32436486886265, 36.75761109867195], [-104.20454119459251, 36.6705260166844]], [[-101.45344106333253, 39.61554175151903], [-101.94330656628095, 39.473043727112646], [-102.06386886162986, 39.35066725789729], [-101.9851011453115, 39.30492003815673], [-101.86659661122748, 39.31289619934732], [-101.34863213800142, 39.424317829654214], [-101.01849141104498, 39.38957910094241], [-100.81255910192104, 39.4583732794067], [-100.52873586392653, 39.381806868713134], [-100.53957318410761, 39.44692646744701], [-100.66684052749126, 39.503414047846476], [-101.33951827665413, 39.55575691064275], [-101.45344106333253, 39.61554175151903]], [[-101.16728640877112, 39.24681630124279], [-101.16762382316912, 39.1114602865656], [-101.24563699913068, 39.010390156679684], [-101.22773854114209, 38.94139768467829], [-101.11813102245694, 38.992631777244334], [-100.91998001232727, 39.26707961186011], [-101.01268650029118, 39.345515770114226], [-101.16728640877112, 39.24681630124279]], [[-102.3548999376248, 38.98090314532003], [-102.69950128010561, 38.80584379450043], [-102.90205015038936, 38.81236425962484], [-103.08873688910019, 38.90998393707061], [-102.92793602676986, 38.73413122628626], [-102.77494962260563, 38.70579547506989], [-102.69808803645606, 38.627935454462424], [-102.74233625920138, 38.543107367335125], [-102.86654099077059, 38.486334113021], [-102.90295168231063, 38.37681007244047], [-102.51025940259085, 38.4986560016118], [-102.44361056991546, 38.746301095834426], [-102.33727294233695, 38.84779766095004], [-101.8361508556541, 39.014019709930686], [-101.50016052739458, 39.055038548562294], [-101.4758159872118, 39.09673552755677], [-101.58938735177128, 39.12835080036538], [-101.578072007336, 39.21644825707514], [-101.66318980930816, 39.21629844902878], [-102.16306612934217, 39.07980031826146], [-102.3548999376248, 38.98090314532003]], [[-102.00457855344139, 38.113146177858596], [-102.10463312065296, 38.13966758182135], [-102.19966235969241, 38.04395109302728], [-102.25788061345872, 38.1273043109666], [-102.31751489508171, 38.108299558659404], [-102.48619389306043, 37.84315663370166], [-102.68024703802415, 37.65095548948584], [-102.6810183983151, 37.50581514822751], [-102.81939189465034, 37.413377545033114], [-102.9099416231068, 37.24821904348779], [-102.79117869806856, 37.21209253466951], [-102.71940391886493, 37.121897813937174], [-102.59302312286663, 37.11878327175597], [-102.34998317552326, 37.329665510488326], [-102.31800702939232, 37.404055021549986], [-102.38448767957028, 37.52526317907069], [-102.32196029672161, 37.58004261591848], [-101.96135716530964, 37.62346833913372], [-101.60258267845703, 37.5634523620784], [-101.47645437726594, 37.68526288792497], [-101.43269215518987, 37.822622645699525], [-101.56961849144905, 37.84348157459236], [-101.9054128581033, 38.27828719859177], [-101.81964417455119, 38.36553265562864], [-101.91325940249602, 38.526491165520795], [-101.84666512003488, 38.70345810093606], [-101.90757305848915, 38.80905006851361], [-102.08590163482587, 38.711849524533555], [-102.1215495428975, 38.62222846413321], [-102.01946535906896, 38.50918675898218], [-102.04684124750887, 38.40627722959186], [-102.00457855344139, 38.113146177858596]]], [[[-108.84604113727663, 36.32969309265931], [-109.00857605093672, 36.18177276284816], [-109.32247651971423, 36.10788031201796], [-109.35917031398259, 36.140114231065304], [-109.20930040265264, 36.236621571544696], [-109.20893820247043, 36.309324697116566], [-109.35424032515928, 36.198634168099034], [-109.49966268635447, 36.2149277541988], [-109.47176124697145, 36.36611184885364], [-109.24535691964567, 36.388853319566635], [-108.7926463992471, 36.59781737760663], [-108.54820333504132, 36.50787545104448], [-108.76064785529812, 36.43539397823912], [-108.74396409852766, 36.274255607394046], [-108.84604113727663, 36.32969309265931]]], [[[-106.98748139185854, 36.48460065348471], [-107.03713478599387, 36.42090926649227], [-107.14498376706729, 36.48646384923208], [-107.05233458831323, 36.49352633367967], [-106.98748139185854, 36.48460065348471]]], [[[-109.5835774447206, 36.770238357735515], [-109.50588819523054, 36.6614072576638], [-109.54113981606714, 36.4958140083353], [-109.24048079376266, 36.476023315773354], [-109.59446154550724, 36.38433127860668], [-109.56598612032452, 36.23316622297068], [-109.60964435149023, 36.13703007105046], [-109.66276426322807, 36.131392652077274], [-109.73549976473144, 36.28285735346301], [-109.8186632815962, 36.29450909449135], [-109.83197282639324, 36.257691466516754], [-110.11033168647798, 36.4511270465056], [-110.32029509093931, 36.66171787575988], [-110.01570011989372, 36.7924969695842], [-109.99077605791813, 36.740382270862014], [-110.10856011041948, 36.624526805738235], [-109.63755666141202, 36.53297417454044], [-109.64440361102817, 36.65281289206989], [-109.86731272694205, 36.738882826947915], [-109.84978583358415, 36.78135913156975], [-109.72084100490456, 36.776195004673454], [-109.8791871228742, 36.91912437128117], [-109.82563362011342, 37.00166835671448], [-109.5835774447206, 36.770238357735515]]], [[[-107.86368063534506, 36.8243584553543], [-107.75099654034828, 36.87539885264051], [-107.6659360763908, 36.8482122434614], [-107.65226740411534, 36.79347742862102], [-107.5261214041495, 36.77592537015417], [-107.47822340006181, 36.68759585115833], [-107.52876441086251, 36.71791319489432], [-107.94271098722734, 36.634769520020114], [-108.15101938405995, 36.742177168305105], [-108.21517640790796, 36.86570078181317], [-107.86368063534506, 36.8243584553543]]], [[[-107.8095670852644, 37.01099159285598], [-107.84092026671064, 36.964365356497744], [-107.98132010474488, 37.072648893677425], [-107.95383929895085, 37.153662654092976], [-107.8159908876803, 37.07328835271411], [-107.8095670852644, 37.01099159285598]]], [[[-108.88052483965998, 37.260546707340545], [-109.03038811356369, 37.130587671647696], [-109.11647393973662, 37.15574130508122], [-109.08097535365208, 37.29577863526678], [-109.15894363162265, 37.37069170612442], [-109.13032782812498, 37.499402903107296], [-108.99311735362241, 37.542545020750744], [-108.90853398498018, 37.42756893894315], [-108.7107171718209, 37.36362934222325], [-108.71103918311584, 37.29637273348201], [-108.88052483965998, 37.260546707340545]]], [[[-108.43949432830368, 37.40647204374407], [-108.34884633159069, 37.31905950423567], [-108.26963414493446, 37.40143732712191], [-108.1300325086321, 37.37839727511376], [-108.01787739094587, 37.31954870395718], [-107.98639267050632, 37.247064112245724], [-108.09107859289449, 37.29659093723425], [-108.4353423263795, 37.17839265316679], [-108.56159271090472, 37.33483622978304], [-108.49256866263877, 37.43591241487069], [-108.43949432830368, 37.40647204374407]]], [[[-105.02230846408825, 37.37755622368551], [-105.06540680316964, 37.35009116815868], [-105.11454701866296, 37.46468237823274], [-104.91194983195913, 37.50647801724433], [-104.85476351313532, 37.467849162281965], [-104.85720094333459, 37.406250532312086], [-105.02230846408825, 37.37755622368551]]], [[[-106.1705696212191, 38.01718849340972], [-105.84744515383177, 38.03012466869551], [-105.8248935880994, 37.93357733653318], [-106.13297772928559, 37.947561103787194], [-106.11057806767596, 37.611117461852984], [-106.38382213060774, 37.73075755167971], [-106.59289991544873, 37.755189286447774], [-106.54050974401916, 37.80414253262154], [-106.56094327880305, 37.90885781432014], [-106.39788217560633, 38.018224997037656], [-106.36322354431061, 38.100616864670464], [-106.1705696212191, 38.01718849340972]]], [[[-107.38581925032305, 38.358368288586504], [-107.51782118989681, 38.172682191051486], [-107.73333601633038, 38.27689339215722], [-107.68283729010196, 38.56632873288464], [-108.14189058567989, 38.728052322463334], [-108.0297170263714, 38.86263826076005], [-108.23766570818259, 38.761454875311706], [-108.55915588161265, 38.8555782363918], [-108.89171870957153, 38.851740265726505], [-109.25638208890376, 38.91444546777504], [-109.5538991467824, 39.26182919389111], [-109.36995749223288, 39.31277215125672], [-108.32380970938391, 39.16232326679316], [-108.25918229886334, 39.04911246875136], [-108.09363912176447, 38.985233851789786], [-107.53318379499052, 38.8810906561481], [-106.6706409709482, 38.56502916285473], [-106.64347870481771, 38.611330833401034], [-106.47647126434138, 38.59141373024685], [-106.39546744153652, 38.56502186618381], [-106.23290512062708, 38.390165540078485], [-106.1762780244495, 38.370023614230696], [-106.15326692454107, 38.42217105363257], [-106.28614807718384, 38.51701611018414], [-105.70412750268743, 38.2509405311598], [-105.81389125093979, 38.144996389135315], [-105.84744515383177, 38.03012466869551], [-106.02866311747793, 38.13928482372578], [-106.24967260206658, 38.1762153808781], [-106.35721798058877, 38.271876399792944], [-106.52098749187131, 38.2418997708029], [-106.553147568998, 38.36580871767098], [-106.63636132410893, 38.372134071955294], [-106.70784367944285, 38.22139874160613], [-106.66484862062546, 38.133442756986376], [-106.82368767603198, 38.01071927729704], [-106.81372037412592, 37.94845504788032], [-106.63548972236833, 37.772343817519186], [-107.03804052548136, 37.90678357099013], [-107.0151447952416, 38.124956527006546], [-106.86125167223524, 38.33794998931207], [-106.87194376038534, 38.491613256057235], [-107.18149837967242, 38.642648548474774], [-107.30284162037155, 38.63663927138237], [-107.28442889356333, 38.532893644642], [-107.38581925032305, 38.358368288586504]]], [[[-103.3354346911842, 38.6887505051918], [-103.21445009447075, 38.69076691092782], [-103.1931374842663, 38.606082910903055], [-103.32178289018675, 38.583244366095016], [-103.40156112191347, 38.64008575290905], [-103.55436119903452, 38.645164101287456], [-103.86454493023093, 38.478554986249954], [-104.243304737181, 38.49429994181079], [-104.47239064883179, 38.43626518435059], [-104.71866906403888, 38.48707557743021], [-104.45638055747612, 38.658229090708915], [-104.34884405849024, 38.5907898088549], [-104.27388792118249, 38.62655458998288], [-104.06904016582654, 38.537620206006316], [-103.54077976949551, 38.725337177952575], [-103.3354346911842, 38.6887505051918]]], [[[-108.72038794941216, 38.722061830583364], [-108.60546198501217, 38.692753747961326], [-108.54066728336208, 38.73887543765755], [-108.30933389559999, 38.678730494134506], [-107.94200992851225, 38.47127062807266], [-107.86674374412586, 38.370713594287515], [-107.88797571871855, 38.330294551112516], [-108.11665643771894, 38.40355112769343], [-108.09310916900375, 38.43789277150349], [-108.29056986158204, 38.58016535197711], [-108.37471229647274, 38.57413249504797], [-108.3004628671851, 38.50137336931945], [-108.36567514923597, 38.49670040796858], [-108.38981618967131, 38.42855155683341], [-108.57939666408666, 38.58560759788908], [-108.81948593652625, 38.693905321587515], [-108.84824394957194, 38.642351478214685], [-108.71192195086962, 38.544745492390426], [-108.80177370839495, 38.52649220854652], [-109.00908313860647, 38.68737046505936], [-108.93786761107268, 38.76175779487362], [-108.72038794941216, 38.722061830583364]]], [[[-106.11649992040446, 38.77446620017743], [-106.10849003787729, 38.703887588251945], [-106.29756899614678, 38.8333365178035], [-106.18963345568454, 38.84468475888069], [-106.11649992040446, 38.77446620017743]]], [[[-86.30293223305324, 44.208692270179114], [-86.43717193330423, 44.12931405090258], [-86.26231122339861, 44.452224645118136], [-86.23991673469071, 44.714860452550084], [-86.04432175072054, 44.875214941618], [-86.03162607134402, 44.76734328854736], [-86.20085956447024, 44.706959177784206], [-86.17146343641794, 44.480711451451015], [-86.30293223305324, 44.208692270179114]]], [[[-87.47614612657635, 44.53049105121846], [-87.54770198899328, 44.31585329981814], [-87.52348185336191, 44.256122557124804], [-88.73235917243655, 43.83309074100312], [-90.10628980272804, 43.7096767957327], [-90.55372147629238, 43.53840331260125], [-90.70319201423874, 43.4200964778879], [-90.98182879228898, 43.13563857863237], [-91.35174616010102, 42.27886299691162], [-91.75680162060503, 41.91488423508527], [-92.0010972204463, 41.53825330683643], [-92.01569960500733, 41.37544978466049], [-91.75279153184019, 41.27798954039255], [-91.6023030298714, 41.293987802271225], [-91.80476507158099, 41.1398091069523], [-91.88622705687946, 40.99490935771373], [-92.07576056238335, 40.82412731003118], [-92.10953933450072, 40.658410501012945], [-92.25602083770919, 40.63371205869474], [-92.39774071965648, 40.74150165586705], [-93.09966930087654, 40.89334852673134], [-93.36957242498559, 40.66682438627495], [-93.56628381022573, 40.665352402686466], [-93.70142983023078, 40.90474719181081], [-94.09097647493661, 41.178466661785706], [-94.2256299245876, 41.32870426416395], [-94.4392346980217, 41.42439908660722], [-94.13713212110153, 41.61955112154316], [-93.34564431221818, 42.332510681587216], [-93.29751009235927, 42.614395427305375], [-93.17133972055973, 42.77595023862982], [-93.0811939022326, 43.14863245455308], [-92.77754174934044, 43.580021525204025], [-92.94331430150567, 43.73451036373665], [-93.09959841398312, 44.22324981482749], [-92.53263654991385, 44.208859914295985], [-91.9606462611836, 44.05154144807998], [-91.44951030295073, 43.99109750608847], [-90.87980733770877, 44.007551724363914], [-90.75172431270458, 43.93265005455152], [-90.54030624036163, 44.02371578564332], [-90.5819174277362, 44.05148531287622], [-89.3382761336501, 44.35408750101569], [-88.91267902339335, 44.33037940313972], [-88.01921373155824, 44.49272895725719], [-87.47614612657635, 44.53049105121846]]], [[[-94.75086097080838, 40.17647494807014], [-96.23587410196946, 39.97178524109507], [-96.31014267858649, 40.03402653841217], [-96.48532352080217, 39.96905750813927], [-96.35720870258797, 40.14418676257856], [-96.37252509417395, 40.303612521160126], [-96.44041703181409, 40.40374601277677], [-96.07459072750994, 40.591417770814466], [-96.00738695413558, 40.6802217263067], [-94.82507033442558, 41.17212039463208], [-95.0286753873229, 40.92131455445024], [-94.83218314531841, 40.731289033947384], [-94.85546175121353, 40.39279500288494], [-94.75086097080838, 40.17647494807014]]], [[[-97.05263645619004, 40.436746514243914], [-97.14455023863977, 40.43030239654219], [-97.19871030326152, 40.50515258835282], [-97.12556853238767, 40.60663674331085], [-97.15076682252091, 40.770059272333725], [-96.9996056462703, 40.8383248903039], [-97.08541064213307, 40.5793717233211], [-97.05263645619004, 40.436746514243914]]], [[[-96.77812083131437, 41.07830296368925], [-96.94667076926596, 40.917431724740716], [-97.05922913467455, 41.12134871073372], [-96.91012082078176, 41.14194759172127], [-96.77812083131437, 41.07830296368925]]], [[[-105.88741900455949, 39.54729071529339], [-105.78130111917426, 39.42986346825248], [-105.72976238952867, 39.24126667875256], [-105.49678131530779, 38.89350290887082], [-105.58165417143228, 38.38443978696662], [-105.8746118848193, 38.56618662055126], [-105.89405456334974, 38.6593646489478], [-105.80626327439283, 38.71779818197371], [-105.87904982400258, 38.78824106502976], [-105.88661212320756, 38.90362870360848], [-106.127752823307, 39.04243547821459], [-106.16267882052621, 39.03441453114339], [-106.15165819510591, 38.95319601056865], [-106.33025902533433, 38.938978149220034], [-106.34653304230324, 38.877901342738596], [-106.70377285312406, 38.981302183993265], [-106.24534855758323, 39.18588298899865], [-106.25608116276211, 39.284082070274174], [-106.47992237839013, 39.27796302279156], [-106.73209734220909, 39.1718032312698], [-106.88624124383219, 39.007658538074246], [-106.84005007767153, 38.95946959689475], [-106.94025598556333, 38.95352508952076], [-107.96805267499715, 39.226434256195546], [-107.75350708279304, 39.34941202651759], [-107.51793069945808, 39.29394379646423], [-106.65555248091368, 39.29535485772596], [-106.30708797549434, 39.46746964833671], [-106.06321003950218, 39.48945387442034], [-106.05173715282729, 39.57915388867116], [-106.10410963700681, 39.60772213294896], [-105.90789711921646, 39.74830613458803], [-105.95337545890456, 39.62193927616827], [-105.88741900455949, 39.54729071529339]]], [[[-97.39237676762146, 39.904704200775], [-97.48564145680905, 39.78003883432086], [-97.88001600061871, 39.81490522973996], [-98.18405351499949, 39.91443233377024], [-98.13826892017859, 39.96941662830239], [-97.77257714905767, 40.082337644580576], [-97.58056018309267, 40.02959942081363], [-97.39237676762146, 39.904704200775]]], [[[-104.01716327816416, 40.214451911033194], [-103.89530980539394, 40.23750974641621], [-103.8314555102353, 40.154024795191326], [-103.90980921656738, 40.08970569914081], [-104.13796257080973, 40.14849664216874], [-104.23212457209732, 40.10605797945026], [-104.29242065430914, 40.02199969110001], [-104.28334716477507, 39.798229953605336], [-104.40902834707158, 39.64495147223166], [-104.82702312236697, 39.543953432319206], [-104.97654512882782, 39.429373228812366], [-105.23676734896813, 39.52031392859019], [-105.19838996104404, 39.59334586614761], [-105.22570278637322, 39.664553138108616], [-104.68123207958814, 39.86409759048166], [-104.57784734250814, 39.97614148425251], [-104.56493028330229, 40.08905634596195], [-104.28467017844149, 40.17060231244906], [-104.26710688525861, 40.240946718914145], [-104.3220371655928, 40.31286038249134], [-103.85772046287826, 40.52178875211417], [-104.04431077496432, 40.31171108053502], [-104.01716327816416, 40.214451911033194]]], [[[-105.87497943517614, 40.896871704395394], [-105.98572030490551, 40.85426811274641], [-106.16748121423997, 40.868370656602444], [-106.34264319689437, 40.740274263211504], [-106.3871371349483, 40.77074334572917], [-106.82109982046545, 40.57588892535108], [-106.58360601742082, 40.55615158016569], [-106.63704936237872, 40.44440222126635], [-106.60477046745413, 40.379081714045206], [-106.54012065297891, 40.36959996351584], [-106.22801667367602, 40.551571249343446], [-105.69799624115863, 40.594838888130965], [-105.67065493865722, 40.54205868754474], [-105.76207109285446, 40.49445577797882], [-105.85364123842052, 40.28826544589363], [-105.69565776790343, 39.99999135314299], [-105.87041493822775, 39.8923588973829], [-106.12607147199996, 39.860566325821935], [-105.92312373087626, 39.95913003605858], [-105.94217462370399, 40.02604521765904], [-106.03717034207997, 40.05166835622827], [-106.20637933414524, 39.953308176212985], [-106.3942234530909, 39.93400749917985], [-106.60198261942307, 39.80239519631483], [-106.5348142330846, 39.73631373421921], [-106.82142436651738, 39.63820974051309], [-106.98176164539494, 39.6792251010206], [-107.27508066596948, 39.61707248110598], [-107.43274605684599, 39.6510896911123], [-107.35534611445324, 39.83552489189136], [-107.59996100586208, 39.75114640834896], [-108.0941855604517, 39.71263450946415], [-108.38589962379486, 39.853251096403774], [-108.6208181316999, 39.864241314521614], [-107.66291839425396, 40.41618125749734], [-107.57895729567983, 40.55737786203524], [-107.70370113309838, 40.635983588060114], [-106.93248712098014, 40.651661836480386], [-106.40875115641155, 40.9150986613705], [-106.03811054644804, 41.03251435186811], [-106.07461407244122, 41.1605183124908], [-105.49719164191113, 41.48650900080041], [-105.4407318598655, 41.40249835353651], [-105.4422712990146, 41.2803326466743], [-105.54890951157941, 41.15490582912727], [-105.90301515962015, 41.05762776741738], [-105.92691976605576, 40.98562578487083], [-105.87497943517614, 40.896871704395394]], [[-107.1911148503085, 40.281986632419766], [-107.54178736236948, 40.208871526544016], [-107.70043145854929, 40.077288497648524], [-107.575173084369, 40.06670450387009], [-107.15022396327808, 40.26649756273375], [-106.89801234729651, 40.311089655370914], [-106.8033147885233, 40.37341763595446], [-106.77456132620428, 40.489360853093245], [-107.1911148503085, 40.281986632419766]], [[-106.70437186372675, 40.29332139017008], [-106.90117392431974, 40.25420899363893], [-106.9165161212948, 40.20690533390684], [-106.85206585092867, 40.16780869054519], [-107.13023096364871, 40.08737253755513], [-107.25767136770327, 39.89820406152686], [-106.93439699716018, 39.899191703045474], [-106.75011263811852, 40.04325935282672], [-106.51659270592249, 40.13744025816645], [-106.51282004668074, 40.26135846785162], [-106.70437186372675, 40.29332139017008]]], [[[-104.59189789988729, 40.681466453106104], [-104.6579960590399, 40.5281995480596], [-104.7587044837867, 40.47350844260755], [-104.78675473846421, 40.577999151054634], [-104.89838324729413, 40.653106895851515], [-105.18541709945987, 40.62480830972506], [-105.2641397874931, 40.70664755056268], [-105.18178928314241, 40.825015516102496], [-104.90693083796559, 40.949454904717044], [-104.82139724640288, 40.91485867695673], [-104.74772222648292, 40.75495061196538], [-104.59189789988729, 40.681466453106104]]], [[[-92.99608661026092, 43.783488348681516], [-93.23786540042103, 43.43386079141896], [-93.85735731261134, 42.73934003339437], [-94.55608059717332, 42.27203260018923], [-95.15144903937953, 41.69364921748215], [-95.95900376024478, 41.2979442129454], [-96.29273407557159, 41.29173123681886], [-96.62652800737116, 41.16373847830843], [-96.51837726692214, 41.25469005201314], [-96.57572616401481, 41.333025885017456], [-97.69212870372209, 41.38303146226147], [-98.5094256356842, 41.586074180487216], [-98.79445420624417, 41.712419907375526], [-99.34323202110684, 41.732998638006464], [-99.3358829572792, 41.662380067883255], [-98.8214869205922, 41.41022859406142], [-98.46492173133309, 41.08135930333657], [-98.49556198141268, 41.02328174732282], [-98.77983947512455, 40.91370862824365], [-99.0564045102101, 40.695314438044875], [-99.26169210563464, 40.46837100371647], [-99.31165754591379, 40.32512847803267], [-99.29071700274885, 40.206145457181435], [-99.21680105608051, 40.15627343280124], [-99.02111858743773, 40.33383960349362], [-98.8348942340045, 40.37224553545356], [-98.71325095816015, 40.29532298104442], [-98.72380634949383, 40.1626940609304], [-98.80696479909639, 40.00922076757363], [-98.61472371253828, 39.886679974819096], [-98.58063617275101, 39.790562123490865], [-98.84292182706616, 39.541849131312716], [-99.07601318680746, 39.556286074047385], [-99.21960977452824, 39.73332648388707], [-99.32543286070168, 39.7087221737496], [-99.92370190499759, 40.11184679965075], [-99.93623199973901, 40.17629997803948], [-99.76065634768896, 40.2316538389926], [-99.62490937577219, 40.45120593616702], [-99.49530622658439, 40.43862990613428], [-99.58463319274215, 40.65566773339758], [-99.92438589588934, 40.44051234162748], [-100.602805427595, 40.30683889156648], [-101.02253697282778, 40.44174251082259], [-100.88970472363388, 40.46204996759396], [-100.94860454905242, 40.65253542041429], [-101.06250313056886, 40.72498528354234], [-101.42912248927196, 40.715378702727506], [-101.51542538028377, 40.65778561965401], [-101.72574712476053, 40.874016523783105], [-101.59614272546486, 40.93124340343576], [-101.508431029974, 40.87367459503969], [-101.41792710320719, 40.88725088704828], [-101.40058862153086, 41.193634920872945], [-101.44219569117986, 41.31739317138535], [-101.51531143188485, 41.30402664623404], [-101.59522314325658, 41.14026421809548], [-101.7815813126997, 41.06861756702821], [-101.85812427809238, 41.083224802955115], [-101.93912431842722, 41.24795879100484], [-102.17133262488662, 41.29916664092557], [-102.35031172481185, 41.235777591107826], [-102.44919574087955, 41.27890179410019], [-102.51367781897294, 41.12500745881765], [-102.39326211868905, 41.017993416543085], [-102.3851682438999, 40.917617184202946], [-101.88863970135047, 40.792378646861934], [-101.87854691381251, 40.7507409831834], [-102.7113224588031, 40.73530344071875], [-102.74980196334666, 40.69598261999942], [-102.72558107181999, 40.64797983128443], [-102.41239944524048, 40.60072333170558], [-102.59977498972596, 40.54016814501543], [-102.97031344790106, 40.24541177323897], [-103.27176261933566, 40.25986817202629], [-103.50027833335817, 40.144728365043186], [-103.64413175053586, 40.19224752678654], [-103.65274703796383, 40.35531363214824], [-103.55624283099029, 40.448264435927406], [-103.30517131989791, 40.47798535691901], [-103.22168558332385, 40.43784671763795], [-102.89988691479935, 40.65325277659544], [-102.85816673181901, 41.09164480399824], [-103.00137734377483, 41.13634265100032], [-103.5427980573835, 40.77919804718422], [-103.72570044829295, 40.744201957814504], [-103.93936633893816, 40.78318582751131], [-103.85451074150222, 40.84899515250108], [-103.59398557230338, 40.8591880954955], [-103.4771943743618, 40.98845216374374], [-103.30120090993051, 41.06620904512721], [-103.30772766140826, 41.28905813862331], [-103.63913566876968, 41.25603639555234], [-103.35366188733637, 41.45234515727026], [-103.23678999568405, 41.703505365594204], [-103.06762415392056, 41.72231071249247], [-103.04812837100467, 41.80956290399855], [-102.87420263331035, 41.835291213536344], [-102.76964140627943, 41.93521654565966], [-102.54529907002642, 42.01652658613184], [-102.55425569814392, 42.06234949645764], [-102.63501597725505, 42.06229253024021], [-102.66207555321522, 42.14131969761087], [-102.8252957315118, 42.121483611145834], [-103.05545729263912, 41.913800231198614], [-103.18921552164096, 41.93493963180046], [-103.36322173212268, 42.04324630823322], [-103.42779513926055, 42.00770505481613], [-103.58567351168564, 41.69136740648431], [-103.87623296392464, 41.61466519627507], [-104.29838354845216, 41.401411691735476], [-104.60870581760688, 41.43538983209856], [-104.97349342747671, 41.377692390512756], [-105.09801017251142, 41.07670800423354], [-105.13680134934424, 41.064363188714125], [-105.189694981224, 41.17169974618511], [-105.32731382029324, 41.12650017903996], [-105.24291717199158, 41.33915815619171], [-105.17417308232568, 41.39005571055926], [-105.21587116635287, 41.533435828401174], [-104.65387223121549, 41.63885387069944], [-104.37200845188892, 41.761438449949424], [-104.17224124293718, 41.92462272286732], [-104.14574433949903, 41.77161092777456], [-103.99959762237893, 41.778570188896516], [-103.93422364922867, 41.869324154323735], [-103.91239986253672, 42.0930707784745], [-103.67353027021582, 42.19478026122102], [-103.63256770006073, 42.35183291325], [-103.68972458554813, 42.39071121203349], [-103.77254979446697, 42.25881567050195], [-103.95024593611626, 42.35724114482042], [-104.08874036306706, 42.272772641832816], [-104.21171532372244, 42.402137844804486], [-103.83278047544279, 42.63886303396006], [-103.54363741660583, 42.7894903104606], [-103.44428716251163, 42.60697461411976], [-103.52090773874731, 42.416720792099234], [-103.35075412446628, 42.396582747862745], [-103.4871325443929, 42.26255179382054], [-103.32117477031527, 42.24223893817098], [-103.21409575304604, 42.09101788278681], [-103.1334962123037, 42.085769135158515], [-103.0149540091668, 42.22318833276424], [-103.28173579249673, 42.27789806943256], [-103.24318435396378, 42.40642708665523], [-103.30253778848241, 42.54557279533354], [-103.18517488026673, 42.60087593007844], [-102.97583686243705, 42.49416942734732], [-102.87603154138992, 42.491689375500144], [-102.89428551790228, 42.73938362191222], [-102.71368234884443, 42.718658019033306], [-102.68355696889341, 42.86356470127531], [-102.53035489986333, 42.90729606083227], [-102.43566455645536, 42.87749373088945], [-102.33346731629216, 42.94836845186909], [-102.18402727171939, 42.917784412526395], [-102.1717619771189, 42.9582590274412], [-102.3259347423666, 43.08436058508469], [-102.08941219197604, 43.148917126134016], [-101.90299486319964, 43.05191069146776], [-101.63878309819337, 43.089534696935196], [-101.43209117429096, 43.05542065170314], [-101.21270021727551, 43.1770036644185], [-100.90259999802855, 43.23022501521602], [-100.89341274865681, 43.13582488651], [-100.84023763579296, 43.1019940256274], [-100.32471666174722, 43.08879944845956], [-98.42030810911515, 42.44662650040089], [-97.84496606136133, 42.16649767620166], [-97.5528857514147, 42.38652185207465], [-97.11749929959105, 42.47074839320965], [-96.9806908784986, 42.61044080546867], [-96.58095365673367, 42.84734455194333], [-94.49812410103058, 43.5564685004406], [-94.1079709646445, 43.81389166471052], [-93.41759984174604, 44.17120242034201], [-92.99608661026092, 43.783488348681516]], [[-94.96972429019101, 41.968357578279324], [-95.05342037244563, 42.631736286541226], [-95.49835907994272, 42.80092646714421], [-95.62027148966769, 42.82108651201236], [-95.79545329499622, 42.70942055668676], [-96.21728286114478, 42.612756966799054], [-96.52515748105134, 42.416859083131925], [-96.51560279886928, 42.380577337670914], [-96.2687931525079, 42.410504852038976], [-96.02354088458569, 42.55820129170505], [-95.82168513190895, 42.59556344659522], [-95.70878973275806, 42.58452843198677], [-95.65743595568733, 42.522610623983475], [-95.65412282061472, 42.43679956624972], [-95.71116586946151, 42.3806854515368], [-95.94377699283433, 42.21435994577563], [-96.2041331082526, 42.10160088312681], [-96.08263632988749, 41.831862006060476], [-96.0844182631114, 41.76508096965551], [-96.25608709961486, 41.60798638273841], [-96.25716683745172, 41.510325051863106], [-96.21274731572433, 41.490015115469504], [-95.75334552707108, 41.578490259234535], [-95.60312997025468, 41.77334725767749], [-95.33020526509063, 41.93735345792583], [-94.96972429019101, 41.968357578279324]], [[-100.87827688622907, 42.65999154959055], [-101.027551953866, 42.74896030501708], [-101.10997527950258, 42.74189735546154], [-101.0523299350477, 42.530549299875574], [-101.15109224547015, 42.50232598419854], [-101.24325879730122, 42.57479190858534], [-101.39403828122447, 42.589839941488705], [-101.3429470768752, 42.722619076336045], [-101.5228458468355, 42.865120215646705], [-101.77355541881853, 42.95591110194448], [-101.77055171848333, 42.85106759402821], [-101.58825777546059, 42.74675181870322], [-101.59946793474418, 42.62911410239922], [-101.47388332120211, 42.483943026182885], [-101.59572245476238, 42.48231109366412], [-101.96154659966167, 42.669638224738605], [-102.1275250243992, 42.6184240954139], [-102.29477382220269, 42.68652081017546], [-102.37053274407312, 42.65980349073752], [-102.33599678399543, 42.57240436240634], [-102.22642688921607, 42.524238075647105], [-102.1513282388042, 42.401896853882214], [-102.03506879266754, 42.395628758386955], [-101.96673370539541, 42.29192370599197], [-101.94936786556482, 42.09500693041815], [-102.11661261796968, 42.04169005275898], [-102.1623688747121, 41.9799934526204], [-102.15807202985368, 41.93601502058797], [-101.98918794835187, 41.83625903440065], [-101.93517849828726, 41.71968552841455], [-101.79183384502713, 41.701028962548065], [-101.46776176217794, 41.854598938982036], [-101.12113088395768, 41.77247881904772], [-101.06317771254619, 41.657624985961185], [-101.08715633814076, 41.58605845950698], [-101.29622188950545, 41.558711667664404], [-101.19781516057358, 41.37302632516948], [-101.27743433383256, 41.313415267140236], [-101.26553339886689, 41.273677192544575], [-101.18683192842256, 41.228350252181514], [-101.00867657580417, 41.21116277720463], [-100.86289761739872, 41.11371885871863], [-100.80684689891508, 41.29459350904819], [-100.59560615247881, 41.31896319831911], [-100.41849211728704, 41.47922333357514], [-100.35981562127877, 41.46473309015492], [-100.32873772023898, 41.387184804694336], [-100.38356510433026, 41.23382802756195], [-100.65814630091992, 41.17173005491305], [-100.76775802930149, 41.04514108289739], [-100.69551767165477, 41.02881140586188], [-100.3690648674918, 41.12685185067599], [-100.25293807076861, 41.24048451210216], [-99.93597208598719, 41.27222169863069], [-99.88304913803391, 41.314149419903856], [-99.87165649373577, 41.446338571308836], [-100.04186461225524, 41.578600823213534], [-99.97757462640541, 41.620573343186855], [-99.81270915984837, 41.57845590562298], [-99.87120733495571, 41.672961765932435], [-99.84581899357477, 41.75686293552655], [-99.93262661839805, 41.81779688344145], [-99.85379170094846, 41.94781504864667], [-99.85629092063951, 42.08629939611004], [-100.01122355165207, 42.14933374352659], [-100.3888204373813, 42.113006839837446], [-100.47122257701916, 42.20501627254224], [-100.64350571561143, 42.21886598047406], [-100.72912048283888, 42.30017942374822], [-100.7690065523296, 42.55797683962857], [-100.87827688622907, 42.65999154959055]], [[-99.5948203990096, 40.97250225518974], [-99.46490472042048, 40.978655885465294], [-99.42842503234388, 41.025264443831325], [-99.58761569593777, 41.099460581048376], [-99.69395585995922, 41.030528429597524], [-99.5948203990096, 40.97250225518974]], [[-102.28318264595784, 41.56369891694072], [-102.2364680436357, 41.4920650480209], [-102.28426229222588, 41.363741833361985], [-101.96231608798654, 41.46328632717657], [-102.07148180026581, 41.58487853992056], [-102.02738504522173, 41.731323095709435], [-102.08924809182894, 41.79224260854603], [-102.32994637604891, 41.71561522647783], [-102.3536371095033, 41.65587374216298], [-102.28318264595784, 41.56369891694072]], [[-102.50720099957184, 42.54634024293644], [-102.6051292240858, 42.575176340650415], [-102.64833402177935, 42.52162027543912], [-102.51216804781957, 42.437652784007575], [-102.46500275910378, 42.4809027277658], [-102.50720099957184, 42.54634024293644]], [[-100.6837959966909, 42.87435118440549], [-100.85469240285356, 42.96450339185628], [-100.95565837873895, 42.95518362817062], [-100.63059677048548, 42.68839845228623], [-100.25177474601261, 42.66307469767579], [-99.89485114002856, 42.54460497853023], [-100.10416265331833, 42.67547805215568], [-100.40318780861398, 42.73751160247752], [-100.6837959966909, 42.87435118440549]], [[-96.8863053650392, 42.363833336100456], [-97.00063026120547, 42.341174576437695], [-97.00165822735967, 42.27092874936454], [-96.8327447691961, 42.233818916658805], [-96.81452819855377, 42.3207252407592], [-96.8863053650392, 42.363833336100456]]]]}}, {"type": "Feature", "properties": {"unit": "1.65 - 1.60 Ga granitoids", "category": "Paleoproterozoic", "color": "#f4a6c0", "appearance_age": 1650}, "geometry": {"type": "MultiPolygon", "coordinates": [[[[-109.98228307665335, 32.33344235500023], [-109.8364643942342, 32.546936271015525], [-109.8415990565837, 32.65992345266029], [-109.73294796535286, 32.715864956971046], [-109.61391236528274, 32.60083399721101], [-109.75179278962436, 32.434758689107824], [-109.51508888098594, 32.37068295835657], [-109.39477734246343, 32.23526185885923], [-109.2008093668048, 32.206916237846976], [-109.13213423523268, 32.1513134460033], [-109.44291944554313, 32.14462236295211], [-109.53744111574046, 32.20117176100687], [-109.51464672882729, 32.279817751987665], [-109.65737708153034, 32.32325521831208], [-109.8789153510731, 32.27487793830093], [-109.90756238827406, 32.2027253330791], [-110.26869762888701, 32.35135447513105], [-110.23090467407926, 32.40491337812638], [-110.10832143274109, 32.413359346468425], [-109.98228307665335, 32.33344235500023]]], [[[-113.34556549179486, 32.08766015345776], [-113.33985577059632, 32.041929365388796], [-113.64168660798467, 32.05346522366788], [-113.67013198234132, 32.1512070340248], [-113.39612388520813, 32.15835253778288], [-113.34556549179486, 32.08766015345776]]], [[[-111.62793148568767, 31.99234357050455], [-111.49859180610473, 31.819671988199186], [-111.4918724431464, 31.729917383807532], [-111.57728948084367, 31.56848250501105], [-111.52566295432577, 31.407996740836996], [-111.61919663768478, 31.301359777069035], [-111.73554738807307, 31.294502234694562], [-111.73659428764105, 31.422138369771044], [-111.96037515456594, 31.25540907026032], [-112.06272763791337, 31.466213667589454], [-112.21152667151233, 31.487996098684174], [-112.25581569344179, 31.561052508781955], [-112.36718100917395, 31.605588331700076], [-112.2942020181496, 31.668183270706198], [-111.9850972637208, 31.517466710124534], [-111.8787231966553, 31.603650131406013], [-111.76458507293344, 31.5833993811589], [-111.74212865004415, 31.702921949980635], [-112.0686165976269, 31.901590767227045], [-112.19454398902964, 31.90486262949254], [-112.1989105447802, 32.00503285898988], [-112.01256618139936, 32.015348018951535], [-111.98563259072797, 32.09792650622652], [-111.92794366311719, 32.12022807737472], [-111.84554357782066, 32.046776488023944], [-111.83859122528554, 31.86548550354894], [-111.70122323706019, 31.831921698207577], [-111.64004275465004, 31.75500726169869], [-111.58345560660638, 31.809288362686075], [-111.65549210694836, 31.935566044182206], [-111.62793148568767, 31.99234357050455]]], [[[-111.3150228068825, 31.937080453144024], [-111.20887800552563, 31.701216749349527], [-111.25288014130656, 31.653383085853083], [-111.41392680314767, 31.698283484932535], [-111.37460263710626, 31.92910508117275], [-111.3150228068825, 31.937080453144024]]], [[[-111.08931778677436, 31.91203485785194], [-111.00668088017792, 31.804324533278887], [-111.01213310944912, 31.77413251631905], [-111.07678624601542, 31.771038991121934], [-111.21095881526837, 31.928348010443127], [-111.08931778677436, 31.91203485785194]]], [[[-113.10874723231531, 33.04176225031686], [-112.96304825763865, 33.016831391303235], [-112.93086064716294, 32.78671321250627], [-112.86085957515368, 32.706675360449665], [-112.70382624995884, 32.633978632660174], [-112.49144597863727, 32.64610771787723], [-112.35853119397393, 32.716706890483174], [-112.34329157200926, 32.5401835495814], [-112.16508712048606, 32.554643833099654], [-112.07101618699849, 32.42867895789423], [-111.8747281063365, 32.43329978633086], [-111.81538468614174, 32.38169317245117], [-111.88791707176104, 32.33501090620729], [-112.13436178803745, 32.38434018597235], [-112.3158484590477, 32.355342469865604], [-112.33208825258227, 32.29651003132081], [-112.22850862707348, 32.23679923228892], [-112.2429182310403, 32.174874030177776], [-112.6580120082431, 32.18980629897186], [-112.4745401608234, 32.063037063284874], [-112.38042694191458, 31.8591543508618], [-112.39654775493689, 31.76139407221651], [-112.52277953956121, 31.736309251247455], [-112.7845287976135, 31.929259315655447], [-112.98182094193837, 31.92143807461415], [-113.29412591632223, 32.04011514679597], [-113.2488799296358, 32.20672894689439], [-113.09258670209367, 32.20560603448936], [-113.03478008741457, 32.28882315697583], [-112.91487960857832, 32.17994187835044], [-112.81966227775766, 32.22142022982802], [-113.06493160445096, 32.37290582827942], [-113.11922279612689, 32.498679270282636], [-113.37340236738471, 32.58141185236804], [-113.48586747210297, 32.70188152048699], [-113.4034705658307, 32.8575355945865], [-113.4505486331248, 32.96870173316647], [-113.3154714065569, 33.00747621615768], [-113.23986846627177, 33.08270304723676], [-113.10874723231531, 33.04176225031686]]], [[[-111.46613350510214, 32.21713876169327], [-111.3739774602173, 32.08154357276197], [-111.44196767376533, 31.995281297433372], [-111.49535760908732, 31.998136553196144], [-111.5981359751619, 32.138406919242485], [-111.56262714126005, 32.21658560190538], [-111.46613350510214, 32.21713876169327]]], [[[-111.2597335019895, 32.89824538228754], [-111.09454566220222, 32.71451977953199], [-111.12034094211124, 32.486979947907486], [-110.8885084033764, 32.40419378087302], [-110.52061193737399, 32.15158128071177], [-110.49877967959621, 31.948142771060844], [-110.64439647311275, 31.82537947235155], [-110.75505498659895, 31.808791232162786], [-110.83337458808273, 32.03019011837487], [-110.94827550880024, 32.14501019790495], [-111.19824885692063, 32.17592756888764], [-111.29540046437818, 32.29193153940186], [-111.55392090041305, 32.29402809018829], [-111.67015943158185, 32.44801321848363], [-111.67014513530741, 32.55121643775233], [-111.4266454619697, 32.65850017018281], [-111.50877188520724, 32.827905864494404], [-111.4709501935564, 32.90821722331444], [-111.2597335019895, 32.89824538228754]]], [[[-110.51680736149004, 32.585928544664725], [-110.57350504598833, 32.5016846969377], [-110.81683749161282, 32.53338803355694], [-110.7305766777508, 32.66612103020667], [-110.62136378126453, 32.689968630531865], [-110.5562531439965, 32.798902202454194], [-110.36861333714226, 32.7501332263688], [-110.34350557885723, 32.66606375023175], [-110.51680736149004, 32.585928544664725]]], [[[-111.89122317235672, 32.80873913701432], [-111.87615950472167, 32.75291501521886], [-112.14498279046599, 32.77765978123706], [-112.18721447660494, 32.87090683188421], [-112.10100710432577, 32.91705820787265], [-111.89122317235672, 32.80873913701432]]], [[[-112.37177649103262, 33.01109565294768], [-112.2279036310148, 33.00800447883247], [-112.41749005334076, 32.90791298703797], [-112.50981239831485, 32.91421979568343], [-112.71693542480307, 33.03623545057695], [-112.49144845269791, 33.10867951739033], [-112.37177649103262, 33.01109565294768]]], [[[-111.21478715274368, 33.380403768039386], [-111.30702891611372, 33.30163074032769], [-111.6285533386286, 33.28937433812252], [-111.34025533095614, 33.44915386884546], [-110.77379619793894, 33.61631942851401], [-110.78418670897118, 33.365171554063586], [-110.91957201996864, 33.362795482426534], [-111.01533939983726, 33.498237823896055], [-111.16927171871447, 33.46097160009125], [-111.21478715274368, 33.380403768039386]]], [[[-112.93400310841162, 34.69037687921669], [-112.91667563247601, 34.59237679894909], [-112.8001049210722, 34.55123951149883], [-112.77103043031507, 34.466906968423594], [-112.9385590082515, 34.23966904188293], [-113.15761021125503, 34.366457408435515], [-113.34393387790968, 34.352525099723266], [-113.56858205840368, 34.41102344242808], [-113.60168441684736, 34.46671532707184], [-113.56091650174776, 34.55793301230135], [-113.66826664663952, 34.58462293655657], [-113.62158977536626, 34.63471106049033], [-113.39970239727813, 34.49972979413566], [-113.00660961840575, 34.71120092128813], [-112.93400310841162, 34.69037687921669]]], [[[-109.69485284484476, 35.00739025756562], [-109.61761681324244, 35.09426880517955], [-109.52236895470698, 35.029177034648754], [-109.78025077722387, 34.88181726417425], [-109.78697348728683, 34.93793119805812], [-109.69485284484476, 35.00739025756562]]], [[[-111.74546346032807, 33.47689477225063], [-111.86034240698166, 33.32875853479166], [-111.93976197487149, 33.34573988341343], [-111.91593134417367, 33.43299123258664], [-111.74546346032807, 33.47689477225063]]], [[[-109.54469185639843, 33.56572889023889], [-109.45045066421363, 33.66356795591306], [-109.32763958629282, 33.67429444960799], [-109.23710582056874, 33.62078019701887], [-109.36932415425154, 33.307619672437475], [-109.63931247295663, 33.23430843080836], [-109.67061866430318, 33.34728731567194], [-109.56189698793547, 33.43843908184579], [-109.54469185639843, 33.56572889023889]]], [[[-108.63792799185444, 35.42837788677563], [-108.70594887336763, 35.399989955790694], [-108.70596627234399, 35.340871610037205], [-108.36302706566804, 35.40469178171018], [-108.23664956809198, 35.28332931511127], [-107.91949335326068, 35.30202447250263], [-108.05355734024525, 35.16693181395708], [-108.19953285994693, 35.18598626009336], [-108.29672857824767, 35.11022173267021], [-108.49129158353531, 35.17493788206571], [-108.53339714590922, 35.10363697757642], [-108.49865131942929, 35.031205600317044], [-108.37809386247072, 35.023883175211175], [-108.40908998946327, 34.90609706991517], [-108.23172942591238, 34.839479306497125], [-108.41855856431755, 34.68733154759992], [-108.16132815506919, 34.67604193358354], [-108.16725601527045, 34.34842863150731], [-108.01910656316662, 34.307033173545655], [-107.7032216241021, 34.31691953867711], [-107.91495398966336, 34.14298703229351], [-108.18923187891876, 34.13539274250693], [-108.47080774825704, 34.20154423263808], [-108.87364909056544, 34.12426448210372], [-108.97241949212044, 34.04350137141097], [-108.9683297600512, 33.90068861736711], [-109.04034622042509, 33.83761593306337], [-109.29513835521273, 33.93794640518866], [-109.39427271639346, 34.036658919968936], [-109.37273084304648, 34.06981668272886], [-109.18701553122222, 34.05902447217961], [-109.1578363819753, 34.09535237821389], [-109.20578490511112, 34.15868550917408], [-109.4458996979504, 34.10353449246323], [-109.49077695749212, 33.89926688805362], [-109.40498092694507, 33.8350415497493], [-109.38714715590844, 33.744549574834245], [-109.6226671208966, 33.757738547664765], [-109.81649734535877, 33.83152560546889], [-109.9031324721745, 33.80616664299624], [-109.94852964876117, 33.57996323881528], [-109.83500844318527, 33.40507824037297], [-109.71796043383853, 33.36906207465226], [-109.8336167822281, 33.24861716574365], [-109.97148625717266, 33.22517053424596], [-110.21246883494645, 33.2740584207746], [-110.21914199427749, 33.38607482780447], [-110.3055059575485, 33.42415546891713], [-110.3507168177941, 33.582325823936756], [-110.49204187125198, 33.6649947681102], [-110.48111611085376, 33.97614695946191], [-110.67690250305147, 33.94941007879406], [-110.67862776367419, 33.989720553702675], [-110.33642114948134, 34.09973572579415], [-110.39533713602559, 34.17571232515181], [-110.33490143747659, 34.301705252479906], [-110.78829428141795, 34.17993417614065], [-110.89382379302282, 34.19921370783026], [-110.93104052955555, 34.243886579734195], [-110.86249203323943, 34.33925233106812], [-111.04608441641425, 34.33908891900593], [-111.05657425827326, 34.3806621357117], [-110.84491290137035, 34.43277771564653], [-110.88068939282194, 34.516019168947736], [-111.21363398888695, 34.501995778612816], [-111.15754435515218, 34.61421083167471], [-110.82979206377942, 34.747064730348974], [-110.29523252793639, 34.715693585911055], [-110.28541410390775, 34.770095151653756], [-110.49249029266345, 34.80166228559028], [-110.49334383327907, 34.872434048442436], [-110.1046108570027, 34.946991797013396], [-110.08814139123737, 34.87972925065772], [-110.17242962639645, 34.74470150968612], [-109.93016962696348, 34.53367232505424], [-109.79941264383801, 34.579005734706904], [-109.76005903727436, 34.67148295653329], [-109.6286782060714, 34.69336612702333], [-109.57693660283641, 34.63802474460936], [-109.64489176429137, 34.54208070147162], [-109.61978600478504, 34.485417214192495], [-109.36871549505109, 34.493771967269005], [-109.35482442232622, 34.53485407500121], [-109.4898569246794, 34.671746496186465], [-109.372100234618, 34.8149160574882], [-109.31194161487699, 34.783564817114744], [-109.3543441291596, 34.658919452711594], [-109.27666002719857, 34.66424130546055], [-109.13288668038085, 34.779908764884354], [-108.84420306936761, 34.64395343436029], [-108.81761219064451, 34.74263562229221], [-108.90536838878033, 34.86629187717201], [-108.82548392644526, 35.0018006773504], [-108.80023213093608, 35.279695584720834], [-108.89511618129627, 35.26202473634374], [-108.9220615884234, 35.085887905107676], [-109.09571517979717, 35.03485712753915], [-109.28208761453313, 35.08331486887354], [-109.33802211598513, 35.209700605153515], [-109.47291294047223, 35.28632667844232], [-108.67568110391666, 35.51987867398171], [-108.1312774637387, 35.58451803149094], [-108.17334110812546, 35.51239936142086], [-108.63792799185444, 35.42837788677563]], [[-108.44289743551045, 34.44562003591176], [-108.55701091656901, 34.48841837180207], [-108.66698536022278, 34.467244727955986], [-108.761487917093, 34.37626781541584], [-108.80107454831679, 34.23176542142016], [-108.707448779, 34.23649811760725], [-108.57826613113546, 34.41273859085774], [-108.34165244003492, 34.369068305923484], [-108.44289743551045, 34.44562003591176]]], [[[-106.88108396158309, 35.69533606346102], [-106.86489050192432, 35.61864475960075], [-107.26983536205024, 35.488754821891405], [-107.28398073620689, 35.34207555358985], [-106.8548048373265, 34.947059079072424], [-107.0210298009659, 34.804384406158604], [-107.25730656167066, 34.73331388888058], [-107.5636573068714, 34.41852369293344], [-107.97896419462337, 34.418189529507], [-108.07180219444513, 34.62850317244865], [-108.01913772198657, 34.73938494404696], [-108.12450734797956, 34.821131426799504], [-108.00040865880473, 34.912025467006195], [-108.05692696563827, 35.084469844345435], [-107.86219796079347, 35.1028637284919], [-107.7131419075952, 35.26484548998808], [-107.48506799229921, 35.341926653769846], [-107.43964047501738, 35.41848046155206], [-107.52480764556552, 35.46232660038532], [-108.16485968183852, 35.4489269467315], [-107.71297297875721, 35.73224599375522], [-106.92839948503725, 35.91821978091322], [-106.88108396158309, 35.69533606346102]]], [[[-106.86181037819807, 35.31415955631767], [-106.84134677284997, 35.15924598237255], [-106.91669630986684, 35.12712071680607], [-107.05105122348046, 35.23305488536057], [-107.1112835148737, 35.348062488385196], [-107.0149407507653, 35.445664565563554], [-106.86181037819807, 35.31415955631767]]], [[[-113.71003191718596, 36.11131383422798], [-113.78570898829301, 36.201884572644495], [-113.63432005801863, 36.16842449417004], [-113.58458244862709, 36.054851401572655], [-113.6387146722268, 36.02443784521769], [-113.71003191718596, 36.11131383422798]]], [[[-113.90365150045594, 36.18566739050039], [-113.99166740119277, 36.14910460762279], [-114.03673755721402, 36.233181183549235], [-113.88239757971117, 36.29947449397664], [-113.90365150045594, 36.18566739050039]]], [[[-105.80420096158207, 36.4362129166168], [-105.95897670764866, 36.532289071995415], [-105.89599329906594, 36.76722575486574], [-105.6669789195542, 36.83474762941994], [-105.5860212176221, 36.732533674199765], [-105.59378670233393, 36.59808775350044], [-105.78027810004106, 36.519343049520884], [-105.80420096158207, 36.4362129166168]]], [[[-105.17832302154619, 38.774130480933316], [-105.09116561039231, 38.659757095326086], [-104.94641669227731, 38.69622573575158], [-104.87789851753529, 38.66886826837819], [-104.8609785796568, 38.52248338340616], [-104.94926359468352, 38.483035412405684], [-105.0728419377051, 38.20006658748788], [-105.21902516058833, 38.22250736563563], [-105.32269842367738, 38.377278092892055], [-105.49591048845068, 38.40499631728082], [-105.53818451948166, 38.553976222868734], [-105.49327691694235, 38.828428889288396], [-105.32538479059772, 38.83897526327596], [-105.17832302154619, 38.774130480933316]]], [[[-96.4363362730887, 38.43720996075261], [-96.51840041660688, 38.441702463064814], [-96.7624205763652, 38.67724646757817], [-96.86024091282445, 38.62328630924994], [-96.85951698967716, 38.580794252818926], [-96.78627366000069, 38.48981456214132], [-96.66898570485894, 38.46630977664587], [-96.6692978151384, 38.403622422849104], [-96.92970520511639, 38.384446902368985], [-96.96515363780955, 38.16937998258684], [-97.05112931025893, 38.081603359480894], [-97.17255442839405, 38.04151821017658], [-97.38118349093389, 38.06262663980192], [-97.31766949252794, 38.17059796641426], [-97.27400226296957, 38.52105099960692], [-97.18893572894692, 38.71543182603484], [-96.77392745388386, 39.26969785123266], [-96.56144613464161, 39.46810152589656], [-96.37426124292969, 39.30890405375523], [-96.405827355385, 39.200687601567424], [-96.35872808378407, 39.10620388274094], [-96.43981521728229, 38.938844858331635], [-96.2972160841814, 38.643205236498524], [-96.4363362730887, 38.43720996075261]]], [[[-106.03161367211096, 38.95948536702041], [-105.88661212320756, 38.90362870360848], [-105.87904982400258, 38.78824106502976], [-105.80626327439283, 38.71779818197371], [-105.89405456334974, 38.6593646489478], [-105.88296547774982, 38.52408859632667], [-106.10849003787729, 38.703887588251945], [-106.1319761953764, 38.81686861412492], [-106.49765210231574, 38.82480259808172], [-106.67173674992335, 38.87204238258578], [-106.6792724535728, 38.91018734333782], [-106.67268377090024, 38.97302562285128], [-106.34653304230324, 38.877901342738596], [-106.33025902533433, 38.938978149220034], [-106.15165819510591, 38.95319601056865], [-106.16267882052621, 39.03441453114339], [-106.127752823307, 39.04243547821459], [-106.03161367211096, 38.95948536702041]]], [[[-102.03468885373084, 38.11591938213931], [-101.80275281838958, 38.11376045866962], [-101.56961849144905, 37.84348157459236], [-101.52436034975293, 37.612078781653196], [-101.60258267845703, 37.5634523620784], [-101.96135716530964, 37.62346833913372], [-102.25264346334559, 37.61112711258418], [-102.38448767957028, 37.52526317907069], [-102.38032267436807, 37.34690333892571], [-102.56385556976511, 37.13488325076435], [-102.71940391886493, 37.121897813937174], [-102.81004167283459, 37.282751684053835], [-102.64059360274062, 37.46033369327685], [-102.59769023172689, 37.72893374040249], [-102.42350813555502, 37.8527909595416], [-102.33706332380103, 38.060331104411155], [-102.19966235969241, 38.04395109302728], [-102.10463312065296, 38.13966758182135], [-102.03468885373084, 38.11591938213931]]], [[[-106.27732048588747, 37.65282529769493], [-106.39054947216677, 37.49236372923475], [-106.68366876308842, 37.42991870426614], [-106.83248926362742, 37.4949258304231], [-106.85062660900512, 37.55444473205158], [-106.49316033906945, 37.734858244476825], [-106.38382213060774, 37.73075755167971], [-106.27732048588747, 37.65282529769493]]], [[[-106.03524236920917, 37.955519936444496], [-105.8248935880994, 37.93357733653318], [-105.68830514563516, 37.591898716666776], [-105.74496816572402, 37.45638656554079], [-106.1205726804808, 37.53413025604507], [-106.14800862018336, 37.887619937423416], [-106.10053686588036, 37.9737817886105], [-106.03524236920917, 37.955519936444496]]], [[[-107.5471886328349, 38.026454128809185], [-107.41332914727514, 38.07250841620639], [-107.284013176683, 38.056125200951385], [-107.23314270206434, 37.984298572570246], [-107.252604462144, 37.77544842860539], [-107.74623352339968, 37.702050132524036], [-107.81352655918424, 37.73794458870347], [-107.8438500248398, 37.83538060524572], [-107.97670444315382, 37.85378670275256], [-107.92223833749448, 37.90505521803925], [-107.70965095545704, 37.94232758800836], [-107.65247597726685, 37.86534915012862], [-107.57690042542123, 37.87314946446844], [-107.5471886328349, 38.026454128809185]]], [[[-99.32543286070168, 39.7087221737496], [-99.478494104032, 39.60558405129659], [-99.71354272207043, 39.686159466809194], [-99.76188892605354, 39.57509025206948], [-99.8972497021468, 39.55917577374676], [-100.00029135039817, 39.695374731408016], [-100.15441939595344, 39.59859537395019], [-100.27734954618796, 39.60964599594609], [-100.34011911811959, 39.66587387726519], [-100.34771757338152, 39.77790470668261], [-100.061908051668, 39.79364460560544], [-99.69060052216567, 39.9197291622316], [-99.32543286070168, 39.7087221737496]]], [[[-101.62411590626634, 40.243902576008054], [-101.8864964084611, 40.2410518173061], [-102.07243352164478, 40.34294730003888], [-102.08340978184964, 40.41167041182774], [-101.87912249668503, 40.55979264568006], [-101.48198094283762, 40.5542726166422], [-101.45856667515433, 40.4992066624136], [-101.62411590626634, 40.243902576008054]]], [[[-106.8605295247326, 41.02532082530467], [-106.65969600463971, 41.05164502829203], [-106.58325803542284, 41.00073165853814], [-106.62147568651427, 40.94847774590785], [-106.92582340764457, 40.835682258262054], [-107.09061659859351, 40.836157705564005], [-107.07410877763662, 40.941224329872654], [-106.8605295247326, 41.02532082530467]]], [[[-100.89609442553848, 42.11646103916905], [-100.72895331364457, 42.040012697427784], [-100.66607085278163, 41.94807433241993], [-100.73725967500906, 41.78397678610185], [-100.85230190140886, 41.791573902425085], [-101.26848284393692, 41.99545287356069], [-101.34675336803915, 42.10576193817418], [-101.20702082406049, 42.16606411663104], [-100.89609442553848, 42.11646103916905]]]]}}, {"type": "Feature", "properties": {"unit": "approx 1.70 Ga quartzite deposits", "category": "Paleoproterozoic", "color": "#f4a6c0", "appearance_age": 1700}, "geometry": {"type": "MultiPolygon", "coordinates": [[[[-115.13243666505318, 34.87756192844769], [-115.4091303786837, 34.46794582908204], [-115.46749546122696, 34.285876093034815], [-115.63497608708879, 34.08267580342069], [-115.78281759589503, 33.95634820459829], [-116.01539725438049, 33.91854072876621], [-116.21283750981627, 33.95936335463152], [-116.35670461852668, 34.102369680069735], [-116.59754276920133, 34.72642995677955], [-116.45049022156729, 35.08751404623764], [-116.45914579455618, 35.50376477327474], [-116.43360867487068, 35.555295553436714], [-116.30710342314872, 35.586664712450435], [-116.0609369174447, 35.59503403715385], [-115.91492545463322, 35.54275095228864], [-115.7326620683292, 35.350739312632015], [-115.18838195307646, 35.00160415729132], [-115.13243666505318, 34.87756192844769]], [[-115.33465118892158, 34.747955946843014], [-115.3628728615664, 34.82547805031293], [-115.44057020096221, 34.656272626218005], [-115.58930805632885, 34.69890790444785], [-115.83437600578922, 34.652183118164395], [-115.90928042711106, 34.60242764164276], [-115.927587020777, 34.50936248583601], [-115.62961082741182, 34.598175808137356], [-115.45134752723114, 34.56100406331453], [-115.33465118892158, 34.747955946843014]]], [[[-112.2756077031564, 33.605602854766026], [-112.396400823931, 33.60517302763096], [-112.46596949112867, 33.663578427937686], [-112.43521583541639, 33.90952633084954], [-112.03831854194138, 34.20456997692309], [-111.81295587664013, 34.282320156980084], [-111.54876845936255, 34.46252081125722], [-110.95053328962547, 34.54263568932558], [-110.8574647647096, 34.49066280498934], [-110.84491290137035, 34.43277771564653], [-111.05657425827326, 34.3806621357117], [-111.04608441641425, 34.33908891900593], [-110.86249203323943, 34.33925233106812], [-110.93104052955555, 34.243886579734195], [-111.27451231005013, 34.12049943435249], [-111.56887085364374, 33.94744145237209], [-111.74614713772638, 33.992094055569396], [-111.87983375710333, 33.866709713648035], [-111.86206897389934, 33.79965112484146], [-112.24115384913182, 33.57661202270091], [-112.2756077031564, 33.605602854766026]]], [[[-104.56493028330229, 40.08905634596195], [-104.57784734250814, 39.97614148425251], [-104.68123207958814, 39.86409759048166], [-105.1200354832703, 39.68479729363053], [-105.68414408383707, 39.61240270093274], [-105.84961414048793, 39.66594286775405], [-105.71056642417314, 39.72131426977835], [-105.69167090783002, 39.82817757545209], [-105.79191340772131, 39.833384540302596], [-105.90789711921646, 39.74830613458803], [-105.85173001504812, 39.91524184480616], [-105.55055815518539, 40.07948240864256], [-105.44771577057251, 40.05755246314374], [-105.37379921171082, 40.12170033339915], [-105.38693454769125, 40.15817374832186], [-105.15349962886859, 40.24749986826419], [-104.79413334431923, 40.288835471700686], [-104.63846485837557, 40.22325876869487], [-104.56493028330229, 40.08905634596195]]], [[[-106.07461407244122, 41.1605183124908], [-106.03811054644804, 41.03251435186811], [-106.40875115641155, 40.9150986613705], [-106.93248712098014, 40.651661836480386], [-107.23309769632588, 40.63035039658279], [-107.36999012012976, 40.71320131801541], [-107.41369863031015, 40.794668816023524], [-107.28599369423345, 40.94113087441877], [-106.72637196411745, 41.15191124837461], [-106.27512892822683, 41.215596264244006], [-106.07461407244122, 41.1605183124908]], [[-106.8605295247326, 41.02532082530467], [-107.07410877763662, 40.941224329872654], [-107.09061659859351, 40.836157705564005], [-106.92582340764457, 40.835682258262054], [-106.62147568651427, 40.94847774590785], [-106.58325803542284, 41.00073165853814], [-106.65969600463971, 41.05164502829203], [-106.8605295247326, 41.02532082530467]]], [[[-87.90670991799269, 43.22763075116181], [-88.14301104150984, 43.0727823470844], [-88.35743326261951, 43.01633846316146], [-89.01577653235802, 43.01593855307487], [-89.72018135569196, 42.893458955695856], [-89.89867893113981, 42.76852549716639], [-89.86976944517937, 42.670572468280184], [-89.90504549719965, 42.609448123917325], [-90.09933128327069, 42.535351675228114], [-90.29850477376672, 42.49864831196753], [-90.84317733343975, 42.529358980740064], [-90.87873526511198, 42.32486224270531], [-91.18438214342747, 42.15819333256493], [-91.06442290458547, 41.96222687569812], [-91.3868884911112, 41.837771580808855], [-91.58425195655812, 41.560136538271166], [-91.74820579147297, 41.48708669374051], [-91.75644343724635, 41.44413626086314], [-91.6203354100878, 41.38861654952522], [-91.6023030298714, 41.293987802271225], [-91.75279153184019, 41.27798954039255], [-92.03349531773601, 41.409870726620866], [-92.0010972204463, 41.53825330683643], [-91.75680162060503, 41.91488423508527], [-91.35174616010102, 42.27886299691162], [-90.98182879228898, 43.13563857863237], [-90.55372147629238, 43.53840331260125], [-90.10628980272804, 43.7096767957327], [-88.73235917243655, 43.83309074100312], [-87.54115239118755, 44.24988352053988], [-87.72191878175612, 43.932285470652936], [-87.70696517358815, 43.679760112455156], [-87.79078912484049, 43.56704725353113], [-87.90670991799269, 43.22763075116181]]], [[[-105.08965108901626, 37.76496129404232], [-105.10724395893031, 37.4225907168371], [-104.92901442413957, 37.10475461779922], [-104.98644171828194, 36.81780539396445], [-104.72393659469641, 36.46097497805194], [-104.77158046572276, 36.025805520735425], [-105.13576936570377, 35.76352271289897], [-105.31646884692687, 35.73641577827655], [-105.63724128460169, 35.80254037578689], [-105.92055282500478, 35.97870662917219], [-106.55056415459063, 36.19218633812805], [-106.93518848065186, 36.47737558205592], [-107.14498376706729, 36.48646384923208], [-107.47822340006181, 36.68759585115833], [-107.61113829390233, 36.83065292926245], [-107.8604619567597, 36.916730977859544], [-107.80569792123208, 37.050929386786756], [-107.95383929895085, 37.153662654092976], [-108.05324512871616, 37.35040870022784], [-108.26963414493446, 37.40143732712191], [-108.52348500902953, 37.566614149316564], [-108.40258757498209, 37.69064840476451], [-107.62863716862468, 38.080464142529955], [-107.4581145217496, 38.242496269876874], [-107.31854121378437, 38.50144531805784], [-107.22695605898578, 38.547273102134945], [-106.9974218332083, 38.550490118500925], [-106.85014205384267, 38.44815109651273], [-106.86125167223524, 38.33794998931207], [-107.05043480119147, 38.0358312204357], [-107.0385578522506, 37.83608745947711], [-106.83775171637326, 37.67057579402791], [-106.83248926362742, 37.4949258304231], [-106.76285628677292, 37.445586245458635], [-106.42032004845511, 37.480644859184075], [-106.22302163204168, 37.306579269418144], [-106.15014579661346, 37.29886192867154], [-106.01358608984829, 37.44297662265725], [-105.74496816572402, 37.45638656554079], [-105.68830514563516, 37.591898716666776], [-105.77451754234416, 37.7333018292821], [-105.84674555607417, 38.05541180583512], [-105.65993839499934, 38.291345033720596], [-105.6507898918305, 38.173597625153214], [-105.52369538160305, 38.035354947608305], [-105.08965108901626, 37.76496129404232]], [[-107.07379315208713, 37.786376052850564], [-107.31585736458997, 37.58839568256402], [-107.31871034953846, 37.46998406216539], [-107.17486126005981, 37.42261679955928], [-107.16981795861577, 37.57721752406744], [-107.06023738472167, 37.73960356328337], [-107.07379315208713, 37.786376052850564]], [[-107.42057922876901, 37.49387287939477], [-107.43825825216135, 37.688837866382194], [-107.60830998424807, 37.59575239168427], [-107.60439288019096, 37.52214641043571], [-107.54095034302053, 37.483884822853796], [-107.42057922876901, 37.49387287939477]], [[-107.5471886328349, 38.026454128809185], [-107.57690042542123, 37.87314946446844], [-107.65247597726685, 37.86534915012862], [-107.70965095545704, 37.94232758800836], [-107.92223833749448, 37.90505521803925], [-107.97670444315382, 37.85378670275256], [-107.8438500248398, 37.83538060524572], [-107.81352655918424, 37.73794458870347], [-107.74623352339968, 37.702050132524036], [-107.252604462144, 37.77544842860539], [-107.23314270206434, 37.984298572570246], [-107.284013176683, 38.056125200951385], [-107.41332914727514, 38.07250841620639], [-107.5471886328349, 38.026454128809185]], [[-105.80420096158207, 36.4362129166168], [-105.78027810004106, 36.519343049520884], [-105.59378670233393, 36.59808775350044], [-105.5860212176221, 36.732533674199765], [-105.6669789195542, 36.83474762941994], [-105.89599329906594, 36.76722575486574], [-105.95897670764866, 36.532289071995415], [-105.80420096158207, 36.4362129166168]]], [[[-105.49591048845068, 38.40499631728082], [-105.55211390922159, 38.29513972769527], [-105.6213181921043, 38.333063119574305], [-105.53818451948166, 38.553976222868734], [-105.49591048845068, 38.40499631728082]]]]}}, {"type": "Feature", "properties": {"unit": "1.72 - 1.68 Ga juvenile arcs", "category": "Paleoproterozoic", "color": "#f4a6c0", "appearance_age": 1720}, "geometry": {"type": "MultiPolygon", "coordinates": [[[[-111.2597335019895, 32.89824538228754], [-111.4709501935564, 32.90821722331444], [-111.50877188520724, 32.827905864494404], [-111.99577254334268, 32.65147285671174], [-112.13710621798336, 32.64913126762674], [-112.271623248271, 32.75031219539211], [-112.18721447660494, 32.87090683188421], [-112.14498279046599, 32.77765978123706], [-111.87615950472167, 32.75291501521886], [-111.89122317235672, 32.80873913701432], [-112.10100710432577, 32.91705820787265], [-111.43111238997682, 33.280705353537726], [-110.96569390676476, 33.46840623696439], [-110.91957201996864, 33.362795482426534], [-110.78418670897118, 33.365171554063586], [-110.7872981203838, 33.5405839756173], [-110.65375166792673, 33.57449291909835], [-110.44708001352471, 33.61943307636348], [-110.3507168177941, 33.582325823936756], [-110.3055059575485, 33.42415546891713], [-110.21914199427749, 33.38607482780447], [-110.21246883494645, 33.2740584207746], [-110.16202681731258, 33.24803311214444], [-110.4743506213339, 33.131232148901546], [-110.34381768004404, 33.248182831729395], [-110.36365568676895, 33.34497557085392], [-110.43464752934041, 33.39572191580906], [-110.5548403882667, 33.31711199490698], [-110.74732585774053, 33.28999772257572], [-110.74042690114538, 33.24544613853838], [-110.56954054091442, 33.16539602205035], [-110.55616483142863, 33.10675549151551], [-110.63217671558833, 33.08445413462484], [-110.78664001064799, 33.16267368249254], [-110.81263679333871, 33.10598235916869], [-110.67280340866185, 33.072512162146694], [-111.2597335019895, 32.89824538228754]]], [[[-109.83333274599981, 33.47663403798378], [-109.85720746170944, 33.441755508504926], [-109.94488301073892, 33.647555588636855], [-109.82656821252408, 33.560961706746234], [-109.83333274599981, 33.47663403798378]]], [[[-104.82769142479034, 34.8025129877869], [-105.12610620468499, 34.79784217434601], [-104.57505827172683, 34.996297133110374], [-104.34049724780036, 34.965656110563046], [-104.82769142479034, 34.8025129877869]]], [[[-106.64740244624025, 35.093301228686734], [-106.8548048373265, 34.947059079072424], [-107.05960617246664, 35.095390056715985], [-106.64740244624025, 35.093301228686734]]], [[[-107.2219724618261, 34.65203660852097], [-107.3478408476261, 34.64398172132794], [-107.19986805401038, 34.76804717885513], [-107.0210298009659, 34.804384406158604], [-107.2219724618261, 34.65203660852097]]]]}}, {"type": "Feature", "properties": {"unit": "approx. 1.65 Ga quartzite deposits", "category": "Paleoproterozoic", "color": "#f4a6c0", "appearance_age": 1650}, "geometry": {"type": "MultiPolygon", "coordinates": [[[[-111.22418043889151, 30.147088822993116], [-111.28928927215114, 30.008384474009667], [-111.53915786654335, 29.968419795692036], [-111.81410290856499, 29.98510655215422], [-111.91643164983911, 30.146720084277366], [-111.77172311367521, 30.372369074807253], [-111.6812100720684, 30.378844740437547], [-111.29121772453017, 30.27666852442685], [-111.22418043889151, 30.147088822993116]]], [[[-111.34025533095614, 33.44915386884546], [-111.72902654180321, 33.24828849869123], [-111.78784034675733, 33.23716836000962], [-111.8614633768553, 33.298559379158434], [-111.80833861418684, 33.42288247217447], [-111.56233473460227, 33.719142369238725], [-111.47019144352741, 33.729223969409546], [-111.43577971853232, 33.82705645802297], [-110.9113070231572, 33.978109000297884], [-110.48111611085376, 33.97614695946191], [-110.48009011412545, 33.83484951218826], [-110.58400409487668, 33.70509818183137], [-111.34025533095614, 33.44915386884546]]], [[[-106.49230651470592, 32.75550681178598], [-106.52433013167995, 32.59465622901822], [-106.47989023044305, 32.551168442834104], [-106.79997647095908, 32.507632345963515], [-106.95032576143008, 32.628904131626584], [-106.94424033707014, 32.704099897666396], [-106.82014581334623, 32.68150123241928], [-106.62288140252706, 32.77120412997339], [-106.5935652321351, 32.83249348180215], [-106.65016327415329, 32.975875335436925], [-106.47067329978132, 33.12450516783147], [-106.41702410605507, 33.07816550478413], [-106.38810776800607, 32.92734469151831], [-106.2328448485033, 32.748381388933254], [-106.27754866235844, 32.64767812831146], [-106.38823628773606, 32.58301985814276], [-106.37465852851228, 32.698303512177944], [-106.49230651470592, 32.75550681178598]]], [[[-106.79437825150872, 33.024750410478184], [-106.85075654794669, 33.021653513942375], [-106.96824496551314, 33.075525150781345], [-106.77686248029728, 33.17304222989599], [-106.79437825150872, 33.024750410478184]]], [[[-106.50282778563485, 34.99765924294624], [-105.94270953140534, 35.15723623311073], [-105.88187922461861, 35.07667983088892], [-105.87252565589031, 34.9463828215787], [-105.75326507972582, 34.86009241313738], [-104.67391996097305, 34.9743511159469], [-104.92669522538266, 34.842998685929295], [-105.67304460737863, 34.59023035206263], [-105.82332798946315, 34.4572154505478], [-105.99206874113078, 34.38487261075872], [-105.95413126697439, 34.61069154868858], [-106.19154261371864, 34.377326181640086], [-106.4009212419, 34.28526987350936], [-106.95711163468461, 34.08552311668179], [-107.22386074393768, 34.05169861632664], [-107.47797280716237, 33.91918771425], [-107.6159258596554, 33.9168008620838], [-107.69969531538501, 33.977810180872304], [-107.69685618797526, 34.20222133276248], [-107.53136984857616, 34.42255327454104], [-106.53620324866307, 35.16160835763637], [-106.55138977930703, 35.05312343452271], [-106.50282778563485, 34.99765924294624]]], [[[-112.57843935130508, 34.87954622985434], [-112.43568788354287, 34.898422693674746], [-112.33529127640672, 35.034315821081925], [-112.08172353468352, 35.166374055124656], [-111.94645402253198, 34.96873006873931], [-112.02178276895785, 34.824263498206605], [-112.33284587853616, 34.61665300624655], [-112.5831102459555, 34.5343784612678], [-112.77771707912872, 34.52717511801321], [-112.7901794543415, 34.687439296802445], [-112.7060397317558, 34.80667180350722], [-112.57843935130508, 34.87954622985434]]]]}}, {"type": "Feature", "properties": {"unit": "< 0.78 Ga Windermere Supergroup", "category": "Neoprot\u2013Cambrian rift", "color": "#fed8b1", "appearance_age": 780}, "geometry": {"type": "MultiPolygon", "coordinates": [[[[-116.36509581382312, 35.80667811993611], [-116.39298029169596, 35.71927876092609], [-116.46323297270027, 35.693405525775056], [-116.48124521965813, 35.82466914279253], [-116.36509581382312, 35.80667811993611]]], [[[-115.89365814734612, 36.02166081779708], [-115.70787624246722, 35.87044140980512], [-115.66498615920987, 35.72047238444901], [-115.98845753471592, 35.69626927723399], [-116.26137500597785, 35.76738216118579], [-116.26947771447966, 35.88637858932828], [-116.20702054516482, 35.97744651738], [-116.06758261431253, 36.044792141147475], [-115.89365814734612, 36.02166081779708]]], [[[-116.3757079062994, 36.20105157282478], [-116.35742426543452, 36.022825343740315], [-116.47006376270805, 36.016122336943866], [-116.43464464102186, 36.21906253285354], [-116.3757079062994, 36.20105157282478]]], [[[-115.52003601930615, 36.9297114586695], [-115.462150674337, 36.85747364107278], [-115.47917086876339, 36.79867158719554], [-115.60507040894876, 36.75285346455928], [-115.60486461708619, 36.84248689367248], [-115.52003601930615, 36.9297114586695]]], [[[-116.73974857177329, 36.70819562732249], [-116.6235750457324, 36.60510352856075], [-116.89587887167413, 36.60628585941563], [-117.04760895697184, 36.7088781403491], [-117.10387744811413, 36.89954613006458], [-116.94821509184813, 36.8544976485932], [-116.73974857177329, 36.70819562732249]]], [[[-117.08701743676252, 35.91357259801985], [-117.31020567626916, 35.904607464458465], [-117.17350440280133, 36.53413767336171], [-117.02954290979336, 36.06102123333562], [-117.08701743676252, 35.91357259801985]]], [[[-116.09037496962478, 36.6007086070314], [-116.08539826272786, 36.45152089076035], [-116.23747755970722, 36.49972107929246], [-116.23030950003717, 36.522971669547374], [-116.09037496962478, 36.6007086070314]]], [[[-113.24131680126388, 38.55917050668578], [-113.43548968990844, 38.54764889583001], [-113.43569353047968, 38.63082770893675], [-113.35115341149705, 38.74470596446151], [-113.13042501989298, 38.826474757081506], [-113.10515844463939, 38.68247703093258], [-113.24131680126388, 38.55917050668578]]], [[[-112.2460483091028, 39.31151520116995], [-112.33212878208255, 39.239618306139576], [-112.40959117847115, 39.30200991785223], [-112.3688611908703, 39.43781845922403], [-112.2943686706696, 39.50245289832369], [-112.2516665198295, 39.489844843893884], [-112.2460483091028, 39.31151520116995]]], [[[-114.78343607224568, 39.47978466719345], [-114.73986012631323, 39.3435518985511], [-114.8984812621735, 39.35591145049377], [-114.84466244598259, 39.507277762858166], [-114.78343607224568, 39.47978466719345]]], [[[-114.48001188188029, 39.582453861220614], [-114.41289813059605, 39.48941805708086], [-114.4697655177544, 39.41490919255297], [-114.57378915111454, 39.473816781188695], [-114.54389982355735, 39.570628605408906], [-114.48001188188029, 39.582453861220614]]], [[[-117.9448734091911, 37.12674065818412], [-117.95895657467449, 37.04152834644689], [-118.15127249497165, 37.1149792823982], [-118.1626695135861, 37.16105237010907], [-117.98786121928904, 37.302006796115975], [-117.9448734091911, 37.12674065818412]]], [[[-117.5775885222488, 37.54067437466043], [-117.33516153631032, 37.44185106426651], [-117.19672255843179, 37.305264726780294], [-117.19994037942334, 37.182521788396805], [-117.26557646179269, 37.07920448599734], [-117.80880862068598, 37.45700140989198], [-117.93544607537274, 37.466748920580734], [-118.05710948650676, 37.36374616350251], [-118.16118527777856, 37.37200251426067], [-118.22659335861857, 37.43742100098333], [-118.14218481502746, 37.63213138104109], [-118.0577694842786, 37.64793054777719], [-117.5775885222488, 37.54067437466043]]], [[[-112.40845379486976, 39.94408254903687], [-112.41925622222556, 39.79528707049226], [-112.54863646864452, 39.79327488488545], [-112.78962044728806, 39.88985077385862], [-112.81672282530808, 40.00508383863114], [-112.79186593573029, 40.088756554339206], [-112.6233304604843, 40.10957967641932], [-112.46870139455531, 40.035595909594775], [-112.40845379486976, 39.94408254903687]]], [[[-112.37155666058634, 41.145898907998784], [-112.38216942939609, 41.1109943532784], [-112.50823125731209, 41.152672834404555], [-112.56284857445465, 41.270727494629206], [-112.4752919841908, 41.28802443268177], [-112.37155666058634, 41.145898907998784]]], [[[-111.82610992636387, 41.42403681382844], [-111.8012160317836, 41.28832736798074], [-111.90107135644571, 41.25829778676871], [-112.13317367552102, 41.32625836601072], [-112.21148340629173, 41.46484322997256], [-112.11009834355544, 41.518195628668856], [-111.82610992636387, 41.42403681382844]]], [[[-111.40907567956869, 42.42916457210719], [-111.28334138069918, 42.11320624244929], [-111.35884506345077, 42.02835759181193], [-111.48187812456018, 42.08117033794056], [-111.40907567956869, 42.42916457210719]]], [[[-112.16460434730269, 42.98576256960875], [-112.11792035403344, 42.94971110029383], [-112.18639658674942, 42.84809511473967], [-112.40238642931588, 42.69890883257888], [-112.55353826847035, 42.78122616248936], [-112.57258632009493, 42.841917216546236], [-112.50784833738844, 42.9264392460448], [-112.28533284034145, 42.996831843827906], [-112.16460434730269, 42.98576256960875]]], [[[-111.70945693243483, 42.17567572175898], [-112.22071796485552, 42.112442411934666], [-112.22637411362754, 42.174623827901826], [-112.21156995708196, 42.23177529862108], [-111.85825924200464, 42.499567534185594], [-111.76255583192822, 42.47025000265583], [-111.6748958599443, 42.35129861229538], [-111.70945693243483, 42.17567572175898]]], [[[-115.08002579444909, 45.18881250641286], [-115.0040333856315, 45.16576388106542], [-114.77205102019711, 44.89955309836145], [-114.80650945620229, 44.85877631159901], [-114.92449581201255, 44.83236392181481], [-115.09437703278218, 44.91403341375644], [-115.20205675846611, 45.15788589066974], [-115.08002579444909, 45.18881250641286]]], [[[-114.530236489081, 45.093420159696905], [-114.52470192604339, 45.04063656934945], [-114.71435712825644, 45.0997756182875], [-114.85344909185076, 45.18590732266275], [-114.87942803716903, 45.26148427244451], [-114.82682284222517, 45.30471088778255], [-114.69047118523623, 45.28321174138484], [-114.530236489081, 45.093420159696905]]], [[[-115.77389718925136, 45.86619229569548], [-115.68258146506047, 45.748401233190215], [-115.47163011117858, 45.68527710989367], [-115.44468082359074, 45.62769246967498], [-115.2576503168664, 45.52581159851155], [-115.31698951132587, 45.21992753588061], [-115.42405911608148, 45.08883933056632], [-115.5989922964447, 45.10200051424206], [-115.50763328632638, 45.33866934885304], [-115.52821199723302, 45.4183762605112], [-115.90322132702069, 45.6219755669733], [-116.01786599145875, 45.78202496618366], [-116.0476484999082, 45.998093970705966], [-116.00689963281762, 46.181795855921465], [-115.87567068710484, 46.32333268935196], [-115.8398605476158, 46.31840954501889], [-115.77389718925136, 45.86619229569548]]], [[[-115.93002867935796, 50.24684798288474], [-115.97655524837222, 50.222848073891946], [-115.98869396970876, 50.33009667958592], [-116.11428391098866, 50.424252288659495], [-116.14924362868723, 50.41332716107213], [-116.09867505085415, 50.29469623294323], [-116.21127631320938, 50.27168270627543], [-116.35632091160973, 50.4606316975315], [-116.21391305062136, 50.518054923124396], [-116.32452274458707, 50.501176397081785], [-116.42726794725732, 50.61991884271109], [-116.2881055817615, 50.582744704259724], [-116.28160152716153, 50.63027041016994], [-116.14025834607463, 50.54739999962249], [-116.09486288153741, 50.59547814540801], [-115.88274824496779, 50.305382087374475], [-115.93002867935796, 50.24684798288474]]], [[[-123.00740213141985, 53.30755947357377], [-123.12446659983063, 53.27985861672609], [-123.2913133966981, 53.43802481417272], [-123.14924167471767, 53.42448501632067], [-123.09953651634372, 53.33148058800624], [-123.00740213141985, 53.30755947357377]]], [[[-116.0796352424754, 51.47266130004724], [-116.04723191001852, 51.37640033960785], [-116.00958896339648, 51.380707294934], [-116.04407616577565, 51.45925267003658], [-115.96450758744562, 51.40369846701754], [-116.00797004510528, 51.336792114901336], [-115.93777078459333, 51.249522842410315], [-115.84043695916282, 51.28367728153131], [-115.85756658865135, 51.21265366334256], [-115.92484937703932, 51.204255240429646], [-115.8492031868285, 51.166749994036714], [-115.74912367672323, 51.00514143365684], [-116.03804704935764, 51.20211088522264], [-116.3211976190995, 51.521039330716846], [-116.61661574331815, 51.729776976968964], [-116.64186895225325, 51.800751726776575], [-116.20826480386447, 51.46156630301303], [-116.0796352424754, 51.47266130004724]]], [[[-116.88832710717729, 49.23177018771615], [-116.82059878234347, 49.12875515537529], [-116.88068100211783, 49.0877580011763], [-116.8578377003163, 49.06100907758929], [-116.96088976215658, 48.930921668442274], [-117.06678424146504, 48.93701951957174], [-116.8924373193739, 49.14459078554209], [-116.96461291563539, 49.18430797472101], [-116.8913294930404, 49.36145628079174], [-116.88832710717729, 49.23177018771615]]], [[[-127.94823015335409, 59.460965088619616], [-127.77576713722434, 59.30353854994108], [-127.6387747228645, 59.26683800912122], [-127.79570456383415, 59.55910567217598], [-127.64561535231553, 59.53800896630402], [-127.48229933790299, 59.34434025515545], [-127.5419325361263, 59.15723450019451], [-127.06978395726, 58.83277414687209], [-126.5252694557557, 58.767001690341665], [-126.29406139022791, 58.62560415328766], [-126.28272719049238, 58.576335568363795], [-126.5400069717238, 58.4908239936216], [-125.8821135076456, 58.276728929295004], [-125.81786298159673, 58.19886390715834], [-125.85844658079355, 58.1069592603891], [-125.69476010111302, 58.005380598391], [-125.74430415400178, 57.94835242822345], [-125.34790831114209, 57.47790642657925], [-125.39488254695783, 57.429110463007014], [-125.16985966436559, 57.2598127046856], [-124.93773630435992, 56.953313651918855], [-124.98298962405804, 56.934314253345626], [-124.90302618036287, 56.84955428716484], [-124.98717205435096, 56.82862859922478], [-124.67494583509263, 56.62144157918441], [-124.48807274800156, 56.58183836524788], [-125.20118361523252, 57.43427615687744], [-124.30681986035876, 56.712503411910525], [-124.12779892769987, 56.517406892082334], [-123.96042297785692, 56.248854078198555], [-123.69411713566342, 56.00597872434446], [-123.69820755434584, 55.899145659847655], [-123.4744099949401, 55.62739978141328], [-123.41142258794778, 55.414856327560905], [-123.23379294882805, 55.28481221150507], [-122.93964568169685, 55.23139920033417], [-122.66471723636938, 54.93606148782336], [-122.72074702626537, 54.90856869241681], [-122.60906591343137, 54.7943030016579], [-122.62066367688578, 54.66414201981842], [-122.57637152808486, 54.59070297202289], [-122.2428185855363, 54.27634442660199], [-121.77589393206345, 54.07124097799642], [-121.80197810267865, 54.041941174148754], [-121.75742123447307, 53.95725301073046], [-121.39463073519467, 53.78638489992058], [-121.29648827515459, 53.69165617493379], [-121.16165429195492, 53.42973363450061], [-120.9626942935366, 53.32284044063419], [-120.69712453315931, 53.3547069872967], [-120.52499504635391, 53.24789847154283], [-120.39066270755191, 53.2417931116629], [-120.30303761801812, 53.290224718408595], [-120.177391158893, 53.235068689128305], [-120.21344291051543, 53.19720388757699], [-120.15541187158036, 53.136627503568384], [-119.26910203571543, 52.790585854890715], [-118.79609674622, 52.499453695397335], [-118.4297708304003, 52.44427115458566], [-118.10993302280936, 52.29447036083263], [-117.83513058122102, 52.0678107653614], [-117.22373480854445, 51.83740506544626], [-117.02258863017035, 51.70360605668404], [-116.93065493697212, 51.53515266924218], [-117.10640098482024, 51.601264215904706], [-117.07691900253238, 51.70328828975939], [-117.22418510055586, 51.79046900828706], [-117.89153855914853, 52.044481907455285], [-118.2552379366189, 52.296402974805076], [-118.4612771350589, 52.31920126714584], [-118.33826349174937, 52.190608278947686], [-118.37797241817042, 52.19406245543417], [-118.66922511431963, 52.355839914774464], [-118.54497700979854, 52.25214988787431], [-118.62046222665377, 52.23546327876092], [-118.58747005062241, 52.177989774276114], [-118.78963937328268, 52.289309901773116], [-118.896733442192, 52.279861329609496], [-118.81805773963721, 52.262209983223705], [-118.91211318494345, 52.22656516828082], [-118.49463141897564, 51.78445894641979], [-118.28556103154105, 51.61365823320388], [-117.90819755911153, 51.41417973845732], [-117.96412005897697, 51.41208228664847], [-118.71918643916825, 51.69446304914879], [-118.68285788840294, 51.725979863430645], [-118.72784342302182, 51.78307936714677], [-118.9342356153063, 51.932679355851086], [-119.00765571244399, 51.92593321030187], [-119.06188911542054, 52.029634561113284], [-119.19840088994286, 52.043366377604315], [-119.40880864645493, 52.19033143600106], [-119.32005819419892, 52.22136349412893], [-119.52270684189703, 52.26855606052635], [-119.67146651129723, 52.38378641694679], [-120.39875134689744, 52.711162415535085], [-120.16022485602126, 52.57690693365257], [-120.17234867134502, 52.533733981384884], [-119.82634803459376, 52.44232136700044], [-119.92044581836791, 52.4362266183062], [-119.8110425153037, 52.32104947567115], [-119.47857252065519, 52.163665137494824], [-119.47612695490508, 52.1023296077791], [-119.33607506383063, 51.96452318065434], [-119.33836788745487, 51.813382415675306], [-119.17784489640839, 51.799792546069064], [-118.99609556407988, 51.89873986696548], [-118.57454994355402, 51.50101502815835], [-117.79199252536424, 51.20443176172077], [-117.57866566406544, 50.97587939381233], [-117.44940055189286, 50.910403230567916], [-117.51631763986067, 50.894007260581176], [-117.347015013763, 50.78466888015149], [-117.39870090647706, 50.76416343724634], [-117.28655743593431, 50.650897808100716], [-117.13978680103978, 50.57757066113619], [-117.18067055994277, 50.6829292565981], [-116.81176549833015, 50.46441948337583], [-116.4675133219567, 50.32929173099689], [-116.47462542667598, 50.291653249008114], [-116.58822605691077, 50.30639430813868], [-116.68490467961372, 50.38156338703569], [-116.83459069953577, 50.30315881952409], [-116.7025617743165, 50.02835673528831], [-116.76629305081072, 49.933374866053015], [-116.64922371747326, 49.750420532214825], [-116.55453641483824, 49.743473751356994], [-116.69228212380618, 49.36791151830349], [-116.77954428734873, 49.38581395189434], [-116.80756484262598, 49.52314966886153], [-116.7652076969948, 49.56075781722311], [-116.86739044009724, 49.56617889214001], [-116.82726960710792, 49.650064680309406], [-116.87357974437522, 49.734776163350645], [-117.33468897636652, 50.25191548031799], [-117.3507013826924, 50.43000955282074], [-117.51206492957304, 50.68230281492114], [-117.70244026384503, 50.822839019824485], [-117.77819938439335, 50.822012096897105], [-118.00960646082004, 50.98940432775351], [-118.13291222587235, 51.00492557803906], [-117.88449697719325, 50.82197328156376], [-117.92614187596715, 50.81744869298313], [-118.26504630974112, 51.02142276936715], [-118.38258893606698, 51.194910492166194], [-118.4179785929768, 51.083352732665915], [-118.2684065751306, 50.909443635773165], [-118.30214474476153, 50.87006589237141], [-118.50258017955076, 51.05605003356878], [-118.44719069782204, 51.22022426391711], [-118.73310436963175, 51.306890515997594], [-118.85581962771526, 51.19839965851338], [-118.98411592959178, 51.321989398860886], [-119.4935409695317, 51.474642821252665], [-119.46685712483182, 51.550732513000995], [-119.7419037271079, 51.62400451619237], [-119.86456753715107, 51.78369321125431], [-120.69837100166836, 52.05311912791076], [-120.82465361424593, 52.15503941617103], [-120.93382782482385, 52.18708422558348], [-120.81033832977533, 52.04483758375099], [-120.93746167712297, 52.03979107262817], [-121.0265548680182, 52.11629214214821], [-121.38692958957469, 52.152449782455854], [-121.39227248508169, 52.19552658733263], [-121.23949412876962, 52.23528152156513], [-121.48454586041737, 52.62439620095805], [-121.61094241356624, 52.70149027739191], [-121.53181341829112, 52.733822309893334], [-121.61680272536162, 52.791694730609926], [-121.68584752667846, 52.973001687393726], [-121.82773375350821, 53.0136081530485], [-121.99692494491417, 53.162905958029484], [-121.94812034682045, 53.19771394174536], [-121.82788794495745, 53.160573909066386], [-121.8500605727742, 53.13382684038693], [-121.79227125199517, 53.064433365806806], [-121.55047646790155, 53.02615662114847], [-121.53944888287239, 52.98912342976483], [-121.3261435590033, 52.94361227743228], [-121.33684283385305, 53.012032540305654], [-121.4296766710488, 53.069014723005964], [-120.96536066609278, 52.87688158335057], [-120.90699330426357, 52.902932074013094], [-121.37713782514336, 53.166688286302055], [-121.3736314869396, 53.259727438661216], [-121.19800420423411, 53.12380096952114], [-121.10550005098148, 53.1078342108303], [-121.41129544551825, 53.33288245623357], [-122.19775018132815, 53.572507305261304], [-122.28321977188773, 53.646374244300794], [-121.54490716252867, 53.41881546360901], [-121.48065948280404, 53.43315240512146], [-121.02160846821128, 53.09099804336182], [-120.78740190856982, 52.996215796803625], [-121.12038153807471, 53.21774904667148], [-121.46420272229959, 53.620424304268326], [-121.81742849330016, 53.77182692321571], [-121.9614581654544, 53.94980500502485], [-122.18406651873656, 53.92879592168223], [-122.34172201266203, 54.01459635843294], [-122.70434847615094, 54.42231741085156], [-122.85661191406065, 54.41628152068804], [-123.05521436184279, 54.536651642985554], [-122.96672560521077, 54.553440856228285], [-123.12094383137973, 54.73189038852413], [-123.30091034711592, 55.058893562233884], [-123.81283104517391, 55.651703725710505], [-124.12349080779836, 56.11813655657653], [-124.14716765237294, 55.92186748692401], [-124.00159585985, 55.596403058637385], [-123.65096325458133, 55.158244040674674], [-123.27390252773544, 54.814243220779524], [-123.20300227085222, 54.69499430037017], [-123.27373563160857, 54.61951235116207], [-123.31950987946276, 54.67610101952632], [-123.28587747449374, 54.79446478310125], [-123.54751306334018, 54.80643476331021], [-123.60416202835115, 54.94098766400225], [-123.73509533002019, 54.93722954624559], [-124.26198870507663, 55.27924149919092], [-124.302712199201, 55.38855052298912], [-124.17073701343227, 55.49442034448397], [-124.43132595802201, 55.5431483479702], [-124.55981117429877, 55.71641710765202], [-124.51344645656542, 55.741130448591015], [-124.54547258255775, 55.79148903186921], [-124.84789234246715, 55.838482431517946], [-124.98589746676397, 55.96301947226965], [-125.12354673558747, 56.20216978621775], [-125.47678928175573, 56.36618049553551], [-125.6135763102303, 56.570108646489686], [-125.67927406024943, 56.83259753469957], [-125.82242646194535, 57.031541895097185], [-125.77625826146503, 57.059918636471345], [-125.82313161301917, 57.11213561255838], [-125.81639674934105, 57.22340573649481], [-125.89445006667933, 57.32085202208731], [-125.85414799171613, 57.4227397617512], [-125.8706742982319, 57.561401314771445], [-125.9873309919843, 57.84982845343865], [-126.19441927444788, 57.95344205114816], [-126.28718753356057, 58.05323974140619], [-126.46591755825148, 58.07474470117279], [-126.6593179789387, 58.26504178878583], [-126.68797926790083, 58.42165767544257], [-126.81139563950623, 58.529690044152005], [-126.91998922461991, 58.5660423518496], [-126.99160693439079, 58.55164093643475], [-127.01562508393724, 58.488560824891685], [-127.22426699025829, 58.45585763679698], [-127.48644086251885, 58.553924942676794], [-127.5605986152488, 58.667950646498426], [-127.42946890262466, 58.682048877377134], [-127.29624342992759, 58.60825368682901], [-127.16480543162348, 58.69080285659835], [-127.14750316083821, 58.77822826635208], [-127.45001171683336, 59.05295584155579], [-127.77559293210929, 59.18024757495965], [-127.69910396278857, 59.189701507694075], [-127.74582937309188, 59.21900526670178], [-127.91237003460648, 59.216859026804805], [-128.14351813132646, 59.31116474547753], [-128.2890429820418, 59.46260896833152], [-128.1009368016271, 59.42430762645795], [-128.09148016961745, 59.57188998640981], [-127.94823015335409, 59.460965088619616]]], [[[-125.97445386122027, 60.15780853393314], [-125.86528065755836, 60.16553450543151], [-126.08922082129635, 59.81865274491275], [-126.1269417343985, 59.86834581695444], [-126.0754037829508, 60.054195936359], [-125.97445386122027, 60.15780853393314]]], [[[-123.5167944020287, 62.67235262150051], [-123.48036288229372, 62.597155819195414], [-123.53783079717816, 62.50728216118577], [-123.59280211201718, 62.50969380436122], [-123.62092723698778, 62.72734158042566], [-123.54759909579103, 62.76696539261251], [-123.5167944020287, 62.67235262150051]]], [[[-129.5400084130635, 61.240151150801054], [-129.4790217119517, 61.38576319841435], [-128.9301298283526, 61.05506667470521], [-129.0638562632723, 60.947348787931915], [-129.47852662241917, 60.980251693875275], [-129.64003158254144, 60.94924267639146], [-129.68971709606, 60.913222788669756], [-129.67625262743294, 60.80395131952935], [-129.93870815379225, 60.97898875345038], [-130.11895979471194, 61.010344249246096], [-130.2178563041114, 61.13750085413469], [-130.3055313272341, 61.139932524702], [-130.40201773322627, 61.25460788876825], [-130.23989360050558, 61.27581840557175], [-130.3233739096904, 61.425534014298194], [-130.24360853324924, 61.47281262809509], [-129.6511439504088, 61.356327822351695], [-129.60122032142024, 61.29769912462468], [-129.625684818918, 61.2438533485867], [-129.5400084130635, 61.240151150801054]]], [[[-131.2226101243418, 65.08246419156036], [-131.21927597365703, 65.13873223032839], [-131.0426781676414, 65.08359935864205], [-130.92630174956648, 65.14724043842126], [-130.54317958865, 65.17150104706914], [-130.34648177777183, 65.0329932084311], [-130.89472786614087, 65.07470878180482], [-130.9231990808357, 65.04663520537417], [-130.86840148176776, 65.0121674829091], [-131.0337284243789, 64.96917306432246], [-130.86474960938205, 64.88757660843478], [-130.21964165567104, 64.74430585658821], [-130.41830643310473, 64.73651760658669], [-130.36334837317466, 64.69573977838394], [-130.49939639158964, 64.6728484204081], [-130.5273994842035, 64.61519243314467], [-130.61116362320914, 64.59226545757609], [-130.55917190155444, 64.53737067829219], [-130.63485246919907, 64.51768381358639], [-131.00345272414742, 64.7454140835317], [-131.0644213029348, 64.70255733103619], [-131.02343290367142, 64.59000597779155], [-131.0777381672009, 64.50246989318494], [-131.36862122591253, 64.5247645777636], [-131.3027355971164, 64.37486936944323], [-130.98197137208606, 64.2876386957108], [-131.51096207175854, 64.2466067807019], [-131.3555947815258, 64.13216667827258], [-131.8042718314541, 64.21673101812566], [-131.55419243977224, 64.49833200124563], [-131.56464662655574, 64.59362989608299], [-131.65392778189542, 64.70756112323566], [-131.09584044563883, 64.77464162037425], [-131.10426112461548, 64.8294710045644], [-131.26248548705004, 64.92088405670619], [-131.242419241926, 64.97187680827659], [-131.2866784205142, 65.00005338606209], [-131.6115865627412, 64.9986673286926], [-131.7016024197209, 65.06013926760868], [-131.57290686043763, 65.08884589302983], [-131.75820648018794, 65.13347157996911], [-131.2226101243418, 65.08246419156036]]], [[[-134.64910565342868, 64.83697018578899], [-135.47689050812315, 64.79989889114285], [-135.89911977828976, 64.92123688463447], [-136.3154205860012, 64.90499078642713], [-136.32436432413087, 64.97824497147903], [-136.072784990126, 65.01593884499262], [-136.13313492085138, 65.05320049943771], [-136.10623983561777, 65.08046247718761], [-135.85281629985974, 65.09427964902699], [-135.7664119387269, 65.00124487236616], [-135.37570378797946, 64.94111046747771], [-135.00878271388942, 64.95743844226355], [-134.93657013128572, 64.93674043149441], [-134.9759576856586, 64.89574934823236], [-134.8560541399814, 64.85843135581267], [-134.58373404968899, 64.86855840899668], [-134.64910565342868, 64.83697018578899]]], [[[-130.95309698768258, 61.31719870146975], [-131.18163282332895, 61.249675458572966], [-131.18395011892963, 61.35814837297], [-131.34876619314647, 61.35094957485768], [-131.4030288744463, 61.38943423526797], [-131.3524564514692, 61.72473013485421], [-131.5701355122751, 61.973370750124325], [-131.2057371928193, 61.80400417905652], [-131.03896920247993, 61.66010374152048], [-130.9437714529336, 61.52857960236773], [-130.95309698768258, 61.31719870146975]]], [[[-131.46506713355205, 62.337998217594006], [-131.6665350721148, 62.346428836100095], [-131.36381259380823, 62.15885445750611], [-131.21471568193317, 62.12690324334574], [-130.99568307176773, 61.94996726588554], [-131.24380580685622, 62.021879349773634], [-131.7312215711388, 62.33262226918145], [-132.02650099782556, 62.33867149410563], [-132.28831906679747, 62.43278591049006], [-132.25734454174676, 62.353202714882386], [-132.09027967100198, 62.264669964365524], [-132.05640042077655, 62.194243873517955], [-132.11798674123511, 62.15712513169917], [-132.61238025317027, 62.3458069932101], [-132.55968475527936, 62.43701574698923], [-132.4746109652501, 62.47218143736575], [-132.58392569349417, 62.57631629127656], [-132.430017864182, 62.72292578153958], [-132.39198500233948, 62.94647972752659], [-132.3184082820122, 63.071355395824376], [-131.99907199769942, 62.90342705227047], [-131.8024635647095, 62.71837737413226], [-131.5103832719408, 62.59097757993581], [-131.66642923241244, 62.541064793655714], [-131.46506713355205, 62.337998217594006]]], [[[-128.57076185478815, 63.10455427151594], [-128.3664786378753, 63.1344010055613], [-128.233591926407, 63.055945963796326], [-128.0910261356827, 63.14539158927574], [-127.87996005475436, 63.10411124366175], [-127.80587680848691, 63.01391446891648], [-127.77647640984594, 63.12232692934681], [-127.55199798410152, 63.12002895779294], [-127.6095546142641, 63.25480505007829], [-127.49095515605228, 63.2801693294884], [-127.39873308532152, 63.18863441328398], [-127.38276902792137, 63.0714698149799], [-127.42595697790304, 62.92868352841389], [-127.54102805881766, 62.81562802821434], [-127.60928564629764, 62.79495183705841], [-127.49781457673264, 63.007012210738466], [-127.60856025154557, 63.04720617385018], [-127.68290289154046, 63.038315806481556], [-127.91813927725035, 62.78450507605728], [-128.04148047681056, 62.83434016034808], [-128.04183728142715, 62.88788556036841], [-128.18171956484892, 62.87349439472451], [-128.11103270793367, 62.90762808741106], [-128.28822759437122, 62.975021439054245], [-128.86566343939114, 63.05160896975036], [-128.76547862712044, 63.13606688112024], [-128.57076185478815, 63.10455427151594]]], [[[-127.57417237747579, 64.1286760595136], [-127.36135068768637, 63.98844280796805], [-127.2648352564776, 63.992844415339206], [-127.58136525895422, 64.23969309650485], [-127.23197922302957, 64.07231933043775], [-126.90725991795377, 63.67428251739872], [-126.77395409951957, 63.608419113416396], [-126.7616589331684, 63.57532001223723], [-126.89477161951625, 63.47189337778884], [-126.8541650047034, 63.42398634301527], [-126.7273063627254, 63.41442085095482], [-126.6448865069416, 63.45874167096426], [-126.58357527215223, 63.35556135896517], [-126.21801564171446, 63.37031726680329], [-125.89729685919136, 63.23045446363232], [-125.79263840308124, 63.068195375301755], [-125.88732269165062, 63.01113825922484], [-125.82740984181991, 62.87267211528282], [-125.63810654683942, 62.808601924564535], [-125.86109350841936, 62.60610950689517], [-125.78212669752587, 62.51251143512429], [-125.63273093761099, 62.45791622647346], [-125.75692052552301, 62.315210599598764], [-125.74348698600318, 62.147933313301195], [-125.57072397338014, 62.03676302130163], [-125.3734307440865, 62.0932140904977], [-125.27984932523411, 62.058451755296765], [-125.51406904574203, 62.01200017515838], [-125.5198720645481, 61.94210219083353], [-125.6542976828007, 61.90079720610854], [-125.62739810488226, 61.81682241193816], [-125.67699037572737, 61.806785358945234], [-125.7613415096248, 61.92921658834142], [-126.33779644531901, 62.164125152662706], [-126.61305282474136, 62.52746943610828], [-126.45893852895003, 62.62170486299297], [-126.19588225686235, 62.60553863607697], [-126.11954773225654, 62.65973146000973], [-126.09526588364402, 62.80881348853877], [-126.14655486233806, 62.87144247074112], [-126.27115782954945, 62.88507153865001], [-126.20862247334809, 62.948116733188066], [-126.28270435029069, 62.97150002506257], [-126.33014785649394, 63.116660159381006], [-126.47696381414116, 63.127647610361066], [-126.44957271291374, 63.07898335396549], [-126.57249387594575, 63.10477432167232], [-127.42706527087884, 63.634965208413874], [-127.55008621596538, 63.79142975086171], [-127.7435457399627, 63.860859080615036], [-127.95906310881429, 64.03366220487439], [-128.05275973085048, 64.03935795526982], [-128.053759162102, 64.20279766093802], [-127.7721713881497, 64.08510851555401], [-128.2787161324425, 64.41604411434261], [-129.27105991381535, 64.72351834755898], [-129.61421344295655, 64.8698319823511], [-128.1980071005545, 64.4472118966968], [-127.57417237747579, 64.1286760595136]]]]}}, {"type": "Feature", "properties": {"unit": "2.5 - 2.0 Ga miogeoclinal sediments", "category": "Belt-Purcell Supergroup", "color": "#fbf3b0", "appearance_age": 1470}, "geometry": {"type": "MultiPolygon", "coordinates": [[[[-108.26963414493446, 37.40143732712191], [-108.49256866263877, 37.43591241487069], [-108.52348500902953, 37.566614149316564], [-108.26963414493446, 37.40143732712191]]], [[[-107.36999012012976, 40.71320131801541], [-107.31153667988312, 40.66952913729431], [-107.70370113309838, 40.635983588060114], [-107.82729392153871, 40.64342196275411], [-107.83502886933677, 40.6797618544393], [-107.68338682894579, 40.72951956525843], [-107.36999012012976, 40.71320131801541]]], [[[-106.72637196411745, 41.15191124837461], [-106.96894018796809, 41.058229012644205], [-107.13848419934152, 41.05445396298758], [-107.16297735035444, 40.99907658360058], [-107.36695987345085, 40.8885479013682], [-107.41369863031015, 40.794668816023524], [-107.47381173596848, 40.85134593836591], [-107.63771375826491, 40.8589834835083], [-107.95781500457426, 40.809560480584366], [-108.21412302279683, 40.83624161164217], [-108.70416411419342, 40.74472201873252], [-108.56776181247326, 40.8232883735198], [-107.55341767828614, 41.09445900610756], [-106.72637196411745, 41.15191124837461]]], [[[-105.49719164191113, 41.48650900080041], [-106.07461407244122, 41.1605183124908], [-106.19478979753109, 41.21469377684226], [-106.44736522289767, 41.196987403421545], [-105.8338840234943, 41.43973251803901], [-105.25573639683552, 41.734551005813266], [-105.49719164191113, 41.48650900080041]]], [[[-81.2844810816949, 46.01096082844467], [-81.33712834549591, 45.96331076320751], [-81.54346148889012, 45.998074258072045], [-81.1845198785684, 46.11268646493276], [-81.2844810816949, 46.01096082844467]]], [[[-83.69575797839694, 46.54871263223198], [-84.06907041419295, 46.311049495951174], [-84.14751376953666, 46.313272163383], [-84.13186096783198, 46.49181687666891], [-83.9161978038177, 46.58456010372936], [-83.69575797839694, 46.54871263223198]]], [[[-84.44157045512475, 46.47948709661738], [-84.93320351200246, 46.47534453095045], [-85.01378323915173, 46.55562438409528], [-84.23306109106993, 46.50001238802668], [-84.44157045512475, 46.47948709661738]]]]}}, {"type": "Feature", "properties": {"unit": "1.3 - 1.0 Ga collisional orogens", "category": "Mesoproterozoic", "color": "#fda07a", "appearance_age": 1300}, "geometry": {"type": "MultiPolygon", "coordinates": [[[[-100.08370139078403, 31.080758249417713], [-99.3374146454687, 30.568632401505774], [-98.8968727449521, 30.40157247903084], [-98.41301821207115, 30.41117204940841], [-98.2878768553217, 30.35126064365825], [-98.37557522753015, 30.19766554518364], [-98.48696806083488, 30.24243469116248], [-98.46395388641893, 30.05793633706175], [-98.72077740375188, 30.171530616917778], [-98.46362297234121, 29.74338153115681], [-98.34587607905358, 29.701519747267625], [-98.1671183637052, 29.43976781073028], [-98.69680049281784, 29.485088007826413], [-100.0234835388094, 29.354922470036392], [-99.6895672572165, 29.538501901535778], [-99.60385598180623, 29.640506844515482], [-99.68866881037276, 29.830459147868755], [-99.86612705944897, 29.83075817480779], [-99.9411922281523, 29.71568769023575], [-100.14261514248459, 29.64378488016612], [-100.1729383680605, 29.495463255865392], [-100.12956661284471, 29.36957672633816], [-100.50363507117045, 29.53006168891542], [-100.79633451179718, 29.78471616743309], [-101.45113439884551, 29.993777843981935], [-101.44782674374083, 30.186072065316], [-101.64564055970759, 30.358592068964935], [-101.63949808379633, 30.46605744430383], [-101.58064843576503, 30.511085136918673], [-101.37946156211284, 30.352103362069393], [-100.78953165453052, 30.494740737168915], [-100.51633884544633, 30.229784392980832], [-100.31788709087473, 30.25472856384797], [-100.0542933704194, 30.094858512018238], [-99.8267824163573, 30.103596727819838], [-99.79108420553516, 30.155486344543288], [-99.84165821575749, 30.339007142512838], [-99.75608497542267, 30.42396786419113], [-99.80948702908186, 30.503622701931576], [-100.07749703961058, 30.511474424266606], [-100.22079122538729, 30.664913946999437], [-100.42682103580049, 30.715232117764916], [-100.51513903357076, 30.96795686582333], [-100.72615238441493, 30.892910703745187], [-100.88911950381708, 31.057633903014352], [-101.1044842033924, 31.172800648822072], [-100.52916805109604, 31.20001572502429], [-100.08370139078403, 31.080758249417713]], [[-99.41489139337578, 29.864527012025302], [-99.31455244929768, 29.858518403128567], [-99.28331038966212, 29.794806398250362], [-99.38169796043361, 29.76399007328666], [-99.44874659165373, 29.663898747332993], [-99.23864559005945, 29.556945424754872], [-98.83070824219627, 29.672780424083182], [-98.77262725958117, 29.76618713446817], [-98.88619788948861, 29.994654316263794], [-99.20575119857278, 30.121293880921126], [-99.3498169732689, 30.122086151533615], [-99.55792909971778, 30.015200783674953], [-99.41489139337578, 29.864527012025302]], [[-100.2332885422089, 30.097701779751677], [-100.24790746643234, 30.013867820183687], [-100.03197458749841, 29.852925957864596], [-100.04998035454037, 29.942255884790555], [-100.2332885422089, 30.097701779751677]], [[-101.1518384945195, 30.12509036059083], [-101.0653295537817, 30.059517551565836], [-100.83980348650921, 30.180868956539634], [-100.74620406155461, 30.138152099156372], [-100.76658341642928, 30.033050126867753], [-100.68636361862876, 29.911007967965467], [-100.61949941387016, 29.868053931906655], [-100.45360817659319, 29.869649232761226], [-100.45531030045119, 30.011471823828863], [-100.51502090258633, 30.098741403543485], [-100.77387917507302, 30.28994013508748], [-100.94566634193595, 30.27776130479344], [-101.1518384945195, 30.12509036059083]]], [[[-83.34763536444012, 35.31581511342454], [-83.36667473536323, 35.36675270451092], [-83.29524589525576, 35.43134831123708], [-83.41178028817006, 35.43886066169142], [-83.3894398406016, 35.48744298654683], [-83.21485299579992, 35.545276110964494], [-83.09739563879332, 35.69864301127981], [-83.11374378090879, 35.5473792519518], [-82.92124172724071, 35.729245390876784], [-82.97955671433779, 35.56589653108228], [-83.34763536444012, 35.31581511342454]]], [[[-81.50038591989387, 36.294925362468334], [-81.37847776985053, 36.27282401018819], [-81.34583014533513, 36.211170273515805], [-81.73370741462489, 36.19694503476462], [-81.8634147629837, 35.82312438304122], [-81.81675472047965, 35.78321075775263], [-82.02576188640083, 35.63934090987337], [-82.0671823413342, 35.62868388647291], [-81.82001676730297, 36.061101639532495], [-81.86897605023096, 36.20036353171003], [-81.97909078828044, 36.1900156081507], [-82.5263822536396, 35.909679600349385], [-82.5683072567512, 35.83670813050791], [-82.47334085776029, 35.86404027888878], [-82.68080812440361, 35.651492451013475], [-82.73194050704463, 35.65278273042796], [-82.76495987131703, 35.7339418038104], [-82.86004828148765, 35.74551663908663], [-82.46039883733171, 36.0864513724641], [-82.26688814140276, 36.11977299083571], [-82.04640153746833, 36.27060556579616], [-81.72859892246957, 36.367252023666786], [-81.62012052082409, 36.45206118258859], [-81.60014392630868, 36.5434898818289], [-81.42366533202463, 36.64283653997989], [-81.47060927170783, 36.675783663042196], [-81.4277821796197, 36.71667404495136], [-81.09409187803125, 36.8076161052926], [-80.75459115225213, 36.83665147559845], [-80.99153319542224, 36.64851545423271], [-81.48798997210359, 36.44033077741271], [-81.54142794758306, 36.349171431605534], [-81.50038591989387, 36.294925362468334]]], [[[-77.46253423086938, 39.2068492005515], [-77.5657191343916, 38.91311014631827], [-77.77407205710561, 38.67560200037396], [-77.87942593336186, 38.4618588230128], [-78.78280837575201, 37.59861328034275], [-79.28614657343915, 37.2659777232966], [-79.65846306421668, 37.09895880614545], [-80.01884841353463, 37.03813551321206], [-80.1311864289452, 37.059973830843845], [-79.67352086619594, 37.223661635767925], [-79.54088106040784, 37.3261144119529], [-79.38527822547465, 37.34788293854144], [-78.89173266417535, 37.66485265974775], [-78.60576805005262, 38.01230035402552], [-78.45284866253085, 38.07227656812077], [-78.28121179905364, 38.22210522422082], [-78.14069253655217, 38.47727333085087], [-77.72889043448886, 38.88528655885531], [-77.50772532093988, 39.20958863826691], [-77.46253423086938, 39.2068492005515]]], [[[-78.52443417862368, 40.182717974567005], [-78.78584167050948, 39.94731829413605], [-79.05317074806129, 39.79736114756158], [-79.0554800173309, 39.894023085859224], [-79.19368807349372, 39.98815352600905], [-78.67852668598262, 40.53359232981105], [-78.72553010152369, 40.29410184644749], [-78.66298478144039, 40.21732480511562], [-78.52443417862368, 40.182717974567005]]], [[[-79.15041452534047, 41.19911436784119], [-78.94436489960293, 41.176357646538534], [-79.32551397792403, 40.99823578882607], [-79.18568747403441, 41.23675124837266], [-79.15041452534047, 41.19911436784119]]], [[[-56.073148175969884, 49.776304797609235], [-56.40842474195777, 49.54128982079315], [-56.42199350025288, 49.495065735815714], [-56.251960930335976, 49.61178871181049], [-56.21196325072013, 49.50241546619766], [-56.26526491422309, 49.41081321131282], [-56.15700544790487, 49.400365442592104], [-56.14675808376858, 49.3620397858489], [-56.36866898196505, 49.190688877752514], [-56.61234310472331, 48.853703169998845], [-57.54108810776644, 48.29625609143857], [-57.94817994404063, 47.97107704077545], [-58.47422364056943, 47.89444175773126], [-58.32411229496398, 48.13543232081957], [-57.82830462776489, 48.64741631321498], [-57.621335991230296, 49.02697163020225], [-56.77116399788256, 49.98580517065655], [-56.72794930543738, 49.97490730584534], [-56.82410560793853, 49.81680244403728], [-56.92775596341798, 49.73610676286114], [-56.861174584114394, 49.650286502516956], [-56.91120903314394, 49.50745609386851], [-56.69362464828629, 49.77276754113032], [-56.54401666178336, 49.84278087120561], [-56.52513656001259, 49.937139340010106], [-56.397323308368954, 50.076344655898296], [-56.413756899843335, 49.85581380394012], [-56.347837944057545, 49.93175366178372], [-56.29831557356617, 49.90695619633214], [-56.26673269239137, 49.942969453056065], [-56.13462368661324, 49.83576308317705], [-55.96762766118379, 49.861408336377366], [-56.073148175969884, 49.776304797609235]]], [[[-75.84579448943485, 47.52083731926139], [-75.44224692077022, 47.525282082764015], [-75.27003429222853, 47.42724799839049], [-75.39211351371831, 47.295896225717804], [-75.55024406901728, 46.83099555863845], [-75.3997335278902, 46.738549817895745], [-75.39971111611997, 46.629743835518944], [-75.5484541507188, 46.36295398662609], [-75.61879028454983, 46.31376895950733], [-76.00123491498815, 46.27824421038015], [-76.04490331719967, 46.39475320637919], [-75.84287121849515, 46.83045957397223], [-75.6022518857848, 47.208815755786155], [-75.56947292364775, 47.37368578132989], [-75.63240420593398, 47.40133749752956], [-76.10473534351428, 47.2324654986448], [-76.07702445651417, 47.149147269513556], [-76.2128087252597, 47.1332041847315], [-76.39213320987723, 47.21858473466338], [-76.63813036474302, 47.512449787243575], [-76.3833475790781, 47.642601406987616], [-76.04357808933092, 47.67044925668248], [-75.84549456846936, 47.626259509291785], [-75.84579448943485, 47.52083731926139]]], [[[-73.68829292615757, 47.24407280753366], [-73.68116187044318, 47.065863867498116], [-73.86245031084076, 47.17300097078604], [-74.05696595636805, 47.213640570905895], [-74.55979697278077, 47.218029516318296], [-74.65176835633697, 47.396874006416674], [-74.1083909472427, 47.45420043715849], [-73.73819068359522, 47.319012566857914], [-73.68829292615757, 47.24407280753366]]], [[[-73.72916228485734, 45.07242226971077], [-73.58121676346626, 45.204351666356374], [-73.35432365562748, 45.177043216118236], [-73.31343977394036, 45.13460597513155], [-73.50115233518828, 45.02346811113418], [-73.72916228485734, 45.07242226971077]]], [[[-77.15120873046872, 42.6249843359841], [-77.28419727941417, 42.685792265333525], [-77.33742869353763, 42.76657373747965], [-77.05467097641473, 42.72154215591549], [-76.97656987389269, 42.7992955170201], [-76.8223921833185, 42.80502228441956], [-76.71158729259601, 42.70546127515784], [-76.49136054166074, 43.02496101170561], [-76.45400654667674, 42.97988408733184], [-76.47717801392734, 42.8372547491568], [-76.31927310098239, 43.03784975484228], [-76.09303235622451, 43.123968060742556], [-75.96253689457255, 43.112394585727095], [-75.75981320043121, 42.99494428982496], [-75.74735113835746, 43.1321206021683], [-75.89034823278269, 43.20903080063862], [-75.8759966060127, 43.236933579497006], [-75.44002086462018, 43.311223873503465], [-75.35697796381511, 43.405041931017244], [-75.05552323058475, 43.459808799922286], [-74.6925525092809, 43.674396528700804], [-74.39213161040371, 43.727373298291695], [-74.47903142635393, 43.52413589616667], [-74.29694295876995, 43.636214112969185], [-74.22530709139497, 43.768981087807695], [-74.08823127316528, 43.79220903460253], [-74.28010571380057, 43.85439713866628], [-74.10007301740204, 43.859456304378305], [-73.7495730849196, 43.75191241904323], [-73.63743897014169, 43.78454776571174], [-73.77498646017628, 43.86938206520513], [-73.57269300308607, 43.932307739002134], [-73.59285832591166, 44.150152045877036], [-73.35065243791931, 44.20273571432603], [-73.36114154939725, 44.32068447696718], [-73.26505184964898, 44.47240611265296], [-73.13264709108928, 44.436848417008605], [-73.04720894616494, 44.49918164814101], [-72.96200081289767, 44.82783148441656], [-73.09089585168412, 45.04698486630647], [-72.94661810061486, 45.26507952429383], [-72.97612109527778, 45.33741696212874], [-73.07355612925171, 45.38589085455739], [-73.31122318033448, 45.30099354596194], [-73.70401785185112, 45.381680887487406], [-73.87457276701265, 45.2728373808709], [-73.8553153121392, 45.10931929956228], [-73.93631656614869, 45.152771317356475], [-74.01727243437617, 45.30983901755009], [-73.99688700512854, 45.385246723844034], [-73.87802676349324, 45.47375147852404], [-73.95471319402573, 45.54951126922442], [-73.86813836856791, 45.66170504850705], [-73.9059511776573, 45.725993679691825], [-73.85671359092103, 45.829762201097246], [-73.96167411192818, 46.07372128873971], [-73.95156793929193, 46.21087150129122], [-74.19605967964706, 46.30984930975824], [-74.16762360918923, 46.21443723978355], [-74.22013138927062, 46.12100260579898], [-74.34012506542304, 46.1578699332155], [-74.33588701759723, 46.30235359142831], [-74.39174763291672, 46.304001285327644], [-74.4932826180349, 46.196626788747785], [-74.57051493610979, 46.30354916873951], [-74.64157955353946, 46.31457242484311], [-74.6714318604116, 46.14476695851645], [-74.86744710052247, 46.0204637600251], [-74.97023510931925, 45.80930639069776], [-75.01522891326327, 45.55220317706178], [-74.95416348901436, 45.31744037966355], [-74.7529997264211, 45.189160486482], [-74.69728479753047, 45.26302814208719], [-74.76053689155631, 45.47912873378045], [-74.52524796314368, 45.391375832361994], [-74.37981930749174, 45.4794728169931], [-74.34320665631164, 45.44294812910414], [-74.40122579995065, 45.293356143274124], [-74.34097194419996, 45.16895994177335], [-74.40699068983032, 45.012872307413645], [-74.46365948302723, 45.03477310569374], [-74.47595770618709, 45.09780656378127], [-74.58755005254666, 45.10895912220489], [-74.76416737785094, 45.019392382714216], [-74.8398928060239, 44.88597223656886], [-74.75711352817845, 44.85415740690367], [-74.66678022893859, 44.916567273910374], [-74.49082566903833, 44.93772392581304], [-74.39594609566426, 44.90147723405834], [-74.36519896017799, 44.80400599839373], [-73.92162113084593, 44.82026636961593], [-73.71134429671349, 44.7569391064851], [-73.43117543920889, 44.84234654063769], [-73.50792466516991, 44.70726929838886], [-73.66497077365631, 44.64085801756708], [-73.44832914564114, 44.48635163290395], [-73.48743490960804, 44.29344108301811], [-73.5418347516738, 44.27603978648236], [-73.67666884469516, 44.46475734274338], [-73.85258051070113, 44.46485952560355], [-73.9891095687162, 44.60186794234982], [-74.07240435465737, 44.62431404289187], [-74.17186154600492, 44.59164395646642], [-74.13316850055052, 44.45708637637974], [-74.38649832035514, 44.39643139793563], [-74.44409320632927, 44.21085704301551], [-74.56065104783046, 44.166469487002466], [-74.32463345612524, 44.14388596821287], [-74.2916530759084, 44.10390655023258], [-74.61044732330006, 44.1329124301039], [-74.65970631227675, 44.188006360460776], [-74.98744347158058, 44.132148611457794], [-75.08731925981678, 44.16168085748548], [-75.16222163158704, 44.31095075710205], [-75.28723044696275, 44.18715381539977], [-75.60289574800768, 44.02570905523967], [-76.12400490764735, 43.548031993622885], [-75.91953315767846, 43.58476460987081], [-75.62563740514557, 43.73457765464609], [-75.3944158710419, 43.7652475451384], [-75.393202695987, 43.70681032984456], [-75.2985639692046, 43.71185989163191], [-75.02863936546666, 43.9311232025481], [-74.74359115202633, 44.07754471950431], [-74.37515069309912, 44.05975458259437], [-74.27019163899298, 44.098651292741856], [-74.04806786693554, 43.99834036635723], [-74.04584811054872, 43.95448866306598], [-74.66651950463498, 43.96519660203034], [-74.94060858529625, 43.83291427825011], [-75.23164159968422, 43.57414272039736], [-74.69019803240792, 43.885738727083954], [-74.4357728438319, 43.90560409434284], [-74.78149067700653, 43.770084347253636], [-74.45771072200547, 43.781028666558335], [-74.87950217735008, 43.65815321180925], [-75.36146010512115, 43.425538898844756], [-75.79965484887938, 43.36763624076517], [-76.00250811579456, 43.43064346096781], [-76.42375557139052, 43.27923454429852], [-76.74003476566557, 43.00307998508197], [-76.89907333834368, 43.00983239286629], [-76.93657361897921, 43.0567082529152], [-76.97004977108823, 43.27275653441841], [-76.78373023860208, 43.30674859083443], [-76.39812129970673, 43.532287690167294], [-76.21241723482487, 43.569951807203125], [-76.1668806788812, 43.709842805522065], [-76.247100204963, 43.87047528922394], [-76.08073342857308, 43.933009673390416], [-75.89741815415255, 44.23970175617339], [-76.03241685457796, 44.242952022498095], [-76.08399263690568, 44.30443644382151], [-75.94356236683119, 44.33897706240503], [-75.78644724530663, 44.455812238163766], [-75.73538732117109, 44.441930025831766], [-75.73279547609287, 44.39217363369426], [-75.65651380956655, 44.39126850513059], [-75.09518927784728, 44.621683173753894], [-74.86878464551798, 44.579316909235864], [-74.81104303920182, 44.75125676284677], [-74.8671578086997, 44.75697987674733], [-74.95496333167596, 44.655694095431706], [-75.06344966548977, 44.719769442853675], [-74.88030006456827, 44.99791351953264], [-74.93653381580712, 45.237211682528184], [-75.19495570249173, 44.92498052767061], [-75.26246737598365, 44.76078809621239], [-75.4285468781899, 44.73466861821441], [-75.57790486100777, 44.56902939729753], [-75.61472094263326, 44.57473414104233], [-75.60159775737446, 44.65889596145954], [-75.32202190426992, 44.915454089698805], [-75.25854773296484, 45.04578732473546], [-75.43144500699637, 44.94466237105907], [-75.58951550497551, 44.945916429079624], [-75.67297343576419, 44.8736439413423], [-75.64274095193299, 44.62132688355787], [-75.72424992035776, 44.492367761201116], [-75.78820715676754, 44.525589805976054], [-75.75497352364958, 44.6601774917897], [-75.79710290513319, 44.67103457752267], [-75.9980522033984, 44.409255624986656], [-76.16590102463279, 44.47475756044021], [-76.24542881797271, 44.38117753710255], [-76.79621688628347, 44.197347157784], [-76.82069903419959, 44.15175900463459], [-76.53937587937398, 44.21934881495569], [-76.90180869809632, 44.04376835693244], [-76.93235183367858, 43.96929896810563], [-76.89608060239848, 43.92104920776657], [-76.95940037746398, 43.88694645652256], [-77.16735217347603, 43.869173805614956], [-77.18397268643696, 43.92507476948352], [-77.25075274751178, 43.93520443430249], [-76.8501922044308, 44.33383430251396], [-76.77833404051557, 44.50012424161255], [-76.63921118078618, 44.44324866810327], [-76.50498486329857, 44.548009233511166], [-76.4849533286756, 44.638774352745], [-76.53006315440089, 44.726354796585376], [-76.33577069566131, 44.996321430564436], [-76.29897547446261, 45.10360510377852], [-76.31380823020457, 45.41716227048323], [-76.22307549989945, 45.56322604598245], [-75.80389036559095, 45.805665233571084], [-75.63678201700407, 46.03187498256688], [-75.25807631698605, 46.292670245684214], [-75.06762492910622, 46.206488041117204], [-74.91458176342292, 46.52886573466963], [-74.40738072852166, 47.01043476165859], [-74.073307777977, 47.00967712861902], [-73.88198355432819, 46.95924215715634], [-73.7358446827175, 46.89412274724558], [-73.48344833692963, 46.66042251236337], [-72.94286427803651, 46.79277408035459], [-72.38476023840813, 46.64441233516155], [-71.65947495183954, 46.89949211148496], [-71.38107033658645, 46.81174492645396], [-70.56227739959095, 47.12399509169428], [-69.73630773508121, 47.777671147376644], [-69.51956118529363, 48.01417339685769], [-69.0784900560659, 48.315826384183694], [-68.65040148768126, 48.52336784741443], [-67.50662373305836, 48.89213462164078], [-67.08689523776646, 49.07314506314077], [-66.35720865628952, 49.171866403436745], [-65.1810709628882, 49.2081939001356], [-64.48104186217394, 49.0725710922994], [-64.2735421837846, 48.87697757725131], [-64.29535035944603, 48.84006427656735], [-64.42903602546683, 48.87396876231789], [-64.45775287428752, 48.84203561769716], [-64.28805993000334, 48.68279385774719], [-64.38827047146974, 48.6148640909086], [-64.32623242856562, 48.559790454601256], [-64.48038732830264, 48.49167766627069], [-64.86674088962339, 48.41249534073745], [-65.19171582417448, 48.59501970295222], [-65.62531352103814, 48.594554273324995], [-66.20784372128612, 48.503224359701875], [-67.30781984797213, 48.17103252111874], [-67.80023763253905, 47.94624680596788], [-68.23265241144249, 47.672515873580366], [-68.46276261146936, 47.46294128143693], [-68.71211412751225, 47.126819345794516], [-69.06394906660411, 46.93443610215435], [-69.24014807420005, 46.76469083252095], [-69.52261557174462, 46.268577698033084], [-69.57640834668763, 46.01017381891829], [-69.64277649091896, 45.93016521810281], [-70.09652076893543, 45.613789571212045], [-70.52324898048005, 45.46300688352494], [-70.80457536605977, 45.448922857097344], [-71.00190065350367, 45.565916699794705], [-71.50159908367468, 44.90643101659206], [-72.1533103166917, 44.37852552617669], [-72.32738437297776, 44.11484414648807], [-72.43684400497304, 43.38241404296281], [-72.59099340562437, 42.892700619469956], [-72.74605322408846, 42.76468920174477], [-73.24733761249526, 42.55989762332407], [-73.1981317976144, 42.697539357049294], [-73.2382980038945, 42.84695436228958], [-73.13853409398631, 42.98199412258916], [-73.16583418350027, 43.03238609212428], [-73.33819838906886, 42.890120725239825], [-73.46168679015578, 42.904631948247875], [-73.57130870562999, 42.81217808908332], [-73.62705976687168, 42.86348448909566], [-73.82458860680401, 42.82697785560674], [-74.11976339058243, 42.7030601468892], [-74.34352266810274, 42.53569730773969], [-74.31159530967116, 42.50259023479741], [-74.34334752160572, 42.462372611965456], [-74.75796240713106, 42.22474803764358], [-75.01255496225863, 42.25453136818926], [-75.00114148829587, 42.31015272431685], [-75.05985582566973, 42.35222436466128], [-75.295143495569, 42.183982680999804], [-75.12734741855901, 42.16765724108665], [-75.22272035225485, 42.04930950244173], [-75.54669365167774, 41.863683458488694], [-75.64351629158949, 41.75728056135069], [-75.65026189686986, 41.67744051993636], [-75.92883555663433, 41.58234577968611], [-76.00558948270947, 41.63017986122243], [-76.06418218330981, 41.770880024066955], [-75.97234825875165, 41.86459719765685], [-75.99364817530116, 41.96114392057407], [-75.74197373029988, 41.9507464700843], [-75.57042537629258, 42.16392312818684], [-75.68121124664779, 42.35419202564519], [-75.39396229047767, 42.39692141164197], [-75.33201637148044, 42.460992761900975], [-75.6371605117198, 42.53434624892557], [-75.72018524632763, 42.614036996771084], [-75.8206214674467, 42.56206571168582], [-75.89963436648792, 42.758844541659855], [-76.06625827144072, 42.72263247957446], [-76.16352839170104, 42.77777729767228], [-76.28880804293281, 42.776797580296495], [-76.31548388435506, 42.86103119270147], [-76.36701450015366, 42.86735946174399], [-76.58878185965864, 42.76516950684737], [-76.57671999273184, 42.7065894950048], [-76.45209581919481, 42.65586127666285], [-76.25622021285793, 42.661432079442925], [-76.17019944501976, 42.570349202826], [-75.97290668962417, 42.52654671963142], [-75.96651584144809, 42.4803787086826], [-76.20379627458011, 42.1901369416374], [-76.60797935341857, 41.96675583132926], [-76.84847022956798, 41.92036874801383], [-77.07732695880976, 42.03970785321319], [-76.93635716073102, 42.21220056186578], [-76.99834567888703, 42.33343478002398], [-77.18335652299986, 42.49306236743453], [-77.18567962266332, 42.556941563015066], [-77.06374519850294, 42.61573661614943], [-77.15120873046872, 42.6249843359841]], [[-75.27317991186217, 44.33287311597366], [-75.68008780500854, 44.16588209366159], [-75.6835928330611, 44.26267325710586], [-75.77828411211945, 44.150952157371876], [-75.61493309132773, 44.11186518427641], [-75.27317991186217, 44.33287311597366]], [[-74.35460478866386, 44.61648999163299], [-74.90602750710758, 44.4240928214272], [-75.00966193410223, 44.341953073432705], [-75.00866103809668, 44.23943773849086], [-74.86412516467887, 44.37082054928824], [-74.53390341483428, 44.4526717907191], [-74.35460478866386, 44.61648999163299]], [[-73.44277450973843, 43.84672129667475], [-73.48894672593629, 43.78550634151472], [-73.35013138143717, 43.785352115062196], [-73.34578052627255, 43.84921064243818], [-73.44277450973843, 43.84672129667475]], [[-73.65742834224287, 43.51978160342502], [-73.7533882257867, 43.587198221918065], [-73.76361997542142, 43.68371722314488], [-73.89218487659446, 43.69864016099934], [-73.82287340217444, 43.520470901570754], [-73.69953264931512, 43.48549580026832], [-73.65742834224287, 43.51978160342502]], [[-74.17762559718597, 43.52004656491183], [-73.98491942006117, 43.601680267731346], [-73.95998746223538, 43.70521871086331], [-74.15129502608016, 43.6243751697468], [-74.17762559718597, 43.52004656491183]], [[-73.92357689502441, 43.521765690199096], [-74.15506901116724, 43.44860134556521], [-74.74349824839759, 43.448850082277154], [-74.99561486933415, 43.3774077010673], [-74.1875898600754, 43.34025235785418], [-74.0191324107685, 43.38417419278559], [-73.79873648832724, 43.33451269585223], [-73.59050524493082, 43.41702333501307], [-73.95365262803188, 43.47658674979662], [-73.92357689502441, 43.521765690199096]], [[-72.79397079829998, 43.15320136525206], [-73.04095414659824, 42.99013718694209], [-73.06706934614886, 42.91737022238236], [-72.99494746143938, 42.750693591942785], [-72.82304667778575, 43.01974493546616], [-72.79397079829998, 43.15320136525206]], [[-72.68005688086289, 42.858444280676], [-72.75845780213365, 42.967122062479476], [-72.82131442078246, 42.80053381663262], [-72.72959652884397, 42.80983845969942], [-72.68005688086289, 42.858444280676]], [[-74.60168280776229, 43.042137451208134], [-74.76872439083176, 43.077268701412386], [-74.85457681371524, 43.1801251878308], [-74.95518543381243, 43.211560406942084], [-75.00361954247946, 43.11793452609978], [-74.88257931419157, 43.00809521262668], [-74.93174202632179, 42.915856530493016], [-75.02905527203376, 42.93637730611144], [-75.07571188256443, 43.049915618136126], [-75.13309059278495, 43.07553681457462], [-75.1523397432033, 42.96728949564941], [-75.27106697599017, 42.80288800097002], [-75.46940257922678, 42.723533056908856], [-75.52109377686045, 42.63611751886774], [-75.23044112106548, 42.58504497571659], [-75.17538927064605, 42.793040340874356], [-74.89540371256946, 42.75118612570721], [-74.85228826459146, 42.86485481088168], [-74.7574867971805, 42.93287875598524], [-74.56353666221054, 42.86344121204175], [-74.43116504839416, 42.706906689410445], [-74.35055871528168, 42.68421611709791], [-74.28333149722016, 42.733812739911116], [-74.39580191646525, 42.80771406055276], [-74.35428635116502, 42.904833350950334], [-74.38890088758124, 43.07610274475767], [-74.22604484142671, 43.042416173404035], [-74.01568856478795, 43.134182900003985], [-74.19323317261605, 43.19638119058111], [-74.4380778830028, 43.16718259333175], [-74.53714607628044, 43.12946586753081], [-74.60168280776229, 43.042137451208134]], [[-74.8812043100852, 43.30365949433792], [-75.13013011402424, 43.321625794417166], [-75.24492229483167, 43.236540302684034], [-75.20637355151871, 43.21980539096295], [-74.8812043100852, 43.30365949433792]], [[-75.56868001851088, 43.218131777914984], [-75.61598790594226, 43.22889158866723], [-75.6994397022968, 42.95873087947985], [-75.53608575574364, 42.83129716807329], [-75.38691707363593, 42.91542283467956], [-75.15993602087428, 43.17554358223078], [-75.4761915550393, 43.116647836065034], [-75.54622157673394, 43.138214003251576], [-75.56868001851088, 43.218131777914984]], [[-75.41632521907549, 45.102306020115016], [-75.28143265597836, 45.18539768290498], [-75.17171126411618, 45.34811621620325], [-75.16318806302291, 45.48462834216218], [-75.33202547139786, 45.35564577649305], [-75.46838702051633, 45.11693623854219], [-75.41632521907549, 45.102306020115016]], [[-75.78394460881566, 44.967204225070184], [-75.70686818346374, 45.050437449653195], [-75.85251793614404, 45.033665177059], [-75.90839472911381, 44.9804617467532], [-76.01016243000784, 44.993859230484624], [-76.10648976221304, 44.92543359216634], [-76.03869741445448, 44.85667317134248], [-75.95694320263686, 44.862542696991596], [-75.78394460881566, 44.967204225070184]], [[-75.81811203342005, 44.75086802110948], [-75.81328589381013, 44.816843329362925], [-75.87646367989493, 44.82302016287581], [-76.00887624989647, 44.689089409745925], [-75.89633577829713, 44.67594504442338], [-75.81811203342005, 44.75086802110948]], [[-76.248228393821, 44.66987315810782], [-76.36861964306162, 44.76074087051656], [-76.41102773093294, 44.71910280248295], [-76.33700465091115, 44.55542267950946], [-76.38558412420512, 44.468293570380645], [-76.80678033187368, 44.33748969408251], [-76.48445671123967, 44.34127727321813], [-76.08291179473899, 44.53671224605829], [-76.10234462029894, 44.60402543821062], [-76.248228393821, 44.66987315810782]]], [[[-79.1867174779878, 43.66323208585692], [-79.26525345801521, 43.68282582487393], [-79.30901523428271, 43.839141869627944], [-79.223560511734, 44.18338320807381], [-79.0017100302263, 44.597705500629274], [-78.78924503968469, 44.82245249978711], [-78.58345737271219, 45.13880930897516], [-78.38449258903803, 45.23116363759848], [-77.75285927032701, 45.21099240940056], [-77.41171914812851, 45.37876762962566], [-77.18608617932165, 45.43522259913647], [-77.03032155071372, 45.6371068670515], [-76.86300360990472, 45.6996843903687], [-76.86303584993114, 45.75775334264072], [-76.95665986457355, 45.82835707019973], [-76.89354920583295, 45.923539115642384], [-76.83485619476899, 46.217189901017456], [-76.26030902765444, 45.97895712460557], [-76.62098197870671, 45.686492122267836], [-76.77867083457089, 45.43177274875221], [-77.83317313337581, 44.97176193211762], [-78.2083568738212, 44.97213460595112], [-78.56986905742184, 44.734435404296434], [-78.82279715105449, 44.481769425676696], [-78.98835241751436, 44.201071396715655], [-79.1867174779878, 43.66323208585692]]], [[[-77.99274800489967, 41.61692976194768], [-78.25355504613255, 41.3907103053223], [-78.64372819357312, 41.22880225487034], [-78.68738638865905, 41.26960089275144], [-78.70937617428652, 41.3544465507471], [-78.66011248843165, 41.55071361616727], [-78.48071178203502, 41.828242639966284], [-78.47701798828784, 42.02240206546469], [-78.53952030479373, 42.138691049851296], [-77.9661676047657, 43.04850060715716], [-77.88635680897089, 42.91834170305988], [-77.94392046080775, 42.74219709301587], [-77.91653467413323, 42.698088293031496], [-77.74305472340187, 42.711210159063924], [-77.64213529353867, 42.5276234068262], [-77.50829092153285, 42.619331340698594], [-77.44705471644372, 42.53701175444555], [-77.52264025746133, 42.42591408629357], [-77.76438449998628, 42.39361765710401], [-77.53309247417425, 42.277743670675], [-77.68423377802371, 42.11387705579843], [-77.92443220285152, 42.0039083458773], [-77.97637536955908, 41.89277164038923], [-77.9051206631231, 41.83740837726857], [-77.45569951822122, 41.83714980041344], [-77.49951425287315, 41.75441094927081], [-77.99274800489967, 41.61692976194768]]], [[[-77.52800519591541, 43.24277784225015], [-77.09722138992784, 43.28776774832337], [-77.0509986930835, 43.165667092738815], [-77.31094384623896, 43.19187633402043], [-77.35859422564077, 43.13780384890955], [-77.1433737680985, 43.08573267406027], [-77.05886298230803, 42.96382071469115], [-77.30884776006052, 42.94905181899446], [-77.62479463976757, 43.04213686226608], [-77.66144978481164, 43.13772713999048], [-77.52800519591541, 43.24277784225015]]]]}}, {"type": "Feature", "properties": {"unit": "Eastern rift basins", "category": "Neoprot\u2013Cambrian rift", "color": "#fed8b1", "appearance_age": 780}, "geometry": {"type": "MultiPolygon", "coordinates": [[[[-96.23279067296792, 33.41712220689076], [-96.69642168338248, 33.6371816028575], [-97.50105057870553, 33.8140214231569], [-99.05436990141325, 34.43956502771353], [-99.93958113345509, 34.98383317206521], [-100.29911342080065, 35.10853518561253], [-100.20724625446233, 35.369556326096365], [-100.55124901628602, 35.682368332614956], [-100.5478644319033, 36.004038774101836], [-100.14046459806139, 36.213463570559746], [-98.86433614248581, 35.929721325441136], [-98.35274291048184, 35.62899438510147], [-97.83016679775764, 35.08027226396728], [-97.13836793815801, 34.595712478403954], [-97.05711515549633, 34.37627463742505], [-96.45060822907276, 34.10400707047249], [-95.94194631355813, 34.01647164014385], [-96.23279067296792, 33.41712220689076]]], [[[-81.84726583266344, 36.17858872956292], [-81.97474312446205, 36.147016011717895], [-82.34015598607388, 35.91746935687435], [-82.5683072567512, 35.83670813050791], [-82.46660698153889, 35.94892568368792], [-81.97909078828044, 36.1900156081507], [-81.84726583266344, 36.17858872956292]]], [[[-87.67764164379675, 37.58111561784282], [-87.48229405112365, 37.50833824915736], [-86.52498557679006, 37.451581806708255], [-86.42495092085112, 37.39140937912987], [-86.45318187299206, 37.031387789686896], [-87.70370322534474, 36.935714710343355], [-88.14577444754778, 36.77959052716745], [-89.28717642881516, 35.84407192939912], [-90.31150755534958, 35.22181168480767], [-90.75478270895695, 34.891208459140714], [-91.26352749821973, 34.41475300847389], [-91.7059006915747, 33.81451708544233], [-92.62021629090513, 34.15348133879914], [-92.13415756909401, 34.658773922017275], [-90.96541011631078, 35.62368819628778], [-90.46794944029519, 35.8852054036607], [-89.46156598336687, 36.55164376355588], [-89.05116049325277, 37.102185901475245], [-88.51574856831547, 37.570426512401895], [-87.95770197270792, 38.39862157753333], [-87.86153979909452, 38.453870387544235], [-87.50871974158088, 38.46369727949623], [-87.64713536874349, 38.318313712420796], [-87.63327659190274, 38.07048260309399], [-87.78397872917988, 37.62054853542591], [-87.67764164379675, 37.58111561784282]]], [[[-61.306613037279924, 52.77167818927037], [-61.454541156099815, 52.51962448313329], [-61.448372208877494, 52.65748783923195], [-61.306613037279924, 52.77167818927037]]], [[[-61.383188031120845, 52.824833381643515], [-61.575107081752215, 52.798723167895155], [-61.743511228403584, 52.711153012019274], [-61.74914495589791, 52.52039829797544], [-61.81107505765207, 52.44621094091683], [-61.89458881909493, 52.730257426485224], [-62.021451930024426, 52.836908494545675], [-62.36047808968554, 52.59419139909724], [-62.5783131810656, 52.57552688936157], [-62.09982966246982, 52.86279633424022], [-61.76513013352156, 52.99733398687531], [-61.383188031120845, 52.824833381643515]]], [[[-77.81971383078418, 41.04126728152948], [-78.26179701074577, 40.82982587976049], [-78.67852668598262, 40.53359232981105], [-79.19368807349372, 39.98815352600905], [-81.08299523319141, 38.696766244736864], [-81.51615397897729, 38.03311423495099], [-82.01604388284696, 37.54917103549675], [-84.59988252927907, 37.03342583510368], [-85.73643559968768, 36.50025436152674], [-85.99451515234401, 37.349328226641354], [-84.34915961578919, 37.81279941420447], [-83.37924154724034, 38.00714255211871], [-82.43100661170008, 38.29625811361169], [-82.151170445729, 38.48259057961072], [-81.41476007491688, 39.18328506316154], [-80.30170846044072, 40.05010328719559], [-79.97780202416907, 40.23687353076408], [-79.49458192860638, 40.69555033901642], [-78.98048675878584, 41.07772922928454], [-77.56438569621918, 41.64000964685999], [-77.07339978698008, 41.75571160936038], [-76.93488653535852, 41.378073011196655], [-77.81971383078418, 41.04126728152948]]]]}}, {"type": "Feature", "properties": {"unit": "2.0 - 1.8 Ga juvenile orogens", "category": "Paleoproterozoic", "color": "#f4a6c0", "appearance_age": 2000}, "geometry": {"type": "MultiPolygon", "coordinates": [[[[-122.79353740845389, 67.48133824639756], [-121.32683944031062, 67.48828367896307], [-120.14283697151392, 67.60283599166534], [-119.27517455500798, 67.577906931876], [-118.63280460827927, 67.4688950140756], [-118.00242561037427, 67.29065329757266], [-117.66165524067628, 66.9674098409748], [-117.5272097304695, 66.69364215811503], [-118.03297707168335, 66.56310521117025], [-118.41616039905036, 66.36194225485086], [-118.94034539261247, 66.28684063899229], [-119.9521680604619, 66.35297818202886], [-120.20979932135644, 66.40262190468138], [-120.35032736941953, 66.50266387236707], [-119.0763727451847, 66.87176938749937], [-119.17413009902536, 66.95337296404279], [-119.44925957450474, 66.95815194835637], [-119.81515016071135, 67.0621740582295], [-120.45689649879115, 66.96755167642448], [-121.96978981072505, 66.63744067393745], [-123.06540103196136, 66.51160995322863], [-123.81089875732816, 66.33745044663175], [-124.15197691541955, 66.335628774305], [-124.44661337786933, 66.45835363903576], [-125.33087068001811, 66.40395506866223], [-126.3669291152105, 66.51524785679473], [-126.35935201573106, 66.6436717105438], [-126.2254001074652, 66.77421263770813], [-125.61360273022278, 67.00785135321813], [-123.42219864617009, 67.38694580094624], [-123.12335090925973, 67.50801836144241], [-122.79353740845389, 67.48133824639756]]], [[[-44.159382108780974, 79.3521391397327], [-53.33650597627867, 79.11007010218722], [-60.030408091394655, 78.6944854557662], [-64.13312229098187, 78.32895923277572], [-67.6977087482077, 77.90073796573091], [-68.49868881949709, 77.84526465887937], [-68.70113433202081, 77.73917437751851], [-68.72822265625, 77.58056640625001], [-69.199658203125, 77.462939453125], [-69.9767578125, 77.54765625], [-70.1181640625, 77.58349609375001], [-70.1263671875, 77.63779296875002], [-70.5619140625, 77.71718749999998], [-70.08149414062498, 77.83139648437499], [-70.114453125, 77.841357421875], [-70.72871093749998, 77.79272460937501], [-71.27163085937498, 77.813134765625], [-72.15854492187498, 77.95693359375001], [-72.81806640624998, 78.1943359375], [-72.581298828125, 78.2791015625], [-72.714794921875, 78.36230468750001], [-72.472509765625, 78.48203125], [-71.65131835937498, 78.62314453124999], [-70.90576171874999, 78.63847656249999], [-69.97353515624998, 78.77768554687502], [-68.99345703124999, 78.85742187499999], [-68.92392578124999, 78.88193359375], [-69.030517578125, 78.94287109374997], [-68.37705078124999, 79.037841796875], [-67.35454101562499, 79.12333984374999], [-66.075341796875, 79.118212890625], [-65.82553710937499, 79.17373046875], [-65.28779296875, 79.4373046875], [-64.79228515625, 80.00063476562497], [-64.17915039062501, 80.09926757812497], [-64.43994140625001, 80.14184570312501], [-65.81044921875, 80.02407226562498], [-66.84365234375, 80.07622070312499], [-67.14130859375, 80.166455078125], [-67.20146484374999, 80.22216796874999], [-67.19316406249997, 80.28007812500002], [-66.99589843749999, 80.41298828124998], [-66.61005859375, 80.52958984375], [-65.64521484374998, 80.68505859374999], [-64.51552734374998, 81.0], [-63.721972656249974, 81.05732421875], [-63.058593749999986, 80.88559570312502], [-63.028662109375, 80.88955078124998], [-63.23520507812499, 81.083349609375], [-63.212499999999984, 81.14311523437497], [-62.993261718749984, 81.206982421875], [-61.435986328125004, 81.13359375], [-61.162060546875, 81.281494140625], [-61.09999999999999, 81.39609374999999], [-61.235693359375, 81.694580078125], [-61.20292968749999, 81.74687499999997], [-60.84287109374999, 81.85537109374998], [-60.09946289062499, 81.93735351562499], [-59.28193359374997, 81.884033203125], [-56.61513671874999, 81.362890625], [-56.85966796874999, 81.45996093750003], [-57.85302734375, 81.66201171875], [-58.816748046874984, 81.92041015624999], [-59.268017578125, 81.98208007812498], [-58.71738281250001, 82.09306640624999], [-56.58935546875001, 82.22714843749999], [-55.548681640624984, 82.245751953125], [-55.34360351562499, 82.299560546875], [-54.54887695312499, 82.35063476562497], [-53.9873046875, 82.279248046875], [-53.67133789062499, 82.1640625], [-53.58203124999998, 82.061572265625], [-53.59550781249999, 81.73803710937499], [-53.555664062499986, 81.65327148437501], [-53.04121093750001, 81.87099609375], [-52.925537109375, 82.03837890625], [-53.10195312499999, 82.11894531249997], [-53.110742187499994, 82.25122070312501], [-53.02255859374999, 82.32172851562498], [-52.77558593749998, 82.32172851562498], [-50.89443359375001, 81.89521484375], [-49.54106445312498, 81.91806640624998], [-50.71313476562501, 82.23735351562499], [-50.98994140624998, 82.46015625000001], [-50.037109375, 82.472412109375], [-48.861181640625006, 82.405419921875], [-46.617333984374994, 82.09697265624999], [-45.29106445312499, 81.82880859374997], [-44.7294921875, 81.77983398437497], [-44.53242187499998, 81.84892578125], [-44.63710937499998, 82.104443359375], [-44.54707031249997, 82.26005859375], [-44.23886718750001, 82.36816406250001], [-44.32656250000001, 82.471728515625], [-45.556542968749994, 82.747021484375], [-45.067431640624996, 82.7849609375], [-42.65073242187502, 82.74145507812499], [-41.876464843749986, 82.68032226562501], [-41.35727539062499, 82.70498046874998], [-41.36962890625, 82.74999999999999], [-44.76196289062501, 82.883544921875], [-46.13681640625001, 82.85883789062498], [-46.478173828125, 82.95190429687497], [-46.169042968749984, 83.06386718749997], [-45.41459960937498, 83.01767578124998], [-44.65693359374999, 83.12905273437498], [-43.009277343750014, 83.26459960937498], [-42.25952148437499, 83.23198242187499], [-41.30014648437501, 83.10078124999998], [-40.35683593750001, 83.332177734375], [-38.93110351562499, 83.17534179687497], [-38.15625, 82.99863281249999], [-38.03701171875, 83.04628906249998], [-37.934765624999976, 83.1607421875], [-38.53955078124999, 83.258154296875], [-38.74780273437501, 83.332568359375], [-38.749560546874974, 83.370849609375], [-38.54145507812498, 83.41479492187499], [-38.071093749999974, 83.41210937499997], [-37.72333984374998, 83.49775390624998], [-36.80449218749999, 83.46582031249997], [-36.60649414062499, 83.536962890625], [-34.66777343749998, 83.571142578125], [-33.83735351562498, 83.52998046875], [-32.984423828124974, 83.599609375], [-29.952880859374993, 83.56484374999998], [-25.795068359375005, 83.26098632812499], [-31.99267578124999, 83.08535156250001], [-32.03271484374999, 82.98344726562503], [-29.96357421874998, 83.11049804687498], [-27.002050781250013, 83.0671875], [-25.123388671874977, 83.159619140625], [-24.47031249999998, 82.87739257812498], [-23.91953124999998, 82.88510742187499], [-23.694628906249978, 82.819140625], [-22.524902343749996, 82.78916015624998], [-21.691796875000005, 82.68251953125], [-21.520654296874984, 82.59541015624997], [-21.993945312499985, 82.46279296875], [-23.11806640624998, 82.32470703124999], [-29.579394531249996, 82.161181640625], [-29.77275390625, 82.13124999999998], [-29.887402343749972, 82.05483398437498], [-29.810986328124986, 81.95546874999998], [-29.543847656249994, 81.93994140624999], [-27.839501953124998, 82.048876953125], [-25.14882812499998, 82.00112304687498], [-24.589160156249996, 81.8828125], [-24.29306640624999, 81.7009765625], [-23.496142578124996, 81.77304687499998], [-23.10371093749999, 82.01181640624999], [-21.575537109374963, 82.074951171875], [-22.482215999999934, 81.35165803300004], [-23.8702859999999, 80.85470503300006], [-24.852577908999926, 80.24536057800002], [-24.51532127199994, 79.57739803200008], [-24.903772461999946, 79.2721917133445], [-27.964457636726213, 79.3321714937056], [-44.159382108780974, 79.3521391397327]]], [[[-44.83268396302666, 61.84176458091555], [-44.027850907160094, 61.882884732689924], [-43.23976074421986, 61.82546236212628], [-42.323632812499994, 61.68173828125], [-42.64599609375, 61.064111328124994], [-42.717041015625, 60.767480468749994], [-43.044091796874994, 60.523681640625], [-43.922705078125006, 60.595361328125], [-43.939550781250006, 60.5673828125], [-43.831152343750006, 60.52197265625001], [-43.295654296875, 60.444970703124994], [-43.212988281250006, 60.390673828125], [-43.156494140625, 60.332861328125006], [-43.122900390625006, 60.061230468750004], [-43.32011718749999, 59.92812499999999], [-43.61689453124998, 59.936914062499994], [-43.95502929687498, 60.025488281250006], [-43.65791015624998, 59.858642578125], [-43.90654296874999, 59.815478515625], [-44.11699218749999, 59.831933593749994], [-44.06547851562499, 59.9248046875], [-44.268945312499994, 59.892919921875], [-44.412939453125006, 59.922607421875], [-44.453466796875006, 60.01455078125], [-44.231347656249994, 60.1802734375], [-44.176123046875006, 60.24438476562501], [-44.224365234375, 60.273535156250006], [-44.53315429687498, 60.029492187500004], [-44.61328125, 60.016650390625], [-45.379248046875006, 60.202929687499996], [-45.367773437500006, 60.372949218749994], [-44.974707031250006, 60.457226562500004], [-44.756738281249994, 60.664599609375], [-45.08271484374998, 60.507177734375], [-45.380517578124994, 60.444921875000006], [-46.046630859375, 60.61572265625001], [-46.141943359375006, 60.77651367187499], [-45.8798828125, 61.094140625], [-45.870214843750006, 61.21831054687501], [-45.942285156249994, 61.20556640625001], [-46.01171875, 61.096826171874994], [-46.582421874999994, 60.962060546874994], [-46.87446289062498, 60.81640625], [-47.22441406249999, 60.78286132812499], [-47.46464843749999, 60.842626953125], [-47.796240234375006, 60.828857421875], [-47.72993164062498, 60.7294921875], [-48.01396484374999, 60.72197265625], [-48.241943359375, 60.80683593749999], [-48.205175781250006, 60.855908203125004], [-47.77031249999999, 60.99775390624999], [-48.38642578124998, 61.004736328125], [-48.37812499999998, 61.1384765625], [-47.506362154996935, 61.498852975236], [-46.554648224338145, 61.68408104261456], [-44.83268396302666, 61.84176458091555]]], [[[-123.99811544941385, 64.22398535424031], [-123.92206969742469, 63.77544746033417], [-123.84235638369273, 63.6397968313148], [-123.58778659350834, 63.4182599732453], [-123.45181653749309, 63.03928405700547], [-123.54933067487545, 62.858603204759945], [-123.77099693683726, 62.63705767416467], [-123.72595504422404, 62.500048702496606], [-123.62596963566152, 62.56502552509905], [-123.53783079717816, 62.50728216118577], [-123.48036288229372, 62.597155819195414], [-123.5167944020287, 62.67235262150051], [-123.37703292219415, 62.744067620911096], [-123.26231925121715, 62.87850390362916], [-123.22195998274799, 63.353022037303994], [-123.63839249302254, 64.35187710359644], [-123.94469143642607, 64.4839274297418], [-124.18238596497754, 64.69153877761188], [-123.76929649865161, 64.62912116391308], [-123.52387326217429, 64.47597128538571], [-123.27764008692112, 64.04872782188497], [-123.13624208396296, 63.67409690687668], [-122.80701271382772, 63.19344885610756], [-122.79515643582047, 63.1139645596443], [-122.89361900602354, 62.891395760079085], [-122.79777991725219, 62.54546708230329], [-122.84779413510729, 62.433050021390585], [-122.71099363760501, 62.06432347748305], [-122.95970867002275, 61.909000733119335], [-122.97385089207373, 61.7255389271844], [-123.33794685454393, 61.548416788781644], [-123.32053729775991, 61.46202263976258], [-123.26340203856388, 61.37879268061002], [-123.09370186715697, 61.307782311251394], [-122.88898035418293, 61.31600432953395], [-122.77188313661644, 61.34491982119623], [-122.3287558750261, 61.65345539779662], [-122.10610756991422, 61.634817022563794], [-121.96234599421969, 61.49326284204249], [-122.08840995529538, 61.19662984241908], [-122.07238039855491, 61.078026165755915], [-121.92082696667325, 60.829181996950894], [-122.00063968743875, 60.23384466643323], [-122.23262774190357, 59.767084076325936], [-122.22239323174178, 59.678101299713376], [-122.39764819839988, 59.44482934453266], [-122.72489443552278, 59.20131783509207], [-122.82721293361209, 58.64126090496152], [-123.06843229181129, 58.337327662157456], [-123.18966892856997, 58.2575971516073], [-123.25086893919, 57.99752483804835], [-122.67059143190315, 56.87165618365428], [-122.82300035615894, 56.81126495737097], [-122.63599549822052, 56.466600402074796], [-123.56696187950412, 56.103630715887476], [-123.59588774133891, 56.141513165101294], [-123.51090822096168, 56.337175034407444], [-123.84907530444458, 56.60665338362708], [-124.2999044339512, 57.06308690092825], [-124.50136324241355, 57.22077198222156], [-125.50199119170823, 57.685823529934765], [-125.74430415400178, 57.94835242822345], [-125.69476010111302, 58.005380598391], [-125.85844658079355, 58.1069592603891], [-125.81786298159673, 58.19886390715834], [-125.8821135076456, 58.276728929295004], [-126.5400069717238, 58.4908239936216], [-126.31387085575632, 58.53821258922893], [-126.29406139022791, 58.62560415328766], [-126.5252694557557, 58.767001690341665], [-126.77856348137898, 58.80802450404953], [-126.83929415398083, 58.93106220213898], [-126.73584184953923, 59.159844293768934], [-126.14349523481604, 59.85268982570093], [-126.08922082129635, 59.81865274491275], [-126.04623585624842, 59.84933893308711], [-126.06712572104445, 59.90107820000323], [-125.89066460761575, 60.08489173505141], [-125.86528065755836, 60.16553450543151], [-125.97445386122027, 60.15780853393314], [-125.82597283678449, 60.649195678480766], [-125.7241423957856, 61.44901720523111], [-125.62739810488226, 61.81682241193816], [-125.6542976828007, 61.90079720610854], [-125.5198720645481, 61.94210219083353], [-125.54276681299801, 61.98530890624994], [-125.5048756352063, 62.01648471829307], [-125.27984932523411, 62.058451755296765], [-125.3734307440865, 62.0932140904977], [-125.57072397338014, 62.03676302130163], [-125.74348698600318, 62.147933313301195], [-125.75692052552301, 62.315210599598764], [-125.63273093761099, 62.45791622647346], [-125.78212669752587, 62.51251143512429], [-125.86109350841936, 62.60610950689517], [-125.63810654683942, 62.808601924564535], [-125.82740984181991, 62.87267211528282], [-125.88732269165062, 63.01113825922484], [-125.79263840308124, 63.068195375301755], [-125.87388059181245, 63.207453151727485], [-126.20627278285565, 63.3681453718587], [-126.41802686428785, 63.358853248836], [-126.86417201950364, 63.74295596868588], [-126.85323440416515, 63.89276736274845], [-126.2998608629559, 65.40638340889713], [-126.2744175258471, 65.58554928447626], [-126.31683151256378, 65.68912480728311], [-125.77099367728219, 65.61593385319361], [-125.33250317148168, 65.48667671594656], [-124.93656646703651, 65.27442554996952], [-124.92054717924819, 65.06786626308336], [-125.05124283672224, 64.79208059662477], [-125.03986910613399, 64.63901759339177], [-124.88818741769113, 64.50587325877382], [-124.07996220678159, 64.3432521799431], [-123.99811544941385, 64.22398535424031]]], [[[-113.0552066943816, 54.393676661091476], [-113.31023879525355, 54.28969083153305], [-113.4490577079256, 54.12514075074939], [-113.60080102556536, 53.911253261886124], [-113.76932748962959, 53.51055776610422], [-114.7262362272005, 52.851675142960936], [-115.63421906488563, 51.969470265309795], [-116.0796352424754, 51.47266130004724], [-116.20826480386447, 51.46156630301303], [-116.64186895225325, 51.800751726776575], [-116.61661574331815, 51.729776976968964], [-116.3211976190995, 51.521039330716846], [-116.16850545957338, 51.32301145355832], [-116.50718463513716, 50.731584015642696], [-116.63657075869648, 50.82318309341083], [-116.74655073878836, 50.78878641392872], [-117.12210141556551, 51.17674785642863], [-117.57217880499027, 51.765937968714994], [-117.89153855914853, 52.044481907455285], [-117.22418510055586, 51.79046900828706], [-117.07691900253238, 51.70328828975939], [-117.10640098482024, 51.601264215904706], [-116.93065493697212, 51.53515266924218], [-117.07875022999195, 51.75116776477726], [-117.83513058122102, 52.0678107653614], [-118.10993302280936, 52.29447036083263], [-118.4297708304003, 52.44427115458566], [-118.79609674622, 52.499453695397335], [-119.26910203571543, 52.790585854890715], [-120.15541187158036, 53.136627503568384], [-120.21344291051543, 53.19720388757699], [-120.177391158893, 53.235068689128305], [-120.30303761801812, 53.290224718408595], [-120.39066270755191, 53.2417931116629], [-120.52499504635391, 53.24789847154283], [-120.77313959434754, 53.36812471317958], [-120.33643098266097, 53.89586764390055], [-119.75831998401048, 55.052882807116156], [-119.64609302417553, 55.4546757607457], [-119.60487869939573, 55.7473373581798], [-119.68012401473324, 56.0755631834101], [-119.95804670587404, 56.6506507741388], [-120.08616519350447, 57.16006307127826], [-119.99961958569052, 57.34541251261979], [-118.05236314711293, 58.88471740717181], [-117.41870802414991, 59.156760144362906], [-117.26278567444258, 59.311875424740414], [-117.21845340436845, 59.500186985020036], [-116.05026068078284, 60.13846800539661], [-113.91109842421129, 60.98939754795196], [-112.90536983081356, 61.470902053515935], [-112.47082235651517, 61.54561338813484], [-112.13335999807151, 61.77862844792308], [-112.17465502727175, 61.81586389347361], [-111.63652615984599, 62.01827507417449], [-111.74041636123334, 61.80383242940869], [-112.36049218504591, 61.267505353241575], [-112.60112773884516, 60.96830653856454], [-113.33024422987054, 60.2644904562102], [-114.11189828967056, 59.916702447422395], [-114.4211763332301, 59.66528374272238], [-114.73892358392666, 59.30920203284056], [-114.8271622061168, 59.13595617039753], [-115.17664206456803, 58.16462701776888], [-115.17828165182067, 57.66956227143355], [-115.01928399389581, 57.02571237733426], [-114.6496679943051, 56.04693267036714], [-114.01773771087778, 55.14834955189706], [-113.6555352647683, 54.800087707856534], [-113.0552066943816, 54.393676661091476]]], [[[-121.09244958252023, 57.004663608757234], [-121.68224855284512, 56.40205504060045], [-121.90278089908819, 56.7431170251314], [-120.94075191501287, 57.156490121711066], [-121.09244958252023, 57.004663608757234]]], [[[-121.42174300743947, 64.87169509415763], [-121.37356393680116, 64.80683412295187], [-121.20935790103302, 64.83399865053043], [-119.91140453126991, 65.33761044017673], [-119.5560524789913, 65.40573418356391], [-119.96672888504897, 65.59469849024151], [-119.95187284949823, 65.68086058048796], [-119.29205475154941, 65.80368747428005], [-118.90002190831845, 65.77807326526899], [-118.55068129889578, 65.65511655626366], [-118.37867119012628, 65.68681380855953], [-118.59414894440006, 65.12777929380238], [-118.66288051202471, 64.13238558114902], [-118.61262787487934, 63.663721865378015], [-118.4873316434419, 63.271245942981636], [-118.01348273742917, 62.32130571256138], [-116.9112508313523, 60.96855651713139], [-117.96053936670249, 60.63673020443734], [-117.78245962663182, 60.35879686237958], [-118.48447756573691, 60.09787624827493], [-117.7984444434603, 59.19725296152761], [-119.06534682605002, 58.437593967943236], [-120.94075191501287, 57.156490121711066], [-121.10754731111705, 57.47011356074727], [-121.00863358218743, 57.50673145008743], [-121.1539936390124, 58.005284124990474], [-121.3211396603397, 58.23687934529106], [-121.59558794500008, 58.779413849766584], [-121.42131490889238, 59.352933050908334], [-121.23671638874598, 59.630003994286625], [-120.81109131930367, 60.562045428948366], [-120.89925411601645, 60.7529935065219], [-120.72558931960947, 61.22610040554404], [-120.79951173334544, 61.393574902480644], [-121.03834176023288, 61.61333992369148], [-121.26271525039932, 62.019409671757856], [-121.3807533060189, 62.11555232527603], [-121.9298087830645, 62.28669870170525], [-122.00493034158161, 62.36751746678412], [-121.99966690172849, 62.50231291607795], [-121.89007752036154, 62.65026343092038], [-121.6139445608073, 62.784462284782464], [-121.48820352510911, 62.93234281885429], [-121.7143907759714, 63.34847566220206], [-121.17899133955117, 63.2627298963048], [-120.80832214504055, 63.37250759779527], [-121.48627422525128, 64.05846070347572], [-121.92218191219509, 64.58029715573726], [-121.93496750060358, 64.82478424505354], [-122.01185363464431, 64.97561104625407], [-121.74567543016899, 65.07400813927012], [-121.6535450823526, 65.15282415251704], [-121.64926180638577, 65.29303030478918], [-121.55547468069052, 65.39186268868224], [-121.4177494627337, 65.4472764504033], [-120.60202077975491, 65.68228611997287], [-120.36155454621813, 65.58711657114976], [-120.36973361125183, 65.50913392985748], [-120.48406580708489, 65.37154807704205], [-120.90821798467091, 65.15920607901963], [-121.01408747842731, 65.05180321997314], [-121.38602552702362, 64.96913147541872], [-121.42174300743947, 64.87169509415763]]]]}}, {"type": "Feature", "properties": {"unit": "Basin", "category": "Belt-Purcell Supergroup", "color": "#fbf3b0", "appearance_age": 1470}, "geometry": {"type": "MultiPolygon", "coordinates": [[[[-112.945369617609, 45.772905927817305], [-112.93781766071204, 45.59941209997415], [-113.17497473321954, 45.35687265525146], [-113.15779227450341, 45.15311598011157], [-113.29619764544327, 44.918480628417534], [-113.30452018961955, 44.803207847227654], [-113.39398347144972, 44.753701584336234], [-113.60802475631517, 44.77020030146367], [-113.88197254046528, 44.91944138169562], [-114.26591075958623, 44.80257061515489], [-114.32111377674538, 44.82408689491143], [-114.36674823617147, 44.94053273919084], [-114.63356677111747, 44.90819599468973], [-114.77776111321842, 44.96122377124299], [-114.9044874112911, 45.092996132037726], [-114.66475239961387, 45.02184863870279], [-114.52470192604339, 45.04063656934945], [-114.62494384574224, 45.24241250062573], [-114.82682284222517, 45.30471088778255], [-114.7181489766671, 45.39672592333386], [-114.43746766107702, 45.30984300816979], [-114.39190479159195, 45.164790883472804], [-114.32554047356884, 45.11386413821884], [-114.22481494811018, 45.14958750989041], [-114.23091612745097, 45.33860939206518], [-114.14239448869544, 45.34754886937943], [-113.97291687067299, 45.240780520975676], [-113.96977117227657, 45.38981309283939], [-113.66797181834184, 45.37674367114756], [-113.27630394626169, 45.2443207459325], [-113.25065378270331, 45.313660883725845], [-113.32737600732167, 45.417757177600784], [-113.29457478758512, 45.55885988963631], [-113.12624205495803, 45.77536912556028], [-113.13742982176316, 45.83581744794312], [-113.04348283119604, 45.88108261973008], [-112.945369617609, 45.772905927817305]]], [[[-115.64113861345405, 45.507327441790615], [-115.55276138156778, 45.44542730865183], [-115.63526945419781, 45.33208451375007], [-115.67571270058383, 45.50763380262295], [-115.88786743791935, 45.56284297536739], [-115.90322132702069, 45.6219755669733], [-115.64113861345405, 45.507327441790615]]], [[[-115.16161364097624, 45.210321067970014], [-115.08002579444909, 45.18881250641286], [-115.20205675846611, 45.15788589066974], [-115.1714924119113, 45.04103193730237], [-115.34737813115461, 44.966743185011524], [-115.33172452578225, 44.86683318207432], [-115.48669030429339, 44.74417258271426], [-115.5469780352293, 44.77445408866394], [-115.53876943472257, 44.94186033240609], [-115.31698951132587, 45.21992753588061], [-115.16161364097624, 45.210321067970014]]], [[[-116.51061015160434, 50.74238279608937], [-116.39311263802031, 50.63699878522966], [-116.44788628213138, 50.58543511946917], [-116.36535241842456, 50.40607401444603], [-116.18230071053738, 50.26394228850058], [-116.08982479727392, 50.31378779195472], [-116.14924362868723, 50.41332716107213], [-116.11428391098866, 50.424252288659495], [-115.98869396970876, 50.33009667958592], [-115.97655524837222, 50.222848073891946], [-115.93002867935796, 50.24684798288474], [-115.88583939851908, 50.065281937156314], [-115.78795739881663, 49.97165326657534], [-115.67605177009948, 49.951961750838635], [-115.52468789905828, 49.65387854334877], [-115.5524293021889, 49.556370464031005], [-115.27982296721272, 49.443217261637294], [-115.11413771974966, 49.2430390856967], [-115.0164797507025, 49.220006920667025], [-114.33129351352332, 48.71343707787098], [-114.0090910586559, 48.35767874409054], [-113.97378248278187, 48.41093564772868], [-113.85426723615262, 48.43511090371738], [-113.8668577003408, 48.56390057656239], [-114.4580359413764, 49.052520118394426], [-114.72263738888437, 49.4304406732896], [-114.13649116026816, 49.285426384031105], [-114.00698345349765, 49.18224569972405], [-113.79497409998686, 48.91403748515601], [-113.43076828718651, 48.575441102419255], [-113.37512964393754, 48.37288212039887], [-113.44365831154177, 48.302173969599984], [-113.40292688407247, 48.18788590357362], [-113.13360509073185, 48.049024231286126], [-112.94620509254607, 47.86506866585621], [-112.90524279051382, 47.46979118282203], [-112.7941991460601, 47.38312033854113], [-112.42507392112033, 47.177843685190986], [-112.24111704552348, 47.153450020252144], [-112.04216379532181, 47.05905471296126], [-111.82416849601731, 46.84432911916948], [-111.59926677978552, 46.83407775236643], [-111.19192244039453, 46.70617275533455], [-111.09712864992747, 46.71985645258098], [-111.03616157717215, 46.8135734448025], [-110.73900691763464, 46.803188729344555], [-110.61096274275229, 46.714537034425334], [-110.2860365390698, 46.744538467676044], [-110.30400575647768, 46.6660071726871], [-110.50507224983842, 46.57603651824899], [-110.68439860515547, 46.664297976869584], [-110.8621548575189, 46.64086117224861], [-110.95098638394906, 46.55213419730304], [-110.87939732469466, 46.39983352102887], [-110.87128857989029, 46.2424932044817], [-110.96945631972834, 46.2416648372221], [-111.21383985251211, 46.291301993029734], [-111.40779527912993, 46.52207748616855], [-111.51750900036276, 46.57268160170174], [-111.99380184951904, 46.70722642794801], [-112.05174148667271, 46.684794293862346], [-112.05668308568085, 46.616003508469824], [-112.24914940298456, 46.70793881337311], [-112.78516258235956, 46.78816105800476], [-113.12020520500049, 46.917606350701845], [-113.42347029943164, 46.797238876133214], [-113.42453477523291, 46.751578991148016], [-113.21126579900734, 46.59149946974019], [-113.18936797453802, 46.49002445236959], [-113.24935093409314, 46.345330304432615], [-113.16824281368177, 46.21183306321186], [-113.45600878821293, 45.981587149151586], [-113.56842874036103, 46.02113293819294], [-113.65821863784771, 46.180356111555085], [-113.91884068253687, 46.22307600355905], [-114.133336342348, 46.40975694276192], [-114.2606510329398, 46.64623979700808], [-114.37515512150323, 46.70859645243703], [-114.75603183463576, 46.745805433683095], [-115.18141056220306, 46.63353275803129], [-115.69997077661661, 46.75166858529853], [-115.81911474055036, 46.712044457331025], [-115.91900915858072, 46.52529891208676], [-116.16399167878147, 46.478075542704715], [-116.45018572820379, 46.50449052404788], [-116.52367062096174, 46.55871045285004], [-116.54154656192519, 46.63094282128062], [-116.40590884611971, 46.81276877958815], [-116.44082714867373, 46.91401291670136], [-116.65345915244173, 46.91496706814977], [-117.05319009042812, 46.81416989286109], [-117.11331724463209, 47.0025999257014], [-117.06065950325734, 47.15613828444402], [-117.21775305440326, 47.35954727505347], [-117.15207929968012, 47.45442138903886], [-117.23010239227695, 47.500610535642224], [-117.44703615887998, 47.50649002914023], [-117.45483854125483, 47.56353257540391], [-117.16614727540768, 47.84421710324679], [-117.11787877629777, 48.026508700609455], [-117.159207310116, 48.21626325040589], [-117.37705335482174, 48.57368557115989], [-116.92295115411163, 49.18979354827491], [-116.8924373193739, 49.14459078554209], [-117.06678424146504, 48.93701951957174], [-116.96088976215658, 48.930921668442274], [-116.82059878234347, 49.12875515537529], [-116.88832710717729, 49.23177018771615], [-116.63725340024291, 49.4413447038697], [-116.63008070320123, 49.59925324294109], [-116.55453641483824, 49.743473751356994], [-116.64922371747326, 49.750420532214825], [-116.76629305081072, 49.933374866053015], [-116.7025617743165, 50.02835673528831], [-116.83459069953577, 50.30315881952409], [-116.68490467961372, 50.38156338703569], [-116.58822605691077, 50.30639430813868], [-116.47462542667598, 50.291653249008114], [-116.54343422261478, 50.39035935973536], [-116.62403390835928, 50.38032326249709], [-116.75515761765779, 50.77950526402449], [-116.64571918678068, 50.82514086945722], [-116.51061015160434, 50.74238279608937]]], [[[-115.0450558277016, 45.95646940898492], [-114.92174815189463, 45.88012099753028], [-114.89904730433041, 45.7560464629831], [-115.07953630643351, 45.51869552373747], [-115.24964718478314, 45.45183526227321], [-115.27868382763228, 45.55671550777721], [-115.58952049412405, 45.714808058707426], [-115.66721420791663, 45.81940984397951], [-115.70257655018261, 45.763337603860705], [-115.77389718925136, 45.86619229569548], [-115.62581095433218, 46.03995208838649], [-115.6189990021505, 46.25417931681985], [-115.28153283576886, 46.19331220276652], [-115.16016390482396, 46.01717552225855], [-115.0450558277016, 45.95646940898492]]]]}}, {"type": "Feature", "properties": {"unit": "1.2 - 1.1 Ga Midcontinent rift system", "category": "Mesoproterozoic", "color": "#fda07a", "appearance_age": 1450, "reworking": true, "magmatic_age": 1200, "host_category": "Mesoproterozoic"}, "geometry": {"type": "Polygon", "coordinates": [[[-102.8801359434012, 32.15068847636058], [-102.96296024635149, 32.05088231823255], [-103.20922250697518, 32.030162273902754], [-103.3529213325256, 32.445865412033044], [-103.28380179516203, 32.60640178282248], [-103.1331091416731, 32.63919328559409], [-103.0525972740211, 32.54925318458016], [-102.8801359434012, 32.15068847636058]]]}}, {"type": "Feature", "properties": {"unit": "1.2 - 1.1 Ga Midcontinent rift system", "category": "Mesoproterozoic", "color": "#fda07a", "appearance_age": 1550, "reworking": true, "magmatic_age": 1200, "host_category": "Mesoproterozoic"}, "geometry": {"type": "Polygon", "coordinates": [[[-102.8501424614962, 31.10993021898268], [-103.03178974373161, 31.26019298475943], [-103.14983344762852, 31.43544890777671], [-103.19944983340457, 31.636402441995497], [-103.16699277334216, 31.726257201437587], [-103.10738147464626, 31.73928739036666], [-102.8501424614962, 31.10993021898268]]]}}, {"type": "Feature", "properties": {"unit": "1.2 - 1.1 Ga Midcontinent rift system", "category": "Mesoproterozoic", "color": "#fda07a", "appearance_age": 1550, "reworking": true, "magmatic_age": 1200, "host_category": "Mesoproterozoic"}, "geometry": {"type": "Polygon", "coordinates": [[[-102.72375300155042, 31.74279507791945], [-102.53393571449908, 31.525617108466783], [-102.55232993705617, 31.437230624310022], [-102.72346336871742, 31.26919792585355], [-102.70926738868275, 31.199293245401545], [-102.45456362247923, 31.155154625441828], [-102.33066990624526, 30.971961914303392], [-102.28808047851294, 30.780816722567415], [-102.7044581242926, 30.883790232039765], [-102.8501424614962, 31.10993021898268], [-103.10738147464626, 31.73928739036666], [-102.72375300155042, 31.74279507791945]]]}}, {"type": "Feature", "properties": {"unit": "1.2 - 1.1 Ga Midcontinent rift system", "category": "Mesoproterozoic", "color": "#fda07a", "appearance_age": 1550, "reworking": true, "magmatic_age": 1200, "host_category": "Mesoproterozoic"}, "geometry": {"type": "Polygon", "coordinates": [[[-102.28808047851294, 30.780816722567415], [-102.30881460994756, 30.61811557551488], [-102.41606884009298, 30.59415782861662], [-102.63963361301495, 30.752242238500248], [-102.7044581242926, 30.883790232039765], [-102.28808047851294, 30.780816722567415]]]}}, {"type": "Feature", "properties": {"unit": "1.2 - 1.1 Ga Midcontinent rift system", "category": "Mesoproterozoic", "color": "#fda07a", "appearance_age": 2000, "reworking": true, "magmatic_age": 1200, "host_category": "Paleoproterozoic"}, "geometry": {"type": "Polygon", "coordinates": [[[-87.7903326485786, 47.4671978318458], [-87.72771727530204, 47.41354144692935], [-88.19880720751006, 47.32366502405957], [-88.52485491962878, 47.171011122919374], [-89.03042844421155, 46.73883272147065], [-89.25902437670528, 46.64233160642781], [-90.76093024553569, 46.40690677139776], [-91.60230194658438, 46.024152334402025], [-92.01283640669351, 45.745185872275414], [-92.40895143533817, 45.26610373387994], [-92.68734956007604, 44.85643867402216], [-93.04831023856308, 44.475401230318], [-93.09107770020822, 44.36597185568485], [-93.07548752584997, 44.22478718323365], [-93.7176930802708, 44.680153944385054], [-93.66438856138768, 44.8815253089632], [-93.37206328732928, 45.228169939499054], [-93.11291371953904, 45.44100948465806], [-92.89405433107797, 45.84177295730723], [-92.83096471442431, 46.09566203988002], [-92.41611648492287, 46.41538476510893], [-91.74952987706172, 46.61838652032373], [-90.9929974128973, 46.518603164547834], [-90.43829045490773, 46.55743216274958], [-90.01569249647257, 46.6755212576922], [-89.81905693714009, 46.806638845452305], [-89.40482469218804, 46.843570952221405], [-89.12605522905552, 46.99104413827614], [-88.9648622687061, 47.00182851125959], [-88.88420571854166, 47.101719820720106], [-88.2168770029489, 47.445590786407905], [-87.7903326485786, 47.4671978318458]]]}}, {"type": "Feature", "properties": {"unit": "1.2 - 1.1 Ga Midcontinent rift system", "category": "Mesoproterozoic", "color": "#fda07a", "appearance_age": 1470, "reworking": true, "magmatic_age": 1200, "host_category": "Belt-Purcell Supergroup"}, "geometry": {"type": "Polygon", "coordinates": [[[-85.01378323915173, 46.55562438409528], [-84.93320351200246, 46.47534453095045], [-84.59365568651472, 46.455254497205544], [-84.16080393167805, 46.51300767485208], [-84.12699229447735, 46.42586720571487], [-84.1713903643045, 46.181237869943494], [-84.08409342885658, 45.96682291347731], [-84.63881034437622, 45.9840167360377], [-84.7327215499014, 45.95562729500416], [-84.72941871495968, 45.8601169815693], [-84.8114726028329, 45.85214496501363], [-85.0097012432705, 46.010055614604326], [-85.437436657882, 46.104513894907235], [-85.56220006379448, 46.062979109740475], [-85.65380541881616, 45.96752240842206], [-85.97878253879102, 45.92386219645267], [-86.74619644595111, 46.52575140187146], [-86.50173051232294, 46.54581605782543], [-86.20854252144407, 46.67072518019659], [-85.59352989864067, 46.67685828885338], [-85.2220643161849, 46.79068335220543], [-85.0314748260043, 46.80113856364327], [-84.97056614128921, 46.79535495101394], [-85.01378323915173, 46.55562438409528]]]}}, {"type": "Feature", "properties": {"unit": "1.2 - 1.1 Ga Midcontinent rift system", "category": "Mesoproterozoic", "color": "#fda07a", "appearance_age": 2500, "reworking": true, "magmatic_age": 1200, "host_category": "Archean provinces"}, "geometry": {"type": "Polygon", "coordinates": [[[-87.74025112010314, 48.798989893486954], [-87.8172009111926, 48.74489986500336], [-88.00218652015893, 48.74242486879682], [-88.02360645089894, 48.68960383486469], [-88.04843741092232, 48.724388843646544], [-88.60749313094612, 48.492770365416725], [-88.4429195907141, 48.73229211603095], [-88.13796088287626, 48.84090271917902], [-87.80726510128522, 48.849505330307295], [-87.74025112010314, 48.798989893486954]]]}}, {"type": "Feature", "properties": {"unit": "1.2 - 1.1 Ga Midcontinent rift system", "category": "Mesoproterozoic", "color": "#fda07a", "appearance_age": 2500, "reworking": true, "magmatic_age": 1200, "host_category": "Archean provinces"}, "geometry": {"type": "Polygon", "coordinates": [[[-93.4726039850476, 45.0818262581268], [-93.66438856138768, 44.8815253089632], [-93.74486471937097, 44.943064573737516], [-93.37206328732928, 45.228169939499054], [-93.4726039850476, 45.0818262581268]]]}}, {"type": "Feature", "properties": {"unit": "1.2 - 1.1 Ga Midcontinent rift system", "category": "Mesoproterozoic", "color": "#fda07a", "appearance_age": 2000, "reworking": true, "magmatic_age": 1200, "host_category": "Paleoproterozoic"}, "geometry": {"type": "Polygon", "coordinates": [[[-93.66438856138768, 44.8815253089632], [-93.7176930802708, 44.680153944385054], [-93.81794236545477, 44.75332381768992], [-93.81120427751588, 44.79869260636436], [-93.74486471937097, 44.943064573737516], [-93.66438856138768, 44.8815253089632]]]}}, {"type": "Feature", "properties": {"unit": "1.2 - 1.1 Ga Midcontinent rift system", "category": "Mesoproterozoic", "color": "#fda07a", "appearance_age": 2000, "reworking": true, "magmatic_age": 1200, "host_category": "Paleoproterozoic"}, "geometry": {"type": "Polygon", "coordinates": [[[-93.7176930802708, 44.680153944385054], [-93.64343317426993, 44.62578541526863], [-93.7366058762613, 44.52092520046179], [-93.81794236545477, 44.75332381768992], [-93.7176930802708, 44.680153944385054]]]}}, {"type": "Feature", "properties": {"unit": "1.2 - 1.1 Ga Midcontinent rift system", "category": "Mesoproterozoic", "color": "#fda07a", "appearance_age": 2000, "reworking": true, "magmatic_age": 1200, "host_category": "Paleoproterozoic"}, "geometry": {"type": "Polygon", "coordinates": [[[-93.5594039506651, 44.345447343721354], [-93.50755691391961, 44.25314538571917], [-93.76636305829511, 44.487332006558546], [-93.7366058762613, 44.52092520046179], [-93.65000670953015, 44.469693804857684], [-93.5594039506651, 44.345447343721354]]]}}, {"type": "Feature", "properties": {"unit": "1.2 - 1.1 Ga Midcontinent rift system", "category": "Mesoproterozoic", "color": "#fda07a", "appearance_age": 2500, "reworking": true, "magmatic_age": 1200, "host_category": "Archean provinces"}, "geometry": {"type": "Polygon", "coordinates": [[[-91.89704004610623, 46.69659527142522], [-91.39873398323755, 46.78208120090282], [-91.1910325979921, 46.87394715454342], [-91.11556258542936, 46.85466384531832], [-90.87361168072017, 46.959648154628674], [-90.75655385037457, 46.88503267587808], [-90.86069511030041, 46.78538896598792], [-90.95245378384789, 46.58860398187663], [-90.71062494111115, 46.66157152541413], [-90.54393032213189, 46.578117384542246], [-90.9929974128973, 46.518603164547834], [-91.74952987706172, 46.61838652032373], [-92.3442068679947, 46.43755539870163], [-92.23638620861277, 46.62634059519425], [-92.28275568515829, 46.89068668886782], [-92.19794645497176, 47.27126951320282], [-91.97531928849529, 47.59503624728388], [-91.66404653909241, 47.83032200191776], [-91.32672495405356, 47.97753216264858], [-91.06700878927813, 48.01009681292249], [-89.6345527988761, 48.0215028965068], [-89.78601129186774, 47.90006814224056], [-90.50944250451265, 47.71883208648896], [-90.92719829854173, 47.54805977466253], [-91.46643049356787, 47.150943207957916], [-92.07358195774995, 46.80924162337896], [-92.03860847403465, 46.7466640992868], [-91.89704004610623, 46.69659527142522]]]}}, {"type": "Feature", "properties": {"unit": "1.2 - 1.1 Ga Midcontinent rift system", "category": "Mesoproterozoic", "color": "#fda07a", "appearance_age": 2500, "reworking": true, "magmatic_age": 1200, "host_category": "Archean provinces"}, "geometry": {"type": "Polygon", "coordinates": [[[-88.48724382342982, 46.85776172510019], [-88.0880979792259, 46.97386629147433], [-87.6335228785592, 46.83300699745719], [-87.50596969272344, 46.64714067479539], [-87.86212863901255, 46.82079462891357], [-88.14992781280114, 46.858663634479235], [-88.97609595191807, 46.472220815627566], [-89.28805353954584, 46.422376760755625], [-89.86693753682027, 46.455762672740626], [-90.60499468181098, 46.33252374703083], [-90.88517714911384, 46.35598731921802], [-90.27174466725768, 46.50974644349199], [-89.738611287617, 46.543039382220314], [-89.25902437670528, 46.64233160642781], [-89.03042844421155, 46.73883272147065], [-88.52485491962878, 47.171011122919374], [-88.19880720751006, 47.32366502405957], [-87.96010577558283, 47.3571753185439], [-88.28966378167249, 47.14269900671836], [-88.46775917968566, 46.95667738139924], [-88.48724382342982, 46.85776172510019]]]}}, {"type": "Feature", "properties": {"unit": "1.2 - 1.1 Ga Midcontinent rift system", "category": "Mesoproterozoic", "color": "#fda07a", "appearance_age": 2500, "reworking": true, "magmatic_age": 1200, "host_category": "Archean provinces"}, "geometry": {"type": "Polygon", "coordinates": [[[-87.58006952002398, 48.744539913456165], [-87.71911012813744, 48.74716789752262], [-87.73497708710066, 48.82390188074465], [-87.657910338108, 48.83039989606307], [-87.58006952002398, 48.744539913456165]]]}}, {"type": "Feature", "properties": {"unit": "1.2 - 1.1 Ga Midcontinent rift system", "category": "Mesoproterozoic", "color": "#fda07a", "appearance_age": 2500, "reworking": true, "magmatic_age": 1200, "host_category": "Archean provinces"}, "geometry": {"type": "Polygon", "coordinates": [[[-88.59368196979163, 48.08882574971502], [-88.67848364018904, 48.00933845907138], [-89.00137644616368, 47.90527177511786], [-88.91581089650576, 47.88933188267295], [-89.15248209690247, 47.823764839681466], [-89.23115639876075, 47.85263448827758], [-89.1945958002575, 47.967925761082036], [-88.4771177911687, 48.200291194471966], [-88.59368196979163, 48.08882574971502]]]}}, {"type": "Feature", "properties": {"unit": "1.2 - 1.1 Ga Midcontinent rift system", "category": "Mesoproterozoic", "color": "#fda07a", "appearance_age": 1690, "reworking": true, "magmatic_age": 1200, "host_category": "Paleoproterozoic"}, "geometry": {"type": "Polygon", "coordinates": [[[-84.72520289245233, 45.78469984519472], [-84.67077547741559, 45.74600740367978], [-84.70072717706981, 45.418423420155236], [-84.98878831724188, 44.55879367159955], [-84.98691625626684, 43.840597028530716], [-84.93275673035319, 43.57385232341616], [-84.74007235493899, 43.34906001208944], [-84.31578095257719, 43.17341970466669], [-83.30403653610696, 42.26778378403647], [-83.57971352695839, 41.80962484618555], [-84.17055147820761, 42.342771840480175], [-84.51361309634527, 42.864736674174345], [-85.05323019714218, 43.108714572758366], [-85.38764743103027, 43.423931543426555], [-85.45860579352306, 44.851981766307134], [-85.38455030683157, 44.966877822440615], [-85.38774721912023, 45.24227230264948], [-85.2073824532637, 45.36082936079871], [-84.92387713949819, 45.38980601368445], [-85.11992013878994, 45.5761652844759], [-84.9463686569111, 45.7073642836752], [-84.99153423299408, 45.75726810306278], [-84.80322003680831, 45.74635440561948], [-84.72520289245233, 45.78469984519472]]]}}, {"type": "Feature", "properties": {"unit": "1.2 - 1.1 Ga Midcontinent rift system", "category": "Mesoproterozoic", "color": "#fda07a", "appearance_age": 1550, "reworking": true, "magmatic_age": 1200, "host_category": "Mesoproterozoic"}, "geometry": {"type": "Polygon", "coordinates": [[[-85.01309481108653, 41.19887914491136], [-84.02375690881236, 40.52311270679597], [-83.67254347216031, 40.22005936701045], [-83.81371407285344, 39.553463444736416], [-86.35057407117381, 41.51971092960805], [-86.00069448362768, 41.798525801558725], [-85.01309481108653, 41.19887914491136]]]}}, {"type": "Feature", "properties": {"unit": "1.2 - 1.1 Ga Midcontinent rift system", "category": "Mesoproterozoic", "color": "#fda07a", "appearance_age": 1760, "reworking": true, "magmatic_age": 1200, "host_category": "Paleoproterozoic"}, "geometry": {"type": "Polygon", "coordinates": [[[-93.09959841398312, 44.22324981482749], [-92.94331430150567, 43.73451036373665], [-93.7366058762613, 44.52092520046179], [-93.64343317426993, 44.62578541526863], [-93.09959841398312, 44.22324981482749]]]}}, {"type": "Feature", "properties": {"unit": "1.2 - 1.1 Ga Midcontinent rift system", "category": "Mesoproterozoic", "color": "#fda07a", "appearance_age": 1760, "reworking": true, "magmatic_age": 1200, "host_category": "Paleoproterozoic"}, "geometry": {"type": "Polygon", "coordinates": [[[-92.94331430150567, 43.73451036373665], [-92.77754174934044, 43.580021525204025], [-93.0811939022326, 43.14863245455308], [-93.17133972055973, 42.77595023862982], [-93.29751009235927, 42.614395427305375], [-93.34564431221818, 42.332510681587216], [-94.13713212110153, 41.61955112154316], [-94.82507033442558, 41.17212039463208], [-96.00738695413558, 40.6802217263067], [-96.07459072750994, 40.591417770814466], [-96.44041703181409, 40.40374601277677], [-96.85232627303718, 40.31067623774166], [-97.02481477681441, 40.39226961837598], [-97.07522978776927, 40.49683932598153], [-97.07012283802291, 40.666510108041756], [-96.87010342443949, 41.00958902844904], [-96.41751887848439, 41.25893302175453], [-95.95900376024478, 41.2979442129454], [-95.15144903937953, 41.69364921748215], [-94.55608059717332, 42.27203260018923], [-93.85735731261134, 42.73934003339437], [-93.23786540042103, 43.43386079141896], [-92.99608661026092, 43.783488348681516], [-92.94331430150567, 43.73451036373665]]]}}, {"type": "Feature", "properties": {"unit": "1.2 - 1.1 Ga Midcontinent rift system", "category": "Mesoproterozoic", "color": "#fda07a", "appearance_age": 1690, "reworking": true, "magmatic_age": 1200, "host_category": "Paleoproterozoic"}, "geometry": {"type": "Polygon", "coordinates": [[[-96.79558128541429, 39.91349323496149], [-96.70115419106608, 39.89158643073594], [-96.38760273567934, 39.98744240367945], [-96.48529204035306, 39.89705696631399], [-96.48891190952807, 39.55692782213891], [-96.90026487359269, 39.118105145706465], [-97.18893572894692, 38.71543182603484], [-97.27400226296957, 38.52105099960692], [-97.31766949252794, 38.17059796641426], [-97.48925699429354, 37.91397455158785], [-97.93861864653066, 37.53254419215153], [-98.04540175777457, 37.53436057290966], [-98.08895882661037, 37.63188558653659], [-98.10403964991883, 38.339107379914026], [-98.25693854887012, 38.64068227307656], [-98.41341432309329, 38.79851075083324], [-97.7343832078324, 39.51056258908881], [-97.84659255064773, 39.585478080203934], [-97.62401846458091, 39.79201639187512], [-97.48564145680905, 39.78003883432086], [-97.22773635262065, 40.02092880852705], [-97.06391114259499, 40.071160362961436], [-96.8948038850873, 40.03173533243244], [-96.79558128541429, 39.91349323496149]]]}}, {"type": "Feature", "properties": {"unit": "1.3 - 0.95 Ga granitoids", "category": "Mesoproterozoic", "color": "#fda07a", "appearance_age": 1800, "reworking": true, "magmatic_age": 1300, "host_category": "Paleoproterozoic"}, "geometry": {"type": "Polygon", "coordinates": [[[-117.87011807875913, 34.19590556594682], [-118.25305730798662, 34.17957494879145], [-118.37828741840298, 34.23516497572506], [-118.49378191330908, 34.386653705192835], [-118.34876702419713, 34.45421381637929], [-118.26582539891986, 34.433834829273565], [-118.12828415307723, 34.31411172598551], [-117.90397579596127, 34.26589773387903], [-117.87011807875913, 34.19590556594682]]]}}, {"type": "Feature", "properties": {"unit": "1.3 - 0.95 Ga granitoids", "category": "Mesoproterozoic", "color": "#fda07a", "appearance_age": 1450, "reworking": true, "magmatic_age": 1300, "host_category": "Mesoproterozoic"}, "geometry": {"type": "Polygon", "coordinates": [[[-98.09703343698196, 30.221028874916673], [-97.2671712857483, 29.688805279286708], [-97.36452247588322, 29.682296571754602], [-97.5533043772764, 29.360359328282282], [-97.72716573971614, 29.329653486766066], [-98.1671183637052, 29.43976781073028], [-98.34587607905358, 29.701519747267625], [-98.46362297234121, 29.74338153115681], [-98.72077740375188, 30.171530616917778], [-98.46395388641893, 30.05793633706175], [-98.48696806083488, 30.24243469116248], [-98.37557522753015, 30.19766554518364], [-98.2878768553217, 30.35126064365825], [-98.09703343698196, 30.221028874916673]]]}}, {"type": "Feature", "properties": {"unit": "1.3 - 0.95 Ga granitoids", "category": "Mesoproterozoic", "color": "#fda07a", "appearance_age": 1550, "reworking": true, "magmatic_age": 1300, "host_category": "Mesoproterozoic"}, "geometry": {"type": "Polygon", "coordinates": [[[-101.98167843452087, 30.704027179502447], [-101.58064843576503, 30.511085136918673], [-101.63949808379633, 30.46605744430383], [-101.64564055970759, 30.358592068964935], [-101.44782674374083, 30.186072065316], [-101.45113439884551, 29.993777843981935], [-101.56762090617127, 30.03607693054384], [-101.95743674708754, 29.992603914352372], [-103.11014229780291, 30.442156220452887], [-103.0524461315297, 30.608019720853427], [-102.96000488092801, 30.675121421766896], [-102.85115900666122, 30.683844731166936], [-102.65134252478347, 30.559183828312182], [-102.63963361301495, 30.752242238500248], [-102.36621667904264, 30.586689996335462], [-102.30881460994756, 30.61811557551488], [-102.28808047851294, 30.780816722567415], [-101.98167843452087, 30.704027179502447]]]}}, {"type": "Feature", "properties": {"unit": "1.3 - 0.95 Ga granitoids", "category": "Mesoproterozoic", "color": "#fda07a", "appearance_age": 1300, "reworking": true, "magmatic_age": 1300, "host_category": "Mesoproterozoic"}, "geometry": {"type": "Polygon", "coordinates": [[[-100.0234835388094, 29.354922470036392], [-100.12956661284471, 29.36957672633816], [-100.1729383680605, 29.495463255865392], [-100.14261514248459, 29.64378488016612], [-99.9411922281523, 29.71568769023575], [-99.90627448356997, 29.822503812744245], [-99.68866881037276, 29.830459147868755], [-99.61197564520839, 29.722500227852496], [-99.62404826869425, 29.597278002272734], [-100.0234835388094, 29.354922470036392]]]}}, {"type": "Feature", "properties": {"unit": "1.3 - 0.95 Ga granitoids", "category": "Mesoproterozoic", "color": "#fda07a", "appearance_age": 1690, "reworking": true, "magmatic_age": 1300, "host_category": "Paleoproterozoic"}, "geometry": {"type": "Polygon", "coordinates": [[[-106.41632203474754, 31.846946079377588], [-106.41617205653118, 31.789707741536603], [-106.75244931618451, 31.990123593504446], [-106.77096454787093, 32.06407059661098], [-106.75004190680946, 32.16226489360233], [-106.5366295233581, 32.26188600203541], [-106.5856760058392, 32.38914185046599], [-106.52954043117752, 32.46625863806098], [-106.44130525078646, 32.438093080705606], [-106.4353970184648, 32.300927895880044], [-106.37245359143965, 32.22775932633584], [-106.42065041649168, 32.146756211833065], [-106.36884548203972, 31.973722905068456], [-106.41632203474754, 31.846946079377588]]]}}, {"type": "Feature", "properties": {"unit": "1.3 - 0.95 Ga granitoids", "category": "Mesoproterozoic", "color": "#fda07a", "appearance_age": 1550, "reworking": true, "magmatic_age": 1300, "host_category": "Mesoproterozoic"}, "geometry": {"type": "Polygon", "coordinates": [[[-102.19200184382102, 31.551848829429034], [-102.20953767855218, 31.523873327243283], [-102.33267181413282, 31.715139400827148], [-102.09742302560416, 31.700155707007138], [-102.0841394363111, 31.65426180496026], [-102.19200184382102, 31.551848829429034]]]}}, {"type": "Feature", "properties": {"unit": "1.3 - 0.95 Ga granitoids", "category": "Mesoproterozoic", "color": "#fda07a", "appearance_age": 1550, "reworking": true, "magmatic_age": 1300, "host_category": "Mesoproterozoic"}, "geometry": {"type": "Polygon", "coordinates": [[[-102.66216465265155, 31.214947135718237], [-102.70926738868275, 31.199293245401545], [-102.72346336871742, 31.26919792585355], [-102.59309066257727, 31.388583974545046], [-102.66216465265155, 31.214947135718237]]]}}, {"type": "Feature", "properties": {"unit": "1.3 - 0.95 Ga granitoids", "category": "Mesoproterozoic", "color": "#fda07a", "appearance_age": 1550, "reworking": true, "magmatic_age": 1300, "host_category": "Mesoproterozoic"}, "geometry": {"type": "Polygon", "coordinates": [[[-102.20953767855218, 31.523873327243283], [-102.28683057456271, 31.324874908271187], [-102.50121749223531, 31.35335983304124], [-102.47997657419585, 31.474280856404675], [-102.33267181413282, 31.715139400827148], [-102.20953767855218, 31.523873327243283]]]}}, {"type": "Feature", "properties": {"unit": "1.3 - 0.95 Ga granitoids", "category": "Mesoproterozoic", "color": "#fda07a", "appearance_age": 1550, "reworking": true, "magmatic_age": 1300, "host_category": "Mesoproterozoic"}, "geometry": {"type": "Polygon", "coordinates": [[[-102.95355393831436, 31.176102095993567], [-103.18153654982905, 31.252379563466636], [-103.24532642114396, 31.334590646625223], [-103.25242288099888, 31.469548166669767], [-103.19506857942125, 31.59680483891194], [-103.09901786579802, 31.339257900883677], [-102.95355393831436, 31.176102095993567]]]}}, {"type": "Feature", "properties": {"unit": "1.3 - 0.95 Ga granitoids", "category": "Mesoproterozoic", "color": "#fda07a", "appearance_age": 1550, "reworking": true, "magmatic_age": 1300, "host_category": "Mesoproterozoic"}, "geometry": {"type": "Polygon", "coordinates": [[[-84.54023188914212, 32.73228001073802], [-84.59543476264977, 32.759329117325656], [-84.48971284980541, 32.865999371047536], [-84.47557171586564, 32.96350305944477], [-84.32957761822193, 32.97156992605299], [-83.88958663786957, 33.213795725646506], [-83.77285337295763, 33.180804379641465], [-83.78894628263588, 33.0437554992861], [-83.9765129242884, 32.879363186567694], [-84.54023188914212, 32.73228001073802]]]}}, {"type": "Feature", "properties": {"unit": "1.3 - 0.95 Ga granitoids", "category": "Mesoproterozoic", "color": "#fda07a", "appearance_age": 1450, "reworking": true, "magmatic_age": 1300, "host_category": "Mesoproterozoic"}, "geometry": {"type": "Polygon", "coordinates": [[[-85.55051744988809, 32.52605949616617], [-85.40303433326564, 32.6230616825577], [-84.71212404864305, 32.85337707857032], [-84.83682102447155, 32.7494055412381], [-85.55051744988809, 32.52605949616617]]]}}, {"type": "Feature", "properties": {"unit": "1.3 - 0.95 Ga granitoids", "category": "Mesoproterozoic", "color": "#fda07a", "appearance_age": 1300, "reworking": true, "magmatic_age": 1300, "host_category": "Mesoproterozoic"}, "geometry": {"type": "Polygon", "coordinates": [[[-101.1518384945195, 30.12509036059083], [-100.94566634193595, 30.27776130479344], [-100.77387917507302, 30.28994013508748], [-100.51502090258633, 30.098741403543485], [-100.45531030045119, 30.011471823828863], [-100.45360817659319, 29.869649232761226], [-100.61949941387016, 29.868053931906655], [-100.68636361862876, 29.911007967965467], [-100.76658341642928, 30.033050126867753], [-100.74620406155461, 30.138152099156372], [-100.83980348650921, 30.180868956539634], [-101.0653295537817, 30.059517551565836], [-101.1518384945195, 30.12509036059083]]]}}, {"type": "Feature", "properties": {"unit": "1.3 - 0.95 Ga granitoids", "category": "Mesoproterozoic", "color": "#fda07a", "appearance_age": 1300, "reworking": true, "magmatic_age": 1300, "host_category": "Mesoproterozoic"}, "geometry": {"type": "Polygon", "coordinates": [[[-100.2332885422089, 30.097701779751677], [-100.04998035454037, 29.942255884790555], [-100.03197458749841, 29.852925957864596], [-100.24790746643234, 30.013867820183687], [-100.2332885422089, 30.097701779751677]]]}}, {"type": "Feature", "properties": {"unit": "1.3 - 0.95 Ga granitoids", "category": "Mesoproterozoic", "color": "#fda07a", "appearance_age": 1550, "reworking": true, "magmatic_age": 1300, "host_category": "Mesoproterozoic"}, "geometry": {"type": "Polygon", "coordinates": [[[-102.760841079265, 30.97146876617234], [-102.63963361301495, 30.752242238500248], [-103.02922551891801, 30.87259763767256], [-102.97739375365579, 30.96390862167622], [-102.760841079265, 30.97146876617234]]]}}, {"type": "Feature", "properties": {"unit": "1.3 - 0.95 Ga granitoids", "category": "Mesoproterozoic", "color": "#fda07a", "appearance_age": 1550, "reworking": true, "magmatic_age": 1300, "host_category": "Mesoproterozoic"}, "geometry": {"type": "Polygon", "coordinates": [[[-101.60773752697345, 31.036042220231536], [-101.59068091084123, 30.987782141582475], [-101.80203713498503, 31.1317966761271], [-101.63572106244236, 31.224371160618354], [-101.75638962730218, 31.34119225785799], [-101.74906392279975, 31.392604049867742], [-101.61306813095594, 31.512012055449322], [-101.15673112373587, 31.64563774615133], [-101.2100928397801, 31.418562263856728], [-101.41991028192837, 31.290883411322376], [-101.60773752697345, 31.036042220231536]]]}}, {"type": "Feature", "properties": {"unit": "1.3 - 0.95 Ga granitoids", "category": "Mesoproterozoic", "color": "#fda07a", "appearance_age": 1300, "reworking": true, "magmatic_age": 1300, "host_category": "Mesoproterozoic"}, "geometry": {"type": "Polygon", "coordinates": [[[-99.41489139337578, 29.864527012025302], [-99.55792909971778, 30.015200783674953], [-99.3498169732689, 30.122086151533615], [-99.20575119857278, 30.121293880921126], [-98.88619788948861, 29.994654316263794], [-98.77262725958117, 29.76618713446817], [-98.83070824219627, 29.672780424083182], [-99.23864559005945, 29.556945424754872], [-99.44874659165373, 29.663898747332993], [-99.38169796043361, 29.76399007328666], [-99.28331038966212, 29.794806398250362], [-99.31455244929768, 29.858518403128567], [-99.41489139337578, 29.864527012025302]]]}}, {"type": "Feature", "properties": {"unit": "1.3 - 0.95 Ga granitoids", "category": "Mesoproterozoic", "color": "#fda07a", "appearance_age": 1300, "reworking": true, "magmatic_age": 1300, "host_category": "Mesoproterozoic"}, "geometry": {"type": "Polygon", "coordinates": [[[-79.21312366613824, 37.20882747294551], [-79.40173466279629, 37.153815180785756], [-79.46830661600796, 37.169711810219894], [-79.1137099364726, 37.37335488905857], [-79.21312366613824, 37.20882747294551]]]}}, {"type": "Feature", "properties": {"unit": "1.3 - 0.95 Ga granitoids", "category": "Mesoproterozoic", "color": "#fda07a", "appearance_age": 1300, "reworking": true, "magmatic_age": 1300, "host_category": "Mesoproterozoic"}, "geometry": {"type": "Polygon", "coordinates": [[[-80.06603695566353, 37.038861109708854], [-80.23613253727419, 36.980634421047576], [-80.35577444124888, 36.97507219464637], [-80.18865408724085, 37.06035007869458], [-80.06603695566353, 37.038861109708854]]]}}, {"type": "Feature", "properties": {"unit": "1.3 - 0.95 Ga granitoids", "category": "Mesoproterozoic", "color": "#fda07a", "appearance_age": 1300, "reworking": true, "magmatic_age": 1300, "host_category": "Mesoproterozoic"}, "geometry": {"type": "Polygon", "coordinates": [[[-81.41051781008417, 36.199797518014734], [-81.32572229438306, 36.169331656509634], [-81.32891505871848, 36.12792740425941], [-81.45349965717405, 36.02697890885676], [-81.59498941419281, 35.99817097598716], [-81.63029199760066, 35.89380317966743], [-81.75563432447485, 35.859977214526616], [-81.70727091055637, 36.00966298423497], [-81.73923620990514, 36.040472635334034], [-81.67416882773055, 36.11975180969489], [-81.5739807237937, 36.148408308120004], [-81.51796283692312, 36.22335977533857], [-81.41051781008417, 36.199797518014734]]]}}, {"type": "Feature", "properties": {"unit": "1.3 - 0.95 Ga granitoids", "category": "Mesoproterozoic", "color": "#fda07a", "appearance_age": 1300, "reworking": true, "magmatic_age": 1300, "host_category": "Mesoproterozoic"}, "geometry": {"type": "Polygon", "coordinates": [[[-100.86327210059264, 31.03792079294708], [-100.70688505379313, 30.88638754560097], [-100.51513903357076, 30.96795686582333], [-100.42682103580049, 30.715232117764916], [-100.22079122538729, 30.664913946999437], [-100.07749703961058, 30.511474424266606], [-99.80948702908186, 30.503622701931576], [-99.75608497542267, 30.42396786419113], [-99.84165821575749, 30.339007142512838], [-99.8038579962066, 30.12677246985414], [-99.94373465568088, 30.073859816327353], [-100.11914366534089, 30.122444341982455], [-100.31788709087473, 30.25472856384797], [-100.51633884544633, 30.229784392980832], [-100.78953165453052, 30.494740737168915], [-101.37946156211284, 30.352103362069393], [-101.66583074825397, 30.57814169605413], [-102.28808047851294, 30.780816722567415], [-102.32424201547568, 30.949106390421417], [-102.13568039196876, 30.845371034103632], [-101.96954710123482, 30.859534812905174], [-101.80203713498503, 31.1317966761271], [-101.59068091084123, 30.987782141582475], [-101.1044842033924, 31.172800648822072], [-100.86327210059264, 31.03792079294708]]]}}, {"type": "Feature", "properties": {"unit": "1.3 - 0.95 Ga granitoids", "category": "Mesoproterozoic", "color": "#fda07a", "appearance_age": 1300, "reworking": true, "magmatic_age": 1300, "host_category": "Mesoproterozoic"}, "geometry": {"type": "Polygon", "coordinates": [[[-73.81635973759984, 40.97681609515623], [-73.84205793192771, 41.06244891621383], [-73.77597306765956, 41.1609660087082], [-73.50327833689455, 41.256615137318214], [-73.64303168281495, 41.03000698245442], [-73.81635973759984, 40.97681609515623]]]}}, {"type": "Feature", "properties": {"unit": "1.3 - 0.95 Ga granitoids", "category": "Mesoproterozoic", "color": "#fda07a", "appearance_age": 1300, "reworking": true, "magmatic_age": 1300, "host_category": "Mesoproterozoic"}, "geometry": {"type": "Polygon", "coordinates": [[[-75.65726596494605, 39.90654920107985], [-75.69403069348743, 39.96958845169228], [-75.94418184705887, 39.955104521923545], [-76.06134645137632, 39.998324066672176], [-75.98923353881263, 40.087454562239834], [-75.85571269213665, 40.13731892344497], [-75.22529490780661, 40.15007650302557], [-74.8834497761695, 40.269093686551], [-74.73590862446618, 40.26505687615941], [-74.82952591012277, 40.18881480482431], [-75.1846671444903, 40.07897323893345], [-75.49184997444996, 39.91999312167658], [-75.65726596494605, 39.90654920107985]]]}}, {"type": "Feature", "properties": {"unit": "1.3 - 0.95 Ga granitoids", "category": "Mesoproterozoic", "color": "#fda07a", "appearance_age": 1300, "reworking": true, "magmatic_age": 1300, "host_category": "Mesoproterozoic"}, "geometry": {"type": "Polygon", "coordinates": [[[-56.378636063409836, 50.82736328785058], [-56.356312213797246, 50.60914251764687], [-56.472699707082086, 50.434119405751126], [-56.58603229586967, 50.368763246887994], [-56.575723833363, 50.20441961569733], [-57.352639765277054, 49.33724012952647], [-57.600565119521974, 49.62254541818025], [-57.57670814299047, 49.700984355639704], [-57.079166063857954, 50.23965372797512], [-57.066461052025616, 50.31242496426741], [-56.93702897629677, 50.40627741121292], [-56.62501100897034, 50.87568079691255], [-56.518677479592114, 50.95374743669696], [-56.378636063409836, 50.82736328785058]]]}}, {"type": "Feature", "properties": {"unit": "1.3 - 0.95 Ga granitoids", "category": "Mesoproterozoic", "color": "#fda07a", "appearance_age": 1690, "reworking": true, "magmatic_age": 1300, "host_category": "Paleoproterozoic"}, "geometry": {"type": "Polygon", "coordinates": [[[-64.69363558733001, 52.03119229467156], [-64.45575424643684, 51.94351084323966], [-64.12778347742577, 51.933724824761335], [-64.09021076702155, 51.85971976361245], [-64.13251796420997, 51.7635761273716], [-63.86512602239113, 51.48179463147378], [-63.68526743081896, 51.36689103205628], [-63.51926368348992, 51.33189306156617], [-63.46577089683179, 51.52895284689949], [-63.34798524514671, 51.569074941198096], [-63.02340416890792, 51.481520442396715], [-62.886813166780804, 51.286663315052195], [-62.87608671240589, 51.18582190613904], [-62.93770723995187, 51.14630588894313], [-63.43879325167309, 51.20450138545201], [-63.908850206247024, 50.92672791655676], [-64.04975786081005, 50.722708203981796], [-63.92630047598122, 50.539626230769564], [-63.888140329732025, 50.373504272697694], [-63.94980180649584, 50.26497203689248], [-64.0813249976259, 50.19429572947622], [-64.80276266617861, 50.11410125737114], [-65.94404584607925, 50.1213653435162], [-66.31207730647861, 50.06282696619074], [-66.20551426978714, 50.139526896063074], [-65.92328916805984, 50.22091027613048], [-66.10858925463232, 50.28654029194504], [-66.05591807115798, 50.3503632795245], [-65.74477132368042, 50.338494265153614], [-65.59690460504653, 50.41949634026998], [-65.56375297693783, 50.480802305544756], [-65.59587174036758, 50.58731855175166], [-65.74337238774874, 50.71813358056835], [-65.69110549771924, 50.79129941816276], [-65.3549039534986, 50.979534792768966], [-65.27784679579626, 50.968029175133104], [-65.13093612918672, 50.84074307334976], [-65.17115555337378, 50.981109859330225], [-65.29204609308422, 51.041441402011316], [-65.69167487777874, 51.03745932898487], [-65.63848635002134, 50.94485716432403], [-65.73069882909584, 50.87764332289881], [-66.44531498685667, 50.770601582675646], [-66.84752760853318, 50.83898007988098], [-66.83574914420555, 50.9076652986748], [-66.62786836485466, 50.98346716705087], [-66.47869892755848, 51.105529560858706], [-66.45978753123708, 51.25541305861444], [-66.20181968333274, 51.50559643481589], [-66.18882967019002, 51.399444827573134], [-66.13207674473533, 51.37596922374583], [-65.91851207936772, 51.46253648671323], [-65.64368039031585, 51.778055164202215], [-65.2567317046757, 52.03854726553089], [-65.24242441909212, 52.122481219140056], [-65.29769842386334, 52.20130391311568], [-65.04337816076209, 52.12404005879242], [-64.81363197360928, 52.263305903895294], [-64.42455470584387, 52.2777441004628], [-64.62299435015565, 52.1929438881023], [-64.69363558733001, 52.03119229467156]]]}}, {"type": "Feature", "properties": {"unit": "1.3 - 0.95 Ga granitoids", "category": "Mesoproterozoic", "color": "#fda07a", "appearance_age": 1300, "reworking": true, "magmatic_age": 1300, "host_category": "Mesoproterozoic"}, "geometry": {"type": "Polygon", "coordinates": [[[-76.00112900699095, 44.09575773895683], [-76.10227442886307, 43.91924073768496], [-76.1644453659126, 43.92905237625928], [-76.12176752321336, 44.07265715003593], [-76.28867402463823, 44.045237281317604], [-76.3247769041905, 44.07702021537099], [-76.26266844371243, 44.161066234843936], [-75.91001139060495, 44.2569796388295], [-76.00112900699095, 44.09575773895683]]]}}, {"type": "Feature", "properties": {"unit": "1.3 - 0.95 Ga granitoids", "category": "Mesoproterozoic", "color": "#fda07a", "appearance_age": 1300, "reworking": true, "magmatic_age": 1300, "host_category": "Mesoproterozoic"}, "geometry": {"type": "Polygon", "coordinates": [[[-74.88030006456827, 44.99791351953264], [-75.06344966548977, 44.719769442853675], [-74.95496333167596, 44.655694095431706], [-74.8671578086997, 44.75697987674733], [-74.81104303920182, 44.75125676284677], [-74.88801770026659, 44.565451177280636], [-75.09518927784728, 44.621683173753894], [-75.65651380956655, 44.39126850513059], [-75.73279547609287, 44.39217363369426], [-75.73538732117109, 44.441930025831766], [-75.78644724530663, 44.455812238163766], [-75.94356236683119, 44.33897706240503], [-76.82069903419959, 44.15175900463459], [-76.76756357644886, 44.21259210269489], [-76.24542881797271, 44.38117753710255], [-76.16590102463279, 44.47475756044021], [-75.9980522033984, 44.409255624986656], [-75.79710290513319, 44.67103457752267], [-75.75497352364958, 44.6601774917897], [-75.78820715676754, 44.525589805976054], [-75.72424992035776, 44.492367761201116], [-75.64274095193299, 44.62132688355787], [-75.67297343576419, 44.8736439413423], [-75.58951550497551, 44.945916429079624], [-75.43144500699637, 44.94466237105907], [-75.25854773296484, 45.04578732473546], [-75.32202190426992, 44.915454089698805], [-75.60159775737446, 44.65889596145954], [-75.61472094263326, 44.57473414104233], [-75.57790486100777, 44.56902939729753], [-75.4285468781899, 44.73466861821441], [-75.26246737598365, 44.76078809621239], [-75.19495570249173, 44.92498052767061], [-74.93653381580712, 45.237211682528184], [-74.88030006456827, 44.99791351953264]]]}}, {"type": "Feature", "properties": {"unit": "1.3 - 0.95 Ga granitoids", "category": "Mesoproterozoic", "color": "#fda07a", "appearance_age": 1300, "reworking": true, "magmatic_age": 1300, "host_category": "Mesoproterozoic"}, "geometry": {"type": "Polygon", "coordinates": [[[-76.12130796049352, 44.058254018590894], [-76.13116931730157, 44.027475804734806], [-76.21597162300844, 44.05851919795512], [-76.17377963842372, 44.074663223242936], [-76.12130796049352, 44.058254018590894]]]}}, {"type": "Feature", "properties": {"unit": "1.3 - 0.95 Ga granitoids", "category": "Mesoproterozoic", "color": "#fda07a", "appearance_age": 1300, "reworking": true, "magmatic_age": 1300, "host_category": "Mesoproterozoic"}, "geometry": {"type": "Polygon", "coordinates": [[[-78.2905524385438, 39.96875219865172], [-78.41140104279812, 40.035594948992895], [-78.4967308859649, 40.21065269239268], [-77.7895546027307, 40.692189497776205], [-77.93194913612358, 40.55411013449285], [-78.14305170340172, 40.07027033640379], [-78.2905524385438, 39.96875219865172]]]}}, {"type": "Feature", "properties": {"unit": "1.3 - 0.95 Ga granitoids", "category": "Mesoproterozoic", "color": "#fda07a", "appearance_age": 780, "reworking": true, "magmatic_age": 1300, "host_category": "Neoprot\u2013Cambrian rift"}, "geometry": {"type": "Polygon", "coordinates": [[[-80.3100303553099, 38.54244968730818], [-80.48580777732117, 38.44913240004581], [-80.59615700754107, 38.58786509011713], [-80.82711540925045, 38.44531434636339], [-80.96093225035607, 38.42029771932866], [-79.75404479022231, 39.29154555280723], [-80.00254414009497, 39.027954420566005], [-80.11674941318007, 38.75576407058462], [-80.3100303553099, 38.54244968730818]]]}}, {"type": "Feature", "properties": {"unit": "1.3 - 0.95 Ga granitoids", "category": "Mesoproterozoic", "color": "#fda07a", "appearance_age": 1550, "reworking": true, "magmatic_age": 1300, "host_category": "Mesoproterozoic"}, "geometry": {"type": "Polygon", "coordinates": [[[-80.27811396663745, 40.40834121235343], [-79.90231349359769, 40.308080220748884], [-80.84573430077616, 39.62657262639007], [-80.89295684576757, 39.65113858634967], [-80.95023395910628, 39.94642411052239], [-80.70889677792266, 40.11333827741698], [-80.70091579961493, 40.311152864727205], [-80.5270964222747, 40.45383122535095], [-80.27811396663745, 40.40834121235343]]]}}, {"type": "Feature", "properties": {"unit": "1.3 - 0.95 Ga granitoids", "category": "Mesoproterozoic", "color": "#fda07a", "appearance_age": 780, "reworking": true, "magmatic_age": 1300, "host_category": "Neoprot\u2013Cambrian rift"}, "geometry": {"type": "Polygon", "coordinates": [[[-77.7895546027307, 40.692189497776205], [-78.52443417862368, 40.182717974567005], [-78.70497967492827, 40.24872908315309], [-78.73209544860345, 40.37172396716608], [-78.67852668598262, 40.53359232981105], [-78.26179701074577, 40.82982587976049], [-77.81971383078418, 41.04126728152948], [-76.88429996406539, 41.202397512439916], [-77.48626481329319, 40.89905515201326], [-77.7895546027307, 40.692189497776205]]]}}, {"type": "Feature", "properties": {"unit": "1.3 - 0.95 Ga granitoids", "category": "Mesoproterozoic", "color": "#fda07a", "appearance_age": 780, "reworking": true, "magmatic_age": 1300, "host_category": "Neoprot\u2013Cambrian rift"}, "geometry": {"type": "Polygon", "coordinates": [[[-79.05317074806129, 39.79736114756158], [-80.45064775309683, 38.76539305526119], [-81.09624783214197, 38.32749423414277], [-80.72289316387405, 38.94251521023949], [-79.19368807349372, 39.98815352600905], [-79.0554800173309, 39.894023085859224], [-79.05317074806129, 39.79736114756158]]]}}, {"type": "Feature", "properties": {"unit": "1.3 - 0.95 Ga granitoids", "category": "Mesoproterozoic", "color": "#fda07a", "appearance_age": 1690, "reworking": true, "magmatic_age": 1300, "host_category": "Paleoproterozoic"}, "geometry": {"type": "Polygon", "coordinates": [[[-62.620748461226675, 51.373592555728735], [-62.702425586748426, 51.30347669607355], [-62.838141979877065, 51.31671658831661], [-62.8461584441012, 51.50138903316358], [-62.9103335453733, 51.57385744393368], [-62.63600983523473, 51.576128377614054], [-62.57914609330439, 51.385379288696136], [-62.620748461226675, 51.373592555728735]]]}}, {"type": "Feature", "properties": {"unit": "1.3 - 0.95 Ga granitoids", "category": "Mesoproterozoic", "color": "#fda07a", "appearance_age": 1690, "reworking": true, "magmatic_age": 1300, "host_category": "Paleoproterozoic"}, "geometry": {"type": "Polygon", "coordinates": [[[-68.34185356514075, 51.39205223191935], [-68.43726684212798, 51.4216904556014], [-68.41297791616817, 51.4753449130703], [-68.06474994802723, 51.52102966991545], [-67.83986920016832, 51.48482998268605], [-68.34185356514075, 51.39205223191935]]]}}, {"type": "Feature", "properties": {"unit": "1.3 - 0.95 Ga granitoids", "category": "Mesoproterozoic", "color": "#fda07a", "appearance_age": 1550, "reworking": true, "magmatic_age": 1300, "host_category": "Mesoproterozoic"}, "geometry": {"type": "Polygon", "coordinates": [[[-70.64725154330807, 48.745277926765404], [-70.72181649867186, 48.61241607499236], [-70.99289627812672, 48.480950357439305], [-71.02762426854137, 48.409557659670696], [-70.77903785935243, 48.15929229708401], [-71.12190009851061, 48.10125183280135], [-71.19616595369519, 48.02597427805794], [-70.99666188094777, 47.7469566428502], [-70.9080426833259, 47.79074253938905], [-70.8904907604895, 47.99284858768839], [-70.83509302087587, 48.03034388055318], [-70.80776754121432, 47.92460142959481], [-70.69814214723353, 47.87051266746609], [-70.8041727395996, 47.72751013846856], [-70.79465361920691, 47.63775011124743], [-70.96248022439295, 47.617748886632036], [-70.97250403077035, 47.43410290543221], [-71.30508907819949, 47.31492146730743], [-71.65674764669866, 46.99856744354971], [-72.06672797050418, 47.00331005915975], [-72.24001833599674, 47.25656121855895], [-72.13139957323352, 47.725303923044514], [-72.04437710097235, 47.835690904683375], [-71.94216145335777, 47.876808432416354], [-71.83632428929543, 47.837655579408576], [-71.76532523306342, 47.71613202188713], [-71.71825338812212, 47.72209692043451], [-71.62408112858624, 47.86598409800526], [-71.75753936558874, 47.92836010219213], [-71.67118792581459, 48.069883857348294], [-71.53723571304897, 48.17368110936114], [-71.24887424810235, 48.26906839965532], [-71.16985147358186, 48.52439912475109], [-71.22831438785806, 48.58590694804211], [-71.30127694912153, 48.38088390523317], [-71.48682503607786, 48.2498500687574], [-71.57118847655808, 48.26053629210781], [-71.64540109901282, 48.340331491553876], [-71.80415935478368, 48.35973698427025], [-71.9390920680243, 48.532964405933846], [-72.27559482539772, 48.755713204702744], [-72.22386183553682, 48.85066945250869], [-71.98322934359533, 48.94679523665385], [-71.95180686574876, 49.02051968127749], [-72.04996440807419, 49.06645620306003], [-72.08129310463269, 49.059197526214994], [-72.05755558394712, 48.98751806919872], [-72.10531290512958, 48.96131888720992], [-72.2584486154498, 48.95500181744766], [-72.34817525845938, 49.15243516524077], [-72.34425628485427, 49.33772499865176], [-72.44664881014079, 49.41345174232131], [-72.23251746357553, 49.422581128918495], [-71.84927528928009, 49.54581460611099], [-71.4729956556851, 49.50918605631291], [-71.20601702866999, 49.54797639892122], [-70.94607569653941, 49.645858545820424], [-71.08159930332673, 49.68527719815844], [-70.9855312325454, 49.77248979396482], [-70.87954681313597, 49.77327965731612], [-70.6955576906459, 49.692178044421716], [-70.58095310837389, 49.56148127461495], [-70.63168206322709, 49.31849770063256], [-70.54125800977721, 49.10682520793903], [-70.61537939008848, 49.02708121962923], [-70.64725154330807, 48.745277926765404]]]}}, {"type": "Feature", "properties": {"unit": "1.3 - 0.95 Ga granitoids", "category": "Mesoproterozoic", "color": "#fda07a", "appearance_age": 1550, "reworking": true, "magmatic_age": 1300, "host_category": "Mesoproterozoic"}, "geometry": {"type": "Polygon", "coordinates": [[[-57.81692745480227, 48.66829012240083], [-57.82830462776489, 48.64741631321498], [-58.03493682670348, 48.43206129664522], [-58.07693106494608, 48.53525313498274], [-58.04561507294328, 48.599066099998765], [-57.86180486095446, 48.74637599052786], [-57.81692745480227, 48.66829012240083]]]}}, {"type": "Feature", "properties": {"unit": "1.3 - 0.95 Ga granitoids", "category": "Mesoproterozoic", "color": "#fda07a", "appearance_age": 1550, "reworking": true, "magmatic_age": 1300, "host_category": "Mesoproterozoic"}, "geometry": {"type": "Polygon", "coordinates": [[[-80.38425253714114, 41.50372945015372], [-80.47327344807778, 41.4940328806932], [-80.52968528644232, 41.54708828644596], [-80.51125384494237, 41.61437618532058], [-80.25293614319158, 41.827148920338985], [-80.27264631545881, 41.962023865398216], [-79.95309203880232, 42.039598710774676], [-79.89915402344631, 42.139568045020184], [-79.6933809023855, 42.24294886660228], [-79.6157338193385, 42.222677638996515], [-79.6262533558486, 42.16775421943978], [-79.76369093085653, 42.079418605041475], [-79.7885901183202, 41.964401809336685], [-80.03604671197445, 41.82531057553798], [-80.03486426834577, 41.70751160710686], [-80.13581926678685, 41.54745578970579], [-80.38425253714114, 41.50372945015372]]]}}, {"type": "Feature", "properties": {"unit": "1.3 - 0.95 Ga granitoids", "category": "Mesoproterozoic", "color": "#fda07a", "appearance_age": 1550, "reworking": true, "magmatic_age": 1300, "host_category": "Mesoproterozoic"}, "geometry": {"type": "Polygon", "coordinates": [[[-80.53558368106141, 41.66177724626019], [-80.85377896792156, 41.62132437631024], [-80.82697253228542, 41.767601732871356], [-80.9111564718812, 41.85026675804262], [-80.43894515884806, 41.97597162848564], [-80.35577530513396, 41.84159687693159], [-80.53558368106141, 41.66177724626019]]]}}, {"type": "Feature", "properties": {"unit": "1.3 - 0.95 Ga granitoids", "category": "Mesoproterozoic", "color": "#fda07a", "appearance_age": 1300, "reworking": true, "magmatic_age": 1300, "host_category": "Mesoproterozoic"}, "geometry": {"type": "Polygon", "coordinates": [[[-78.73614891698263, 39.27386937011296], [-78.80169758690725, 39.20327138269295], [-78.9077048968194, 39.29129569739768], [-79.0718681210027, 39.32996723242406], [-79.28008437853418, 39.232104215928395], [-79.49836435427706, 39.47993098245961], [-79.05317074806129, 39.79736114756158], [-79.0495028598928, 39.731886124636134], [-78.75591444011431, 39.489389997031786], [-78.73614891698263, 39.27386937011296]]]}}, {"type": "Feature", "properties": {"unit": "1.3 - 0.95 Ga granitoids", "category": "Mesoproterozoic", "color": "#fda07a", "appearance_age": 1300, "reworking": true, "magmatic_age": 1300, "host_category": "Mesoproterozoic"}, "geometry": {"type": "Polygon", "coordinates": [[[-73.55160079980395, 41.65831170015466], [-73.58282996088276, 41.73723451612802], [-73.51350293316487, 41.84338608980406], [-73.26366355724268, 41.91446853901253], [-73.2964987893454, 41.80281853250083], [-73.55160079980395, 41.65831170015466]]]}}, {"type": "Feature", "properties": {"unit": "1.3 - 0.95 Ga granitoids", "category": "Mesoproterozoic", "color": "#fda07a", "appearance_age": 1300, "reworking": true, "magmatic_age": 1300, "host_category": "Mesoproterozoic"}, "geometry": {"type": "Polygon", "coordinates": [[[-76.86058613742402, 39.145006861669586], [-76.89496569785535, 39.25636804744529], [-76.67137391321674, 39.55730450846031], [-76.55880562282206, 39.63454161285908], [-76.38302876637997, 39.638077757358154], [-76.33438040950385, 39.52497944071855], [-76.3751816157824, 39.44240782268541], [-76.45673168814238, 39.389801676664675], [-76.65811483309483, 39.36967598377009], [-76.77721220277019, 39.19200919145081], [-76.86058613742402, 39.145006861669586]]]}}, {"type": "Feature", "properties": {"unit": "1.3 - 0.95 Ga granitoids", "category": "Mesoproterozoic", "color": "#fda07a", "appearance_age": 1550, "reworking": true, "magmatic_age": 1300, "host_category": "Mesoproterozoic"}, "geometry": {"type": "Polygon", "coordinates": [[[-80.63518765897209, 37.66006501224567], [-80.74809384295364, 37.701496548112985], [-80.81014910080954, 37.794891627357146], [-80.75666851956909, 38.11625717689995], [-80.87928375498022, 38.23612170082347], [-80.70433913113297, 38.34481552911941], [-80.57962274701583, 38.32450703409328], [-80.47093765805732, 38.40891589689288], [-80.3730838261171, 38.41449593089597], [-80.29905306283261, 38.315554694570615], [-80.5823502824309, 38.06922343934796], [-80.46373411671043, 37.97847966166319], [-80.45729427846899, 37.913604766795025], [-80.63518765897209, 37.66006501224567]]]}}, {"type": "Feature", "properties": {"unit": "1.3 - 0.95 Ga granitoids", "category": "Mesoproterozoic", "color": "#fda07a", "appearance_age": 1690, "reworking": true, "magmatic_age": 1300, "host_category": "Paleoproterozoic"}, "geometry": {"type": "Polygon", "coordinates": [[[-59.5295824079724, 51.686463972025734], [-59.60915222673641, 51.7005870536755], [-59.53803976327033, 51.8025839322543], [-59.393536190871366, 51.762253564434026], [-59.417680786917465, 51.714279812169984], [-59.5295824079724, 51.686463972025734]]]}}, {"type": "Feature", "properties": {"unit": "1.3 - 0.95 Ga granitoids", "category": "Mesoproterozoic", "color": "#fda07a", "appearance_age": 1550, "reworking": true, "magmatic_age": 1300, "host_category": "Mesoproterozoic"}, "geometry": {"type": "Polygon", "coordinates": [[[-60.97664661593119, 51.748063994431135], [-61.02606553674417, 51.797991255882486], [-60.93488019037115, 51.82842132065025], [-60.90750194570195, 51.929393186668456], [-60.79914292069339, 52.00415984570619], [-60.5841550785997, 51.95622263083748], [-60.83333766211129, 51.864900621112895], [-60.91619185111602, 51.75589311634749], [-60.97664661593119, 51.748063994431135]]]}}, {"type": "Feature", "properties": {"unit": "1.3 - 0.95 Ga granitoids", "category": "Mesoproterozoic", "color": "#fda07a", "appearance_age": 2500, "reworking": true, "magmatic_age": 1300, "host_category": "Archean provinces"}, "geometry": {"type": "Polygon", "coordinates": [[[-64.48531078998138, 53.993098130310244], [-65.06083754681138, 53.94108725323618], [-65.21509540648373, 54.007327527591244], [-65.26217021717241, 54.07792194250912], [-65.19886464334921, 54.15553609653767], [-65.06385943947998, 54.16771795046862], [-64.67487901190613, 54.09331197203196], [-64.48531078998138, 53.993098130310244]]]}}, {"type": "Feature", "properties": {"unit": "1.3 - 0.95 Ga granitoids", "category": "Mesoproterozoic", "color": "#fda07a", "appearance_age": 1690, "reworking": true, "magmatic_age": 1300, "host_category": "Paleoproterozoic"}, "geometry": {"type": "Polygon", "coordinates": [[[-64.5844112433685, 53.77956092471085], [-64.83230164899821, 53.7633404987597], [-64.90585085844502, 53.86734854549583], [-65.06083754681138, 53.94108725323618], [-64.48531078998138, 53.993098130310244], [-64.62439717233995, 53.85001258222241], [-64.5844112433685, 53.77956092471085]]]}}, {"type": "Feature", "properties": {"unit": "1.3 - 0.95 Ga granitoids", "category": "Mesoproterozoic", "color": "#fda07a", "appearance_age": 1550, "reworking": true, "magmatic_age": 1300, "host_category": "Mesoproterozoic"}, "geometry": {"type": "Polygon", "coordinates": [[[-62.09328880335386, 51.70749779521361], [-62.14506516783841, 51.673269863840275], [-62.24836274607315, 51.7253944813863], [-62.30150398671216, 51.766172549842], [-62.29755158969348, 51.849909179476505], [-62.184582563874955, 51.8811981980478], [-62.09328880335386, 51.70749779521361]]]}}, {"type": "Feature", "properties": {"unit": "1.3 - 0.95 Ga granitoids", "category": "Mesoproterozoic", "color": "#fda07a", "appearance_age": 1550, "reworking": true, "magmatic_age": 1300, "host_category": "Mesoproterozoic"}, "geometry": {"type": "Polygon", "coordinates": [[[-61.71610775996518, 51.55174779672195], [-61.6424228077499, 51.475000829100566], [-61.44288306405396, 51.41308402399364], [-61.51148415896292, 51.64129498373635], [-61.42943653708988, 51.735345400398], [-61.30075248756886, 51.74360629999506], [-61.20003250225621, 51.59018130880661], [-61.11167046816936, 51.55778947108178], [-60.95851477385877, 51.711612136303486], [-60.873649590914354, 51.54609605482266], [-60.76049359129761, 51.489514766347476], [-60.736661974098006, 51.307626843985844], [-60.83597855725269, 51.13007991269211], [-61.044478695610636, 50.955490071230344], [-61.2505806260372, 50.85205370058633], [-61.49884385695216, 50.81339067024521], [-61.65709654830124, 50.85289037753388], [-62.06949061749721, 51.177934231032474], [-62.442751389692404, 51.117177400428616], [-62.35511312554088, 51.21666521181554], [-62.56852315573899, 51.262402490273914], [-62.548374087503404, 51.34464753170773], [-62.267907087642016, 51.518404509502865], [-62.16468693958788, 51.636749212491395], [-61.71610775996518, 51.55174779672195]]]}}, {"type": "Feature", "properties": {"unit": "1.3 - 0.95 Ga granitoids", "category": "Mesoproterozoic", "color": "#fda07a", "appearance_age": 1550, "reworking": true, "magmatic_age": 1300, "host_category": "Mesoproterozoic"}, "geometry": {"type": "Polygon", "coordinates": [[[-62.560840272650836, 51.57889247540676], [-62.423149178876336, 51.61075991589909], [-62.32596253431585, 51.54525014560011], [-62.49656478988009, 51.4860429764726], [-62.568662373519345, 51.53726997106596], [-62.560840272650836, 51.57889247540676]]]}}, {"type": "Feature", "properties": {"unit": "1.3 - 0.95 Ga granitoids", "category": "Mesoproterozoic", "color": "#fda07a", "appearance_age": 1550, "reworking": true, "magmatic_age": 1300, "host_category": "Mesoproterozoic"}, "geometry": {"type": "Polygon", "coordinates": [[[-58.20739050135588, 48.67442536526991], [-58.191953110454136, 48.738582318610355], [-58.13761014795912, 48.75801433926027], [-58.11754540385926, 48.73086650705198], [-58.20739050135588, 48.67442536526991]]]}}, {"type": "Feature", "properties": {"unit": "1.3 - 0.95 Ga granitoids", "category": "Mesoproterozoic", "color": "#fda07a", "appearance_age": 1690, "reworking": true, "magmatic_age": 1300, "host_category": "Paleoproterozoic"}, "geometry": {"type": "Polygon", "coordinates": [[[-66.93284508443095, 50.586000881141665], [-67.00358968852537, 50.587806773728616], [-66.7501728765681, 50.75138872173903], [-66.58300384242544, 50.70567066870385], [-66.68200800447579, 50.46045260308683], [-66.89782071046875, 50.493230146847615], [-66.93284508443095, 50.586000881141665]]]}}, {"type": "Feature", "properties": {"unit": "1.3 - 0.95 Ga granitoids", "category": "Mesoproterozoic", "color": "#fda07a", "appearance_age": 1550, "reworking": true, "magmatic_age": 1300, "host_category": "Mesoproterozoic"}, "geometry": {"type": "Polygon", "coordinates": [[[-69.87131551152915, 49.96876724158746], [-69.58860155210779, 49.968455014066684], [-69.4431858557168, 49.86909653332455], [-69.51864827486423, 49.7904060109631], [-69.81941583577682, 49.70760564738335], [-69.87497423480225, 49.70626816009923], [-69.89234289306364, 49.77989107195935], [-70.08370098236121, 49.68757605218223], [-70.11068914070015, 49.643194408812505], [-70.00889510267554, 49.63232574498689], [-70.10034430010136, 49.46028369458185], [-70.20072767070714, 49.38033024754335], [-70.31772446094722, 49.35247877348658], [-70.49362613641145, 49.416783289329686], [-70.46032160805579, 49.51412361745127], [-70.2550820320218, 49.56923498988438], [-70.17950839310323, 49.70760595634855], [-70.03799175571869, 49.774158538025816], [-69.9840642558972, 49.893195230624464], [-69.87131551152915, 49.96876724158746]]]}}, {"type": "Feature", "properties": {"unit": "1.3 - 0.95 Ga granitoids", "category": "Mesoproterozoic", "color": "#fda07a", "appearance_age": 1550, "reworking": true, "magmatic_age": 1300, "host_category": "Mesoproterozoic"}, "geometry": {"type": "Polygon", "coordinates": [[[-70.28135298508353, 47.80150663142924], [-70.24452634897835, 47.93890293120702], [-70.29358090316838, 48.15156944465706], [-70.5699748930548, 48.18190774105511], [-70.66201056064861, 48.27568735369147], [-70.48616202859792, 48.4817015726955], [-70.44177993903273, 48.72877938728529], [-70.23892140676536, 48.855556945851845], [-70.19703877336784, 48.787866270383624], [-70.25470705475244, 48.52840058492886], [-70.24227161551543, 48.270257264672416], [-70.09809388004031, 48.14737313052992], [-70.26354025113488, 47.771763232379826], [-70.28135298508353, 47.80150663142924]]]}}, {"type": "Feature", "properties": {"unit": "1.3 - 0.95 Ga granitoids", "category": "Mesoproterozoic", "color": "#fda07a", "appearance_age": 1550, "reworking": true, "magmatic_age": 1300, "host_category": "Mesoproterozoic"}, "geometry": {"type": "Polygon", "coordinates": [[[-70.3651641177298, 47.924040901116165], [-70.42803477265781, 47.84949477311211], [-70.4968273944834, 47.86778857892691], [-70.55036849846897, 47.9519521103384], [-70.50235918897805, 48.07891661893696], [-70.31714262752008, 48.07931396042077], [-70.3651641177298, 47.924040901116165]]]}}, {"type": "Feature", "properties": {"unit": "1.3 - 0.95 Ga granitoids", "category": "Mesoproterozoic", "color": "#fda07a", "appearance_age": 1550, "reworking": true, "magmatic_age": 1300, "host_category": "Mesoproterozoic"}, "geometry": {"type": "Polygon", "coordinates": [[[-70.55623407971161, 47.811189397583185], [-70.51493199966447, 47.70471325982966], [-70.56769868462273, 47.59902874411973], [-70.6678604818362, 47.70804067062438], [-70.55623407971161, 47.811189397583185]]]}}, {"type": "Feature", "properties": {"unit": "1.3 - 0.95 Ga granitoids", "category": "Mesoproterozoic", "color": "#fda07a", "appearance_age": 1300, "reworking": true, "magmatic_age": 1300, "host_category": "Mesoproterozoic"}, "geometry": {"type": "Polygon", "coordinates": [[[-75.27317991186217, 44.33287311597366], [-75.61493309132773, 44.11186518427641], [-75.77828411211945, 44.150952157371876], [-75.6835928330611, 44.26267325710586], [-75.68008780500854, 44.16588209366159], [-75.27317991186217, 44.33287311597366]]]}}, {"type": "Feature", "properties": {"unit": "1.3 - 0.95 Ga granitoids", "category": "Mesoproterozoic", "color": "#fda07a", "appearance_age": 1300, "reworking": true, "magmatic_age": 1300, "host_category": "Mesoproterozoic"}, "geometry": {"type": "Polygon", "coordinates": [[[-75.41632521907549, 45.102306020115016], [-75.46838702051633, 45.11693623854219], [-75.33202547139786, 45.35564577649305], [-75.16318806302291, 45.48462834216218], [-75.17171126411618, 45.34811621620325], [-75.28143265597836, 45.18539768290498], [-75.41632521907549, 45.102306020115016]]]}}, {"type": "Feature", "properties": {"unit": "1.3 - 0.95 Ga granitoids", "category": "Mesoproterozoic", "color": "#fda07a", "appearance_age": 1300, "reworking": true, "magmatic_age": 1300, "host_category": "Mesoproterozoic"}, "geometry": {"type": "Polygon", "coordinates": [[[-76.248228393821, 44.66987315810782], [-76.10234462029894, 44.60402543821062], [-76.08291179473899, 44.53671224605829], [-76.48445671123967, 44.34127727321813], [-76.80678033187368, 44.33748969408251], [-76.38558412420512, 44.468293570380645], [-76.33700465091115, 44.55542267950946], [-76.41102773093294, 44.71910280248295], [-76.36861964306162, 44.76074087051656], [-76.248228393821, 44.66987315810782]]]}}, {"type": "Feature", "properties": {"unit": "1.3 - 0.95 Ga granitoids", "category": "Mesoproterozoic", "color": "#fda07a", "appearance_age": 1300, "reworking": true, "magmatic_age": 1300, "host_category": "Mesoproterozoic"}, "geometry": {"type": "Polygon", "coordinates": [[[-75.78394460881566, 44.967204225070184], [-75.95694320263686, 44.862542696991596], [-76.03869741445448, 44.85667317134248], [-76.10648976221304, 44.92543359216634], [-76.01016243000784, 44.993859230484624], [-75.90839472911381, 44.9804617467532], [-75.85251793614404, 45.033665177059], [-75.70686818346374, 45.050437449653195], [-75.78394460881566, 44.967204225070184]]]}}, {"type": "Feature", "properties": {"unit": "1.3 - 0.95 Ga granitoids", "category": "Mesoproterozoic", "color": "#fda07a", "appearance_age": 1300, "reworking": true, "magmatic_age": 1300, "host_category": "Mesoproterozoic"}, "geometry": {"type": "Polygon", "coordinates": [[[-74.35460478866386, 44.61648999163299], [-74.53390341483428, 44.4526717907191], [-74.86412516467887, 44.37082054928824], [-75.00866103809668, 44.23943773849086], [-75.00966193410223, 44.341953073432705], [-74.90602750710758, 44.4240928214272], [-74.35460478866386, 44.61648999163299]]]}}, {"type": "Feature", "properties": {"unit": "1.3 - 0.95 Ga granitoids", "category": "Mesoproterozoic", "color": "#fda07a", "appearance_age": 1300, "reworking": true, "magmatic_age": 1300, "host_category": "Mesoproterozoic"}, "geometry": {"type": "Polygon", "coordinates": [[[-73.18680391225739, 42.926804893867946], [-73.2382980038945, 42.84695436228958], [-73.1981317976144, 42.697539357049294], [-73.24733761249526, 42.55989762332407], [-74.12201405217503, 42.15406544620851], [-75.65026189686986, 41.67744051993636], [-75.64351629158949, 41.75728056135069], [-75.54669365167774, 41.863683458488694], [-75.22272035225485, 42.04930950244173], [-75.12734741855901, 42.16765724108665], [-75.295143495569, 42.183982680999804], [-75.05985582566973, 42.35222436466128], [-75.00114148829587, 42.31015272431685], [-75.01255496225863, 42.25453136818926], [-74.75796240713106, 42.22474803764358], [-74.34334752160572, 42.462372611965456], [-74.31159530967116, 42.50259023479741], [-74.34352266810274, 42.53569730773969], [-74.11976339058243, 42.7030601468892], [-73.66909576948837, 42.86493147132891], [-73.57130870562999, 42.81217808908332], [-73.46168679015578, 42.904631948247875], [-73.33819838906886, 42.890120725239825], [-73.16583418350027, 43.03238609212428], [-73.13853409398631, 42.98199412258916], [-73.18680391225739, 42.926804893867946]]]}}, {"type": "Feature", "properties": {"unit": "1.3 - 0.95 Ga granitoids", "category": "Mesoproterozoic", "color": "#fda07a", "appearance_age": 1300, "reworking": true, "magmatic_age": 1300, "host_category": "Mesoproterozoic"}, "geometry": {"type": "Polygon", "coordinates": [[[-72.94376965865077, 42.08852524413347], [-72.99609769498154, 41.95210677382362], [-73.16923565078024, 41.84117300781908], [-73.17452629289484, 42.135867576555306], [-73.3366365994206, 42.082041331419205], [-73.35361547981455, 42.133282532057734], [-73.13518340080623, 42.60623161744968], [-73.02679756217336, 42.64413229610033], [-72.94376965865077, 42.08852524413347]]]}}, {"type": "Feature", "properties": {"unit": "1.3 - 0.95 Ga granitoids", "category": "Mesoproterozoic", "color": "#fda07a", "appearance_age": 1550, "reworking": true, "magmatic_age": 1300, "host_category": "Mesoproterozoic"}, "geometry": {"type": "Polygon", "coordinates": [[[-79.17655942548747, 42.072607146796905], [-79.13231916231166, 42.014572719222926], [-79.26922072169792, 41.79249005761396], [-79.3824038005194, 41.74767009423551], [-79.46398447514879, 41.494835896417314], [-79.72277505136071, 41.26195623683489], [-79.73697060056952, 41.11226992743693], [-79.87458903235928, 41.04571986802009], [-80.06274136593872, 40.79369415230201], [-80.18454299084709, 40.82106903413943], [-80.21791010960291, 40.869220116519294], [-80.10713021130664, 41.11535966196977], [-80.15508796082392, 41.25611960233953], [-80.09830297802989, 41.427640260939256], [-79.82931930141443, 41.58809087486157], [-79.64240103351158, 41.82185326661702], [-79.53444877984802, 42.07929272260137], [-79.56463829524662, 42.165803164303426], [-79.35084526084646, 42.285740458417244], [-79.2228667870993, 42.276266356419505], [-79.17655942548747, 42.072607146796905]]]}}, {"type": "Feature", "properties": {"unit": "1.3 - 0.95 Ga granitoids", "category": "Mesoproterozoic", "color": "#fda07a", "appearance_age": 1550, "reworking": true, "magmatic_age": 1300, "host_category": "Mesoproterozoic"}, "geometry": {"type": "Polygon", "coordinates": [[[-78.41456947409543, 42.67732215033538], [-78.34915826297853, 42.60715566851189], [-78.25023088490997, 42.602871785512676], [-78.4408519251933, 42.48857558851056], [-78.40788945892835, 42.39381766479154], [-78.53189990785071, 42.276627404166824], [-78.53952030479373, 42.138691049851296], [-78.46734583780875, 41.950973418970634], [-78.48071178203502, 41.828242639966284], [-78.64612407120552, 41.5864390321536], [-78.70937617428652, 41.3544465507471], [-78.64372819357312, 41.22880225487034], [-78.98048675878584, 41.07772922928454], [-79.49458192860638, 40.69555033901642], [-79.32551397792403, 40.99823578882607], [-78.94436489960293, 41.176357646538534], [-79.10875186036704, 41.17836832494635], [-79.18568747403441, 41.23675124837266], [-78.87460809318881, 41.71310047729705], [-78.93917021886014, 41.8652690326211], [-78.88948297710682, 42.03324255225598], [-79.09379492254233, 42.26247992968615], [-79.09867675840015, 42.374002825886784], [-78.84126322908476, 42.353110518309585], [-78.6151205528674, 42.49426904878485], [-78.60448162369428, 42.67867447681003], [-78.71290593778184, 42.69116733754657], [-78.73353389685003, 42.774784170205955], [-78.64863039973596, 42.90251009909797], [-78.52483493308418, 42.94041441029255], [-78.39159122458675, 42.763555640198156], [-78.41456947409543, 42.67732215033538]]]}}, {"type": "Feature", "properties": {"unit": "1.3 - 0.95 Ga granitoids", "category": "Mesoproterozoic", "color": "#fda07a", "appearance_age": 1550, "reworking": true, "magmatic_age": 1300, "host_category": "Mesoproterozoic"}, "geometry": {"type": "Polygon", "coordinates": [[[-78.10964994147855, 43.236982221564844], [-78.13570354394072, 43.13015228246133], [-77.97780813318461, 43.030433142088576], [-78.19258697963086, 42.7678280867261], [-78.38652932482937, 42.881893713338556], [-78.36556472030786, 43.09948166700661], [-78.59756730787565, 43.08356168773463], [-78.48788802574505, 43.3307138317881], [-78.37939251845656, 43.31494363803248], [-78.32583093826428, 43.252818589847244], [-78.1577567489662, 43.30041585264974], [-78.10964994147855, 43.236982221564844]]]}}, {"type": "Feature", "properties": {"unit": "1.3 - 0.95 Ga granitoids", "category": "Mesoproterozoic", "color": "#fda07a", "appearance_age": 1550, "reworking": true, "magmatic_age": 1300, "host_category": "Mesoproterozoic"}, "geometry": {"type": "Polygon", "coordinates": [[[-81.10729839553933, 41.118331263943034], [-81.04915098553502, 41.14863882896642], [-80.90773725171526, 41.060964642066054], [-80.96944912756881, 40.95711625345149], [-80.96242132697459, 40.74098943628427], [-80.68250209540982, 40.52267379584502], [-80.67920670532298, 40.47266216397021], [-80.80346864698684, 40.33970576338963], [-80.98018091576768, 40.308249382984485], [-80.99694785554426, 40.4099839278139], [-81.07480772128301, 40.48969054371526], [-81.0568519975921, 40.62727489150893], [-81.1669748513173, 40.78511446127679], [-81.10622554428956, 40.90160231599716], [-81.17182611237838, 41.017914053042055], [-81.10729839553933, 41.118331263943034]]]}}, {"type": "Feature", "properties": {"unit": "1.3 - 0.95 Ga granitoids", "category": "Mesoproterozoic", "color": "#fda07a", "appearance_age": 1720, "reworking": true, "magmatic_age": 1300, "host_category": "Paleoproterozoic"}, "geometry": {"type": "Polygon", "coordinates": [[[-104.86717867083725, 39.19667968676961], [-104.59588183437305, 39.29478366503607], [-104.48224861482667, 39.23858950495866], [-104.34456534414082, 39.307562200475], [-104.22447186842126, 39.3073258015838], [-104.2027826053666, 39.24591944239641], [-104.36882697001262, 38.95682950951252], [-104.36103517685683, 38.86227883964688], [-104.1939558316729, 38.827982747531024], [-104.03990795173131, 38.91583259998168], [-103.85653485415429, 38.80075304961118], [-103.45232362871069, 38.948711315416304], [-103.30381718143204, 38.881475111158814], [-103.19421337561796, 38.709200759238314], [-103.54077976949551, 38.725337177952575], [-104.06904016582654, 38.537620206006316], [-104.27388792118249, 38.62655458998288], [-104.34884405849024, 38.5907898088549], [-104.45638055747612, 38.658229090708915], [-104.71866906403888, 38.48707557743021], [-104.8609785796568, 38.52248338340616], [-104.87789851753529, 38.66886826837819], [-104.94641669227731, 38.69622573575158], [-105.09116561039231, 38.659757095326086], [-105.26307424613752, 38.853008980250955], [-105.29147642648857, 39.0475699304355], [-105.39805147909858, 39.05976916713908], [-105.39290140658838, 39.175025548561045], [-105.4450191150678, 39.25497042480124], [-105.18031862602763, 39.4333998726016], [-104.89935823439515, 39.343007326579205], [-104.86717867083725, 39.19667968676961]]]}}, {"type": "Feature", "properties": {"unit": "1.3 - 0.95 Ga granitoids", "category": "Mesoproterozoic", "color": "#fda07a", "appearance_age": 1300, "reworking": true, "magmatic_age": 1300, "host_category": "Mesoproterozoic"}, "geometry": {"type": "Polygon", "coordinates": [[[-75.06485654760351, 40.64715904190021], [-75.63053807392096, 40.412730758660096], [-75.85226777639619, 40.40910407120477], [-75.79050965221369, 40.48111552196162], [-75.28220758678914, 40.68392722138519], [-75.115113423574, 40.69823831530374], [-75.06485654760351, 40.64715904190021]]]}}, {"type": "Feature", "properties": {"unit": "1.3 - 0.95 Ga granitoids", "category": "Mesoproterozoic", "color": "#fda07a", "appearance_age": 1300, "reworking": true, "magmatic_age": 1300, "host_category": "Mesoproterozoic"}, "geometry": {"type": "Polygon", "coordinates": [[[-73.5553283651851, 41.511066585501666], [-73.42376480255815, 41.529301138654276], [-73.36982870512153, 41.485019048119916], [-73.4801328266314, 41.31691906054488], [-73.77238666279482, 41.29042132161317], [-74.07722264807886, 41.16768941897579], [-74.5683347150975, 40.75604211692655], [-74.86355570246577, 40.63661919701938], [-75.01505963758, 40.62625273874266], [-75.115113423574, 40.69823831530374], [-75.1083478991567, 40.7615371316633], [-74.95096630932437, 40.93317452516944], [-74.6177475357524, 41.09297724009816], [-74.49004677437273, 41.28233755178284], [-74.39253713286224, 41.34631392938943], [-74.31634948100664, 41.36216964003072], [-74.39876275874549, 41.19819180993342], [-73.98028967212186, 41.454762828915484], [-73.58664431770005, 41.615702012223416], [-73.5553283651851, 41.511066585501666]]]}}, {"type": "Feature", "properties": {"unit": "1.3 - 0.95 Ga granitoids", "category": "Mesoproterozoic", "color": "#fda07a", "appearance_age": 1690, "reworking": true, "magmatic_age": 1300, "host_category": "Paleoproterozoic"}, "geometry": {"type": "Polygon", "coordinates": [[[-58.801849975429356, 51.64446594375134], [-58.90147752534463, 51.59675601928791], [-59.0201378970391, 51.641897000868966], [-58.92659616934875, 51.675467850506216], [-58.801849975429356, 51.64446594375134]]]}}, {"type": "Feature", "properties": {"unit": "1.3 - 0.95 Ga granitoids", "category": "Mesoproterozoic", "color": "#fda07a", "appearance_age": 1690, "reworking": true, "magmatic_age": 1300, "host_category": "Paleoproterozoic"}, "geometry": {"type": "Polygon", "coordinates": [[[-61.20452519075896, 51.95842559852695], [-61.29075543651029, 51.94310711454662], [-61.32814819455671, 51.987518118425974], [-61.15471454179885, 52.146779347722614], [-61.100858972549474, 52.10944396634279], [-61.20452519075896, 51.95842559852695]]]}}, {"type": "Feature", "properties": {"unit": "1.3 - 0.95 Ga granitoids", "category": "Mesoproterozoic", "color": "#fda07a", "appearance_age": 1550, "reworking": true, "magmatic_age": 1300, "host_category": "Mesoproterozoic"}, "geometry": {"type": "Polygon", "coordinates": [[[-76.69420311279973, 44.44577990220976], [-76.77833404051557, 44.50012424161255], [-76.69434258377377, 44.692591118438806], [-76.41020533872985, 44.92032318577719], [-76.44517373734944, 44.8056815002299], [-76.53006315440089, 44.726354796585376], [-76.4849533286756, 44.638774352745], [-76.50498486329857, 44.548009233511166], [-76.56388393827874, 44.471088022452676], [-76.69420311279973, 44.44577990220976]]]}}, {"type": "Feature", "properties": {"unit": "1.3 - 0.95 Ga granitoids", "category": "Mesoproterozoic", "color": "#fda07a", "appearance_age": 1300, "reworking": true, "magmatic_age": 1300, "host_category": "Mesoproterozoic"}, "geometry": {"type": "Polygon", "coordinates": [[[-75.81811203342005, 44.75086802110948], [-75.89633577829713, 44.67594504442338], [-76.00887624989647, 44.689089409745925], [-75.87646367989493, 44.82302016287581], [-75.81328589381013, 44.816843329362925], [-75.81811203342005, 44.75086802110948]]]}}, {"type": "Feature", "properties": {"unit": "1.3 - 0.95 Ga granitoids", "category": "Mesoproterozoic", "color": "#fda07a", "appearance_age": 1300, "reworking": true, "magmatic_age": 1300, "host_category": "Mesoproterozoic"}, "geometry": {"type": "Polygon", "coordinates": [[[-73.44277450973843, 43.84672129667475], [-73.34578052627255, 43.84921064243818], [-73.35013138143717, 43.785352115062196], [-73.48894672593629, 43.78550634151472], [-73.44277450973843, 43.84672129667475]]]}}, {"type": "Feature", "properties": {"unit": "1.3 - 0.95 Ga granitoids", "category": "Mesoproterozoic", "color": "#fda07a", "appearance_age": 1300, "reworking": true, "magmatic_age": 1300, "host_category": "Mesoproterozoic"}, "geometry": {"type": "Polygon", "coordinates": [[[-73.65742834224287, 43.51978160342502], [-73.69953264931512, 43.48549580026832], [-73.82287340217444, 43.520470901570754], [-73.89218487659446, 43.69864016099934], [-73.76361997542142, 43.68371722314488], [-73.7533882257867, 43.587198221918065], [-73.65742834224287, 43.51978160342502]]]}}, {"type": "Feature", "properties": {"unit": "1.3 - 0.95 Ga granitoids", "category": "Mesoproterozoic", "color": "#fda07a", "appearance_age": 1300, "reworking": true, "magmatic_age": 1300, "host_category": "Mesoproterozoic"}, "geometry": {"type": "Polygon", "coordinates": [[[-74.17762559718597, 43.52004656491183], [-74.15129502608016, 43.6243751697468], [-73.95998746223538, 43.70521871086331], [-73.98491942006117, 43.601680267731346], [-74.17762559718597, 43.52004656491183]]]}}, {"type": "Feature", "properties": {"unit": "1.3 - 0.95 Ga granitoids", "category": "Mesoproterozoic", "color": "#fda07a", "appearance_age": 1300, "reworking": true, "magmatic_age": 1300, "host_category": "Mesoproterozoic"}, "geometry": {"type": "Polygon", "coordinates": [[[-73.92357689502441, 43.521765690199096], [-73.95365262803188, 43.47658674979662], [-73.59050524493082, 43.41702333501307], [-73.79873648832724, 43.33451269585223], [-74.0191324107685, 43.38417419278559], [-74.1875898600754, 43.34025235785418], [-74.99561486933415, 43.3774077010673], [-74.74349824839759, 43.448850082277154], [-74.15506901116724, 43.44860134556521], [-73.92357689502441, 43.521765690199096]]]}}, {"type": "Feature", "properties": {"unit": "1.3 - 0.95 Ga granitoids", "category": "Mesoproterozoic", "color": "#fda07a", "appearance_age": 1300, "reworking": true, "magmatic_age": 1300, "host_category": "Mesoproterozoic"}, "geometry": {"type": "Polygon", "coordinates": [[[-75.56868001851088, 43.218131777914984], [-75.54622157673394, 43.138214003251576], [-75.4761915550393, 43.116647836065034], [-75.15993602087428, 43.17554358223078], [-75.38691707363593, 42.91542283467956], [-75.53608575574364, 42.83129716807329], [-75.6994397022968, 42.95873087947985], [-75.61598790594226, 43.22889158866723], [-75.56868001851088, 43.218131777914984]]]}}, {"type": "Feature", "properties": {"unit": "1.3 - 0.95 Ga granitoids", "category": "Mesoproterozoic", "color": "#fda07a", "appearance_age": 1300, "reworking": true, "magmatic_age": 1300, "host_category": "Mesoproterozoic"}, "geometry": {"type": "Polygon", "coordinates": [[[-74.8812043100852, 43.30365949433792], [-75.20637355151871, 43.21980539096295], [-75.24492229483167, 43.236540302684034], [-75.13013011402424, 43.321625794417166], [-74.8812043100852, 43.30365949433792]]]}}, {"type": "Feature", "properties": {"unit": "1.3 - 0.95 Ga granitoids", "category": "Mesoproterozoic", "color": "#fda07a", "appearance_age": 1300, "reworking": true, "magmatic_age": 1300, "host_category": "Mesoproterozoic"}, "geometry": {"type": "Polygon", "coordinates": [[[-74.60168280776229, 43.042137451208134], [-74.53714607628044, 43.12946586753081], [-74.4380778830028, 43.16718259333175], [-74.19323317261605, 43.19638119058111], [-74.01568856478795, 43.134182900003985], [-74.22604484142671, 43.042416173404035], [-74.38890088758124, 43.07610274475767], [-74.35428635116502, 42.904833350950334], [-74.39580191646525, 42.80771406055276], [-74.28333149722016, 42.733812739911116], [-74.35055871528168, 42.68421611709791], [-74.43116504839416, 42.706906689410445], [-74.56353666221054, 42.86344121204175], [-74.7574867971805, 42.93287875598524], [-74.85228826459146, 42.86485481088168], [-74.89540371256946, 42.75118612570721], [-75.17538927064605, 42.793040340874356], [-75.23044112106548, 42.58504497571659], [-75.52109377686045, 42.63611751886774], [-75.46940257922678, 42.723533056908856], [-75.27106697599017, 42.80288800097002], [-75.1523397432033, 42.96728949564941], [-75.13309059278495, 43.07553681457462], [-75.07571188256443, 43.049915618136126], [-75.02905527203376, 42.93637730611144], [-74.93174202632179, 42.915856530493016], [-74.88257931419157, 43.00809521262668], [-75.00361954247946, 43.11793452609978], [-74.95518543381243, 43.211560406942084], [-74.85457681371524, 43.1801251878308], [-74.76872439083176, 43.077268701412386], [-74.60168280776229, 43.042137451208134]]]}}, {"type": "Feature", "properties": {"unit": "1.3 - 0.95 Ga granitoids", "category": "Mesoproterozoic", "color": "#fda07a", "appearance_age": 1300, "reworking": true, "magmatic_age": 1300, "host_category": "Mesoproterozoic"}, "geometry": {"type": "Polygon", "coordinates": [[[-72.68005688086289, 42.858444280676], [-72.72959652884397, 42.80983845969942], [-72.82131442078246, 42.80053381663262], [-72.75845780213365, 42.967122062479476], [-72.68005688086289, 42.858444280676]]]}}, {"type": "Feature", "properties": {"unit": "1.3 - 0.95 Ga granitoids", "category": "Mesoproterozoic", "color": "#fda07a", "appearance_age": 1300, "reworking": true, "magmatic_age": 1300, "host_category": "Mesoproterozoic"}, "geometry": {"type": "Polygon", "coordinates": [[[-72.79397079829998, 43.15320136525206], [-72.82304667778575, 43.01974493546616], [-72.99494746143938, 42.750693591942785], [-73.06706934614886, 42.91737022238236], [-73.04095414659824, 42.99013718694209], [-72.79397079829998, 43.15320136525206]]]}}, {"type": "Feature", "properties": {"unit": "1.3 - 0.95 Ga granitoids", "category": "Mesoproterozoic", "color": "#fda07a", "appearance_age": 1550, "reworking": true, "magmatic_age": 1300, "host_category": "Mesoproterozoic"}, "geometry": {"type": "Polygon", "coordinates": [[[-81.62683133961465, 36.84922144068199], [-81.75858899157392, 36.767948698660014], [-81.79925555977213, 36.862129483989115], [-81.93393536448835, 36.867559118811954], [-82.43846555833692, 36.65715269277996], [-82.56786812905652, 36.42928544755108], [-82.88468961836699, 36.135575731165794], [-83.04190954891078, 36.07630795423012], [-83.1618173429563, 36.12264291724004], [-83.06467374203717, 36.28290682638078], [-82.7861122715586, 36.403093278336364], [-82.90369600002973, 36.510360919441744], [-82.80967630843028, 36.648295413665124], [-82.89991173450022, 36.72267193907797], [-82.75743354626245, 36.850143942175976], [-82.34589039722675, 36.94500282092295], [-82.19265461780842, 37.033135199306855], [-82.0362520384942, 37.23116829683572], [-82.11723905872479, 37.457060859450806], [-81.51615397897729, 38.03311423495099], [-81.20235015316632, 38.25356672177096], [-81.22135833076003, 37.78034583249548], [-81.45174736127298, 37.63348097059401], [-81.53722850079704, 37.520576994754215], [-81.5828058651646, 37.31772597920728], [-81.54917400487028, 37.194313627453056], [-81.61351640397825, 37.08211232239399], [-81.53831502810968, 36.993546066597226], [-81.62683133961465, 36.84922144068199]]]}}, {"type": "Feature", "properties": {"unit": "1.3 - 0.95 Ga granitoids", "category": "Mesoproterozoic", "color": "#fda07a", "appearance_age": 1300, "reworking": true, "magmatic_age": 1300, "host_category": "Mesoproterozoic"}, "geometry": {"type": "Polygon", "coordinates": [[[-80.04070720578768, 37.11025677400122], [-79.8555233360768, 37.25330515975038], [-79.69548874409479, 37.26162015864139], [-79.47294193679775, 37.395028730624674], [-79.44486036287235, 37.47319978619124], [-78.98511150804482, 37.90259668893724], [-78.60576805005262, 38.01230035402552], [-78.87227256893233, 37.680659282375366], [-79.38527822547465, 37.34788293854144], [-79.53448342023472, 37.32855670468835], [-79.8845275653642, 37.13219069004817], [-80.04070720578768, 37.11025677400122]]]}}, {"type": "Feature", "properties": {"unit": "1.3 - 0.95 Ga granitoids", "category": "Mesoproterozoic", "color": "#fda07a", "appearance_age": 1300, "reworking": true, "magmatic_age": 1300, "host_category": "Mesoproterozoic"}, "geometry": {"type": "Polygon", "coordinates": [[[-77.44272246936616, 39.204523312195384], [-77.50772532093988, 39.20958863826691], [-77.72889043448886, 38.88528655885531], [-78.1233248009864, 38.49804626456069], [-78.28121179905364, 38.22210522422082], [-78.45284866253085, 38.07227656812077], [-78.60576805005262, 38.01230035402552], [-78.56214789141139, 38.143260377741306], [-78.27984257731141, 38.42904804641973], [-78.30740248409808, 38.530543380829826], [-78.16962399576722, 38.669173899723425], [-78.13275989997965, 38.771720103847436], [-77.83098665357284, 38.901075432088774], [-77.54900034350194, 39.277369482319], [-77.4254768509702, 39.37067530252855], [-77.44272246936616, 39.204523312195384]]]}}, {"type": "Feature", "properties": {"unit": "1.3 - 0.95 Ga granitoids", "category": "Mesoproterozoic", "color": "#fda07a", "appearance_age": 1300, "reworking": true, "magmatic_age": 1300, "host_category": "Mesoproterozoic"}, "geometry": {"type": "Polygon", "coordinates": [[[-74.07707842035423, 46.25927202280629], [-73.95156793929193, 46.21087150129122], [-73.96167411192818, 46.07372128873971], [-73.85671359092103, 45.829762201097246], [-73.9059511776573, 45.725993679691825], [-73.86813836856791, 45.66170504850705], [-73.95471319402573, 45.54951126922442], [-73.87802676349324, 45.47375147852404], [-73.99688700512854, 45.385246723844034], [-74.01727243437617, 45.30983901755009], [-73.93631656614869, 45.152771317356475], [-73.8553153121392, 45.10931929956228], [-73.87457276701265, 45.2728373808709], [-73.70401785185112, 45.381680887487406], [-73.31122318033448, 45.30099354596194], [-73.07355612925171, 45.38589085455739], [-72.94999833651359, 45.307163350970974], [-73.09089585168412, 45.04698486630647], [-72.96200081289767, 44.82783148441656], [-73.08118614990246, 44.447208674506655], [-73.26505184964898, 44.47240611265296], [-73.36114154939725, 44.32068447696718], [-73.35065243791931, 44.20273571432603], [-73.59285832591166, 44.150152045877036], [-73.57269300308607, 43.932307739002134], [-73.77498646017628, 43.86938206520513], [-73.63743897014169, 43.78454776571174], [-73.7495730849196, 43.75191241904323], [-74.10007301740204, 43.859456304378305], [-74.28010571380057, 43.85439713866628], [-74.08823127316528, 43.79220903460253], [-74.22530709139497, 43.768981087807695], [-74.29694295876995, 43.636214112969185], [-74.47903142635393, 43.52413589616667], [-74.39213161040371, 43.727373298291695], [-74.6925525092809, 43.674396528700804], [-75.05552323058475, 43.459808799922286], [-75.35697796381511, 43.405041931017244], [-75.44002086462018, 43.311223873503465], [-75.8759966060127, 43.236933579497006], [-75.89034823278269, 43.20903080063862], [-75.74735113835746, 43.1321206021683], [-75.75981320043121, 42.99494428982496], [-75.96253689457255, 43.112394585727095], [-76.09303235622451, 43.123968060742556], [-76.31927310098239, 43.03784975484228], [-76.47717801392734, 42.8372547491568], [-76.45400654667674, 42.97988408733184], [-76.49136054166074, 43.02496101170561], [-76.71158729259601, 42.70546127515784], [-76.8223921833185, 42.80502228441956], [-76.97656987389269, 42.7992955170201], [-77.05467097641473, 42.72154215591549], [-77.33742869353763, 42.76657373747965], [-77.24140644303486, 42.656923315111435], [-77.06994678397109, 42.634455460810386], [-77.0950917223212, 42.57388446350328], [-77.18567962266332, 42.556941563015066], [-77.18335652299986, 42.49306236743453], [-76.99834567888703, 42.33343478002398], [-76.93635716073102, 42.21220056186578], [-77.07732695880976, 42.03970785321319], [-76.84847022956798, 41.92036874801383], [-76.60797935341857, 41.96675583132926], [-76.20379627458011, 42.1901369416374], [-75.96651584144809, 42.4803787086826], [-75.97290668962417, 42.52654671963142], [-76.17019944501976, 42.570349202826], [-76.25622021285793, 42.661432079442925], [-76.45209581919481, 42.65586127666285], [-76.57671999273184, 42.7065894950048], [-76.58878185965864, 42.76516950684737], [-76.36701450015366, 42.86735946174399], [-76.31548388435506, 42.86103119270147], [-76.28880804293281, 42.776797580296495], [-76.16352839170104, 42.77777729767228], [-76.06625827144072, 42.72263247957446], [-75.89963436648792, 42.758844541659855], [-75.8206214674467, 42.56206571168582], [-75.69757949877352, 42.607687727461574], [-75.6371605117198, 42.53434624892557], [-75.3710749719402, 42.47990109158721], [-75.3318943870959, 42.42120061935123], [-75.68121124664779, 42.35419202564519], [-75.57042537629258, 42.16392312818684], [-75.74197373029988, 41.9507464700843], [-75.99364817530116, 41.96114392057407], [-75.97234825875165, 41.86459719765685], [-76.06418218330981, 41.770880024066955], [-76.00558948270947, 41.63017986122243], [-75.92883555663433, 41.58234577968611], [-76.88429996406539, 41.202397512439916], [-77.81971383078418, 41.04126728152948], [-76.93488653535852, 41.378073011196655], [-77.07339978698008, 41.75571160936038], [-77.56438569621918, 41.64000964685999], [-78.25355504613255, 41.3907103053223], [-78.07240993192822, 41.58056825476207], [-77.45924969218272, 41.800664904377385], [-77.50340270032721, 41.86067009567786], [-77.9051206631231, 41.83740837726857], [-77.97637536955908, 41.89277164038923], [-77.92443220285152, 42.0039083458773], [-77.68423377802371, 42.11387705579843], [-77.53309247417425, 42.277743670675], [-77.76438449998628, 42.39361765710401], [-77.52264025746133, 42.42591408629357], [-77.44705471644372, 42.53701175444555], [-77.50829092153285, 42.619331340698594], [-77.64213529353867, 42.5276234068262], [-77.74305472340187, 42.711210159063924], [-77.87882891024486, 42.681720941947056], [-77.94392046080775, 42.74219709301587], [-77.88635680897089, 42.91834170305988], [-77.9661676047657, 43.04850060715716], [-77.77181808938356, 43.347749655525], [-77.53288684061837, 43.283258520479755], [-77.66902025291931, 43.0935480846598], [-77.37524065499461, 42.95835949965129], [-77.05886298230803, 42.96382071469115], [-77.1433737680985, 43.08573267406027], [-77.35859422564077, 43.13780384890955], [-77.31094384623896, 43.19187633402043], [-77.0509986930835, 43.165667092738815], [-77.1016086804004, 43.27476041236596], [-77.03882599185815, 43.29471285631568], [-76.97004977108823, 43.27275653441841], [-76.89907333834368, 43.00983239286629], [-76.74003476566557, 43.00307998508197], [-76.42375557139052, 43.27923454429852], [-76.00250811579456, 43.43064346096781], [-75.79965484887938, 43.36763624076517], [-75.36146010512115, 43.425538898844756], [-74.87950217735008, 43.65815321180925], [-74.44663872514344, 43.7962782672165], [-74.78149067700653, 43.770084347253636], [-74.4357728438319, 43.90560409434284], [-74.69019803240792, 43.885738727083954], [-75.23164159968422, 43.57414272039736], [-74.80698426564655, 43.91935328044892], [-74.66651950463498, 43.96519660203034], [-74.04584811054872, 43.95448866306598], [-74.04806786693554, 43.99834036635723], [-74.27019163899298, 44.098651292741856], [-74.37515069309912, 44.05975458259437], [-74.74359115202633, 44.07754471950431], [-75.02863936546666, 43.9311232025481], [-75.2985639692046, 43.71185989163191], [-75.393202695987, 43.70681032984456], [-75.3944158710419, 43.7652475451384], [-75.62563740514557, 43.73457765464609], [-75.91953315767846, 43.58476460987081], [-76.12400490764735, 43.548031993622885], [-75.60289574800768, 44.02570905523967], [-75.28723044696275, 44.18715381539977], [-75.16222163158704, 44.31095075710205], [-75.08731925981678, 44.16168085748548], [-74.98744347158058, 44.132148611457794], [-74.65970631227675, 44.188006360460776], [-74.61044732330006, 44.1329124301039], [-74.2916530759084, 44.10390655023258], [-74.32463345612524, 44.14388596821287], [-74.56065104783046, 44.166469487002466], [-74.44409320632927, 44.21085704301551], [-74.38649832035514, 44.39643139793563], [-74.13316850055052, 44.45708637637974], [-74.17186154600492, 44.59164395646642], [-74.07240435465737, 44.62431404289187], [-73.9891095687162, 44.60186794234982], [-73.85258051070113, 44.46485952560355], [-73.67666884469516, 44.46475734274338], [-73.5418347516738, 44.27603978648236], [-73.48743490960804, 44.29344108301811], [-73.44832914564114, 44.48635163290395], [-73.66497077365631, 44.64085801756708], [-73.50792466516991, 44.70726929838886], [-73.43117543920889, 44.84234654063769], [-73.71134429671349, 44.7569391064851], [-73.92162113084593, 44.82026636961593], [-74.36519896017799, 44.80400599839373], [-74.39594609566426, 44.90147723405834], [-74.49082566903833, 44.93772392581304], [-74.66678022893859, 44.916567273910374], [-74.75711352817845, 44.85415740690367], [-74.84529575209865, 44.90095196264687], [-74.76416737785094, 45.019392382714216], [-74.58755005254666, 45.10895912220489], [-74.47595770618709, 45.09780656378127], [-74.46365948302723, 45.03477310569374], [-74.38940348731428, 45.02832065853018], [-74.34273346438046, 45.21395371774515], [-74.40177499658384, 45.32874126824705], [-74.34320665631164, 45.44294812910414], [-74.40617323011261, 45.47522337753344], [-74.52524796314368, 45.391375832361994], [-74.76053689155631, 45.47912873378045], [-74.69728479753047, 45.26302814208719], [-74.7529997264211, 45.189160486482], [-74.95416348901436, 45.31744037966355], [-75.01522891326327, 45.55220317706178], [-74.88888722168198, 45.989282936724656], [-74.6714318604116, 46.14476695851645], [-74.64157955353946, 46.31457242484311], [-74.57051493610979, 46.30354916873951], [-74.4932826180349, 46.196626788747785], [-74.39174763291672, 46.304001285327644], [-74.33588701759723, 46.30235359142831], [-74.34012506542304, 46.1578699332155], [-74.22013138927062, 46.12100260579898], [-74.16762360918923, 46.21443723978355], [-74.20805350511822, 46.30292212530269], [-74.07707842035423, 46.25927202280629]], [[-73.72916228485734, 45.07242226971077], [-73.50115233518828, 45.02346811113418], [-73.31343977394036, 45.13460597513155], [-73.35432365562748, 45.177043216118236], [-73.58121676346626, 45.204351666356374], [-73.72916228485734, 45.07242226971077]]]}}]}